<?xml version="1.0" encoding="UTF-8"?>
<!DOCTYPE mapper PUBLIC "-//mybatis.org//DTD Mapper 3.0//EN" "http://mybatis.org/dtd/mybatis-3-mapper.dtd">
<mapper namespace="org.dfzt.mapper.AcCountyMapper">

    <resultMap type="org.dfzt.entity.po.AcCounty" id="AcCountyMap">
        <result property="id" column="id" jdbcType="INTEGER"/>
        <result property="countyName" column="county_name" jdbcType="VARCHAR"/>
        <result property="tgPoint" column="tg_point" jdbcType="VARCHAR"/>
        <result property="dateDm" column="date_dm" jdbcType="VARCHAR"/>
        <result property="dataDate" column="data_date" jdbcType="TIMESTAMP"/>
        <result property="colSuccRate" column="col_succ_rate" jdbcType="NUMERIC"/>
        <result property="colSuccPoint" column="col_succ_point" jdbcType="INTEGER"/>
        <result property="colFailRate" column="col_fail_rate" jdbcType="NUMERIC"/>
        <result property="colFailPoint" column="col_fail_point" jdbcType="INTEGER"/>
        <result property="costconComeRate" column="costcon_come_rate" jdbcType="NUMERIC"/>
        <result property="costconComePoint" column="costcon_come_point" jdbcType="INTEGER"/>
        <result property="costconStopRate" column="costcon_stop_rate" jdbcType="NUMERIC"/>
        <result property="costconStopPoint" column="costcon_stop_point" jdbcType="INTEGER"/>
        <result property="autoPublishRate" column="auto_publish_rate" jdbcType="NUMERIC"/>
        <result property="autoPublishPoint" column="auto_publish_point" jdbcType="INTEGER"/>
        <result property="lowLinelossRate" column="low_lineloss_rate" jdbcType="NUMERIC"/>
        <result property="lowLinelossPoint" column="low_lineloss_point" jdbcType="INTEGER"/>
        <result property="highlossTgRate" column="highloss_tg_rate" jdbcType="NUMERIC"/>
        <result property="highlossTgPoint" column="highloss_tg_point" jdbcType="INTEGER"/>
        <result property="lowlossTgRate" column="lowloss_tg_rate" jdbcType="NUMERIC"/>
        <result property="lowlossTgPoint" column="lowloss_tg_point" jdbcType="INTEGER"/>
        <result property="econrunTgRate" column="econrun_tg_rate" jdbcType="NUMERIC"/>
        <result property="econrunTgPoint" column="econrun_tg_point" jdbcType="INTEGER"/>
        <result property="tgHandleRate" column="tg_handle_rate" jdbcType="NUMERIC"/>
        <result property="tgHandlePoint" column="tg_handle_point" jdbcType="INTEGER"/>
        <result property="powerfeesZeroRate" column="powerfees_zero_rate" jdbcType="NUMERIC"/>
        <result property="powerfeesZeroPoint" column="powerfees_zero_point" jdbcType="INTEGER"/>
        <result property="exceptTgNum" column="except_tg_num" jdbcType="INTEGER"/>
        <result property="exceptTgPoint" column="except_tg_point" jdbcType="INTEGER"/>
        <result property="powerbackHandleRate" column="powerback_handle_rate" jdbcType="NUMERIC"/>
        <result property="powerbackHandlePoint" column="powerback_handle_point" jdbcType="INTEGER"/>
        <result property="complaintWorkorderNum" column="complaint_workorder_num" jdbcType="INTEGER"/>
        <result property="complaintWorkorderPoint" column="complaint_workorder_point" jdbcType="INTEGER"/>
        <result property="repairSceneRate" column="repair_scene_rate" jdbcType="NUMERIC"/>
        <result property="repairScenePoint" column="repair_scene_point" jdbcType="INTEGER"/>
        <result property="meterHandleRate" column="meter_handle_rate" jdbcType="NUMERIC"/>
        <result property="meterHandlePoint" column="meter_handle_point" jdbcType="INTEGER"/>
        <result property="toPoint" column="to_point" jdbcType="VARCHAR"/>
        <result property="ranking" column="ranking" jdbcType="VARCHAR"/>
    </resultMap>

    <!-- 批量插入 -->
    <insert id="insertBatch" keyProperty="id" useGeneratedKeys="true">
        insert into dfzt_boot.ac_county(county_name, tg_name, system_time, col_succ_rate, col_succ_point, col_fail_rate,
        col_fail_point, costcon_come_rate, costcon_come_point, costcon_stop_rate, costcon_stop_point, auto_publish_rate,
        auto_publish_point, low_lineloss_rate, low_lineloss_point, highloss_tg_rate, highloss_tg_point, lowloss_tg_rate,
        lowloss_tg_point, econrun_tg_rate, econrun_tg_point, tg_handle_rate, tg_handle_point, powerfees_zero_rate,
        powerfees_zero_point, except_tg_num, except_tg_point, powerback_handle_rate, powerback_handle_point,
        complaint_workorder_num, complaint_workorder_point, repair_scene_rate, repair_scene_point, meter_handle_rate,
        meter_handle_point, to_point)
        values
        <foreach collection="entities" item="entity" separator=",">
            (#{entity.countyName}, #{entity.tgName}, #{entity.date}, #{entity.colSuccRate}, #{entity.colSuccPoint},
            #{entity.colFailRate}, #{entity.colFailPoint}, #{entity.costconComeRate}, #{entity.costconComePoint},
            #{entity.costconStopRate}, #{entity.costconStopPoint}, #{entity.autoPublishRate},
            #{entity.autoPublishPoint}, #{entity.lowLinelossRate}, #{entity.lowLinelossPoint}, #{entity.highlossTgRate},
            #{entity.highlossTgPoint}, #{entity.lowlossTgRate}, #{entity.lowlossTgPoint}, #{entity.econrunTgRate},
            #{entity.econrunTgPoint}, #{entity.tgHandleRate}, #{entity.tgHandlePoint}, #{entity.powerfeesZeroRate},
            #{entity.powerfeesZeroPoint}, #{entity.exceptTgNum}, #{entity.exceptTgPoint}, #{entity.powerbackHandleRate},
            #{entity.powerbackHandlePoint}, #{entity.complaintWorkorderNum}, #{entity.complaintWorkorderPoint},
            #{entity.repairSceneRate}, #{entity.repairScenePoint}, #{entity.meterHandleRate},
            #{entity.meterHandlePoint}, #{entity.toPoint})
        </foreach>
    </insert>
    <!-- 批量插入或按主键更新 -->
    <insert id="insertOrUpdateBatch" keyProperty="id" useGeneratedKeys="true">
        insert into dfzt_boot.ac_county(county_name, tg_name, system_time, col_succ_rate, col_succ_point, col_fail_rate,
        col_fail_point, costcon_come_rate, costcon_come_point, costcon_stop_rate, costcon_stop_point, auto_publish_rate,
        auto_publish_point, low_lineloss_rate, low_lineloss_point, highloss_tg_rate, highloss_tg_point, lowloss_tg_rate,
        lowloss_tg_point, econrun_tg_rate, econrun_tg_point, tg_handle_rate, tg_handle_point, powerfees_zero_rate,
        powerfees_zero_point, except_tg_num, except_tg_point, powerback_handle_rate, powerback_handle_point,
        complaint_workorder_num, complaint_workorder_point, repair_scene_rate, repair_scene_point, meter_handle_rate,
        meter_handle_point, to_point)
        values
        <foreach collection="entities" item="entity" separator=",">
            (#{entity.countyName}, #{entity.tgName}, #{entity.date}, #{entity.colSuccRate}, #{entity.colSuccPoint},
            #{entity.colFailRate}, #{entity.colFailPoint}, #{entity.costconComeRate}, #{entity.costconComePoint},
            #{entity.costconStopRate}, #{entity.costconStopPoint}, #{entity.autoPublishRate},
            #{entity.autoPublishPoint}, #{entity.lowLinelossRate}, #{entity.lowLinelossPoint}, #{entity.highlossTgRate},
            #{entity.highlossTgPoint}, #{entity.lowlossTgRate}, #{entity.lowlossTgPoint}, #{entity.econrunTgRate},
            #{entity.econrunTgPoint}, #{entity.tgHandleRate}, #{entity.tgHandlePoint}, #{entity.powerfeesZeroRate},
            #{entity.powerfeesZeroPoint}, #{entity.exceptTgNum}, #{entity.exceptTgPoint}, #{entity.powerbackHandleRate},
            #{entity.powerbackHandlePoint}, #{entity.complaintWorkorderNum}, #{entity.complaintWorkorderPoint},
            #{entity.repairSceneRate}, #{entity.repairScenePoint}, #{entity.meterHandleRate},
            #{entity.meterHandlePoint}, #{entity.toPoint})
        </foreach>
        on duplicate key update
        county_name = values(county_name) , tg_name = values(tg_name) , system_time = values(system_time) , col_succ_rate =
        values(col_succ_rate) , col_succ_point = values(col_succ_point) , col_fail_rate = values(col_fail_rate) ,
        col_fail_point = values(col_fail_point) , costcon_come_rate = values(costcon_come_rate) , costcon_come_point =
        values(costcon_come_point) , costcon_stop_rate = values(costcon_stop_rate) , costcon_stop_point =
        values(costcon_stop_point) , auto_publish_rate = values(auto_publish_rate) , auto_publish_point =
        values(auto_publish_point) , low_lineloss_rate = values(low_lineloss_rate) , low_lineloss_point =
        values(low_lineloss_point) , highloss_tg_rate = values(highloss_tg_rate) , highloss_tg_point =
        values(highloss_tg_point) , lowloss_tg_rate = values(lowloss_tg_rate) , lowloss_tg_point =
        values(lowloss_tg_point) , econrun_tg_rate = values(econrun_tg_rate) , econrun_tg_point =
        values(econrun_tg_point) , tg_handle_rate = values(tg_handle_rate) , tg_handle_point = values(tg_handle_point) ,
        powerfees_zero_rate = values(powerfees_zero_rate) , powerfees_zero_point = values(powerfees_zero_point) ,
        except_tg_num = values(except_tg_num) , except_tg_point = values(except_tg_point) , powerback_handle_rate =
        values(powerback_handle_rate) , powerback_handle_point = values(powerback_handle_point) ,
        complaint_workorder_num = values(complaint_workorder_num) , complaint_workorder_point =
        values(complaint_workorder_point) , repair_scene_rate = values(repair_scene_rate) , repair_scene_point =
        values(repair_scene_point) , meter_handle_rate = values(meter_handle_rate) , meter_handle_point =
        values(meter_handle_point) , to_point = values(to_point)
    </insert>


    <select id="selectCountyPoint" resultType="org.dfzt.entity.po.AcCounty">
        select * from ac_county where county_name=#{orgName} and date_dm like concat('%',#{datedm},'%')
    </select>

</mapper>

