<?xml version="1.0" encoding="UTF-8" ?>
<!DOCTYPE mapper PUBLIC "-//mybatis.org//DTD Mapper 3.0//EN" "http://mybatis.org/dtd/mybatis-3-mapper.dtd" >
<mapper namespace="org.dfzt.mapper.AchievementsManagerMapper" >
  <resultMap id="BaseResultMap" type="org.dfzt.entity.po.AchievementsManager" >
    <id column="id" property="id" jdbcType="INTEGER" />
    <result column="tg_manager" property="tgManager" jdbcType="VARCHAR" />
    <result column="tg_no" property="tgNo" jdbcType="VARCHAR" />
    <result column="failurecount" property="failurecount" jdbcType="VARCHAR" />
    <result column="data_date" property="dataDate" jdbcType="DATE" />
    <result column="col_succ_rate" property="colSuccRate" jdbcType="DECIMAL" />
    <result column="col_succ_point" property="colSuccPoint" jdbcType="INTEGER" />
    <result column="col_fail_rate" property="colFailRate" jdbcType="DECIMAL" />
    <result column="col_fail_point" property="colFailPoint" jdbcType="INTEGER" />
    <result column="costcon_come_rate" property="costconComeRate" jdbcType="DECIMAL" />
    <result column="costcon_come_point" property="costconComePoint" jdbcType="INTEGER" />
    <result column="costcon_stop_rate" property="costconStopRate" jdbcType="DECIMAL" />
    <result column="costcon_stop_point" property="costconStopPoint" jdbcType="INTEGER" />
    <result column="auto_publish_rate" property="autoPublishRate" jdbcType="DECIMAL" />
    <result column="auto_publish_point" property="autoPublishPoint" jdbcType="INTEGER" />
    <result column="low_lineloss_rate" property="lowLinelossRate" jdbcType="DECIMAL" />
    <result column="low_lineloss_point" property="lowLinelossPoint" jdbcType="INTEGER" />
    <result column="highloss_tg_rate" property="highlossTgRate" jdbcType="DECIMAL" />
    <result column="highloss_tg_point" property="highlossTgPoint" jdbcType="INTEGER" />
    <result column="lowloss_tg_rate" property="lowlossTgRate" jdbcType="DECIMAL" />
    <result column="lowloss_tg_point" property="lowlossTgPoint" jdbcType="INTEGER" />
    <result column="econrun_tg_rate" property="econrunTgRate" jdbcType="DECIMAL" />
    <result column="econrun_tg_point" property="econrunTgPoint" jdbcType="INTEGER" />
    <result column="tg_handle_rate" property="tgHandleRate" jdbcType="DECIMAL" />
    <result column="tg_handle_point" property="tgHandlePoint" jdbcType="INTEGER" />
    <result column="powerfees_zero_rate" property="powerfeesZeroRate" jdbcType="DECIMAL" />
    <result column="powerfees_zero_point" property="powerfeesZeroPoint" jdbcType="INTEGER" />
    <result column="except_tg_num" property="exceptTgNum" jdbcType="INTEGER" />
    <result column="except_tg_point" property="exceptTgPoint" jdbcType="INTEGER" />
    <result column="powerback_handle_rate" property="powerbackHandleRate" jdbcType="DECIMAL" />
    <result column="powerback_handle_point" property="powerbackHandlePoint" jdbcType="INTEGER" />
    <result column="complaint_workorder_num" property="complaintWorkorderNum" jdbcType="INTEGER" />
    <result column="complaint_workorder_point" property="complaintWorkorderPoint" jdbcType="INTEGER" />
    <result column="repair_scene_rate" property="repairSceneRate" jdbcType="DECIMAL" />
    <result column="repair_scene_point" property="repairScenePoint" jdbcType="INTEGER" />
    <result column="meter_handle_rate" property="meterHandleRate" jdbcType="DECIMAL" />
    <result column="meter_handle_point" property="meterHandlePoint" jdbcType="INTEGER" />
    <result column="total_score" property="totalScore" jdbcType="INTEGER" />
    <result column="ac_station_id" property="acStationId" jdbcType="INTEGER" />
    <result column="ac_county_id" property="acCountyId" jdbcType="INTEGER" />
    <result column="rank_no" property="rankNo" jdbcType="INTEGER" />
  </resultMap>
  <sql id="Base_Column_List" >
    id, tg_manager, tg_no, failurecount, data_date, col_succ_rate, col_succ_point, col_fail_rate,
    col_fail_point, costcon_come_rate, costcon_come_point, costcon_stop_rate, costcon_stop_point,
    auto_publish_rate, auto_publish_point, low_lineloss_rate, low_lineloss_point, highloss_tg_rate,
    highloss_tg_point, lowloss_tg_rate, lowloss_tg_point, econrun_tg_rate, econrun_tg_point,
    tg_handle_rate, tg_handle_point, powerfees_zero_rate, powerfees_zero_point, except_tg_num,
    except_tg_point, powerback_handle_rate, powerback_handle_point, complaint_workorder_num,
    complaint_workorder_point, repair_scene_rate, repair_scene_point, meter_handle_rate,
    meter_handle_point,total_score,ac_station_id,ac_county_id,rank_no
  </sql>
  <select id="selectByPrimaryKey" resultMap="BaseResultMap" parameterType="java.lang.Integer" >
    select
    <include refid="Base_Column_List" />
    from achievements_manager
    where id = #{id,jdbcType=INTEGER}
  </select>
  <delete id="deleteByPrimaryKey" parameterType="java.lang.Integer" >
    delete from achievements_manager
    where id = #{id,jdbcType=INTEGER}
  </delete>
  <insert id="insert" parameterType="org.dfzt.entity.po.AchievementsManager" >
    insert into achievements_manager (id, tg_manager, tg_no,
      failurecount, data_date, col_succ_rate,
      col_succ_point, col_fail_rate, col_fail_point,
      costcon_come_rate, costcon_come_point, costcon_stop_rate,
      costcon_stop_point, auto_publish_rate, auto_publish_point,
      low_lineloss_rate, low_lineloss_point, highloss_tg_rate,
      highloss_tg_point, lowloss_tg_rate, lowloss_tg_point,
      econrun_tg_rate, econrun_tg_point, tg_handle_rate,
      tg_handle_point, powerfees_zero_rate, powerfees_zero_point,
      except_tg_num, except_tg_point, powerback_handle_rate,
      powerback_handle_point, complaint_workorder_num,
      complaint_workorder_point, repair_scene_rate,
      repair_scene_point, meter_handle_rate, meter_handle_point,total_score,ac_station_id,ac_county_id
      )
    values (#{id,jdbcType=INTEGER}, #{tgManager,jdbcType=VARCHAR}, #{tgNo,jdbcType=VARCHAR},
      #{failurecount,jdbcType=VARCHAR}, #{dataDate,jdbcType=TIMESTAMP}, #{colSuccRate,jdbcType=DECIMAL},
      #{colSuccPoint,jdbcType=INTEGER}, #{colFailRate,jdbcType=DECIMAL}, #{colFailPoint,jdbcType=INTEGER},
      #{costconComeRate,jdbcType=DECIMAL}, #{costconComePoint,jdbcType=INTEGER}, #{costconStopRate,jdbcType=DECIMAL},
      #{costconStopPoint,jdbcType=INTEGER}, #{autoPublishRate,jdbcType=DECIMAL}, #{autoPublishPoint,jdbcType=INTEGER},
      #{lowLinelossRate,jdbcType=DECIMAL}, #{lowLinelossPoint,jdbcType=INTEGER}, #{highlossTgRate,jdbcType=DECIMAL},
      #{highlossTgPoint,jdbcType=INTEGER}, #{lowlossTgRate,jdbcType=DECIMAL}, #{lowlossTgPoint,jdbcType=INTEGER},
      #{econrunTgRate,jdbcType=DECIMAL}, #{econrunTgPoint,jdbcType=INTEGER}, #{tgHandleRate,jdbcType=DECIMAL},
      #{tgHandlePoint,jdbcType=INTEGER}, #{powerfeesZeroRate,jdbcType=DECIMAL}, #{powerfeesZeroPoint,jdbcType=INTEGER},
      #{exceptTgNum,jdbcType=INTEGER}, #{exceptTgPoint,jdbcType=INTEGER}, #{powerbackHandleRate,jdbcType=DECIMAL},
      #{powerbackHandlePoint,jdbcType=INTEGER}, #{complaintWorkorderNum,jdbcType=INTEGER},
      #{complaintWorkorderPoint,jdbcType=INTEGER}, #{repairSceneRate,jdbcType=DECIMAL},
      #{repairScenePoint,jdbcType=INTEGER}, #{meterHandleRate,jdbcType=DECIMAL}, #{meterHandlePoint,jdbcType=INTEGER},
      #{totalScore,jdbcType=INTEGER}, #{acStationId,jdbcType=INTEGER}, #{acCountyId,jdbcType=INTEGER}
      )
  </insert>
  <insert id="insertSelective" parameterType="org.dfzt.entity.po.AchievementsManager" >
    insert into achievements_manager
    <trim prefix="(" suffix=")" suffixOverrides="," >
      <if test="id != null" >
        id,
      </if>
      <if test="tgManager != null" >
        tg_manager,
      </if>
      <if test="tgNo != null" >
        tg_no,
      </if>
      <if test="failurecount != null" >
        failurecount,
      </if>
      <if test="dataDate != null" >
        data_date,
      </if>
      <if test="colSuccRate != null" >
        col_succ_rate,
      </if>
      <if test="colSuccPoint != null" >
        col_succ_point,
      </if>
      <if test="colFailRate != null" >
        col_fail_rate,
      </if>
      <if test="colFailPoint != null" >
        col_fail_point,
      </if>
      <if test="costconComeRate != null" >
        costcon_come_rate,
      </if>
      <if test="costconComePoint != null" >
        costcon_come_point,
      </if>
      <if test="costconStopRate != null" >
        costcon_stop_rate,
      </if>
      <if test="costconStopPoint != null" >
        costcon_stop_point,
      </if>
      <if test="autoPublishRate != null" >
        auto_publish_rate,
      </if>
      <if test="autoPublishPoint != null" >
        auto_publish_point,
      </if>
      <if test="lowLinelossRate != null" >
        low_lineloss_rate,
      </if>
      <if test="lowLinelossPoint != null" >
        low_lineloss_point,
      </if>
      <if test="highlossTgRate != null" >
        highloss_tg_rate,
      </if>
      <if test="highlossTgPoint != null" >
        highloss_tg_point,
      </if>
      <if test="lowlossTgRate != null" >
        lowloss_tg_rate,
      </if>
      <if test="lowlossTgPoint != null" >
        lowloss_tg_point,
      </if>
      <if test="econrunTgRate != null" >
        econrun_tg_rate,
      </if>
      <if test="econrunTgPoint != null" >
        econrun_tg_point,
      </if>
      <if test="tgHandleRate != null" >
        tg_handle_rate,
      </if>
      <if test="tgHandlePoint != null" >
        tg_handle_point,
      </if>
      <if test="powerfeesZeroRate != null" >
        powerfees_zero_rate,
      </if>
      <if test="powerfeesZeroPoint != null" >
        powerfees_zero_point,
      </if>
      <if test="exceptTgNum != null" >
        except_tg_num,
      </if>
      <if test="exceptTgPoint != null" >
        except_tg_point,
      </if>
      <if test="powerbackHandleRate != null" >
        powerback_handle_rate,
      </if>
      <if test="powerbackHandlePoint != null" >
        powerback_handle_point,
      </if>
      <if test="complaintWorkorderNum != null" >
        complaint_workorder_num,
      </if>
      <if test="complaintWorkorderPoint != null" >
        complaint_workorder_point,
      </if>
      <if test="repairSceneRate != null" >
        repair_scene_rate,
      </if>
      <if test="repairScenePoint != null" >
        repair_scene_point,
      </if>
      <if test="meterHandleRate != null" >
        meter_handle_rate,
      </if>
      <if test="meterHandlePoint != null" >
        meter_handle_point,
      </if>
      <if test="totalScore != null" >
        total_score,
      </if>
      <if test="acStationId != null" >
        ac_station_id,
      </if>
      <if test="acCountyId != null" >
        ac_county_id,
      </if>
    </trim>
    <trim prefix="values (" suffix=")" suffixOverrides="," >
      <if test="id != null" >
        #{id,jdbcType=INTEGER},
      </if>
      <if test="tgManager != null" >
        #{tgManager,jdbcType=VARCHAR},
      </if>
      <if test="tgNo != null" >
        #{tgNo,jdbcType=VARCHAR},
      </if>
      <if test="failurecount != null" >
        #{failurecount,jdbcType=VARCHAR},
      </if>
      <if test="dataDate != null" >
        #{dataDate,jdbcType=TIMESTAMP},
      </if>
      <if test="colSuccRate != null" >
        #{colSuccRate,jdbcType=DECIMAL},
      </if>
      <if test="colSuccPoint != null" >
        #{colSuccPoint,jdbcType=INTEGER},
      </if>
      <if test="colFailRate != null" >
        #{colFailRate,jdbcType=DECIMAL},
      </if>
      <if test="colFailPoint != null" >
        #{colFailPoint,jdbcType=INTEGER},
      </if>
      <if test="costconComeRate != null" >
        #{costconComeRate,jdbcType=DECIMAL},
      </if>
      <if test="costconComePoint != null" >
        #{costconComePoint,jdbcType=INTEGER},
      </if>
      <if test="costconStopRate != null" >
        #{costconStopRate,jdbcType=DECIMAL},
      </if>
      <if test="costconStopPoint != null" >
        #{costconStopPoint,jdbcType=INTEGER},
      </if>
      <if test="autoPublishRate != null" >
        #{autoPublishRate,jdbcType=DECIMAL},
      </if>
      <if test="autoPublishPoint != null" >
        #{autoPublishPoint,jdbcType=INTEGER},
      </if>
      <if test="lowLinelossRate != null" >
        #{lowLinelossRate,jdbcType=DECIMAL},
      </if>
      <if test="lowLinelossPoint != null" >
        #{lowLinelossPoint,jdbcType=INTEGER},
      </if>
      <if test="highlossTgRate != null" >
        #{highlossTgRate,jdbcType=DECIMAL},
      </if>
      <if test="highlossTgPoint != null" >
        #{highlossTgPoint,jdbcType=INTEGER},
      </if>
      <if test="lowlossTgRate != null" >
        #{lowlossTgRate,jdbcType=DECIMAL},
      </if>
      <if test="lowlossTgPoint != null" >
        #{lowlossTgPoint,jdbcType=INTEGER},
      </if>
      <if test="econrunTgRate != null" >
        #{econrunTgRate,jdbcType=DECIMAL},
      </if>
      <if test="econrunTgPoint != null" >
        #{econrunTgPoint,jdbcType=INTEGER},
      </if>
      <if test="tgHandleRate != null" >
        #{tgHandleRate,jdbcType=DECIMAL},
      </if>
      <if test="tgHandlePoint != null" >
        #{tgHandlePoint,jdbcType=INTEGER},
      </if>
      <if test="powerfeesZeroRate != null" >
        #{powerfeesZeroRate,jdbcType=DECIMAL},
      </if>
      <if test="powerfeesZeroPoint != null" >
        #{powerfeesZeroPoint,jdbcType=INTEGER},
      </if>
      <if test="exceptTgNum != null" >
        #{exceptTgNum,jdbcType=INTEGER},
      </if>
      <if test="exceptTgPoint != null" >
        #{exceptTgPoint,jdbcType=INTEGER},
      </if>
      <if test="powerbackHandleRate != null" >
        #{powerbackHandleRate,jdbcType=DECIMAL},
      </if>
      <if test="powerbackHandlePoint != null" >
        #{powerbackHandlePoint,jdbcType=INTEGER},
      </if>
      <if test="complaintWorkorderNum != null" >
        #{complaintWorkorderNum,jdbcType=INTEGER},
      </if>
      <if test="complaintWorkorderPoint != null" >
        #{complaintWorkorderPoint,jdbcType=INTEGER},
      </if>
      <if test="repairSceneRate != null" >
        #{repairSceneRate,jdbcType=DECIMAL},
      </if>
      <if test="repairScenePoint != null" >
        #{repairScenePoint,jdbcType=INTEGER},
      </if>
      <if test="meterHandleRate != null" >
        #{meterHandleRate,jdbcType=DECIMAL},
      </if>
      <if test="meterHandlePoint != null" >
        #{meterHandlePoint,jdbcType=INTEGER},
      </if>
      <if test="totalScore != null" >
        #{totalScore,jdbcType=INTEGER},
      </if>
      <if test="acStationId != null" >
        #{acStationId,jdbcType=INTEGER},
      </if>
      <if test="acCountyId != null" >
        #{acCountyId,jdbcType=INTEGER},
      </if>
    </trim>
  </insert>
  <update id="updateByPrimaryKeySelective" parameterType="org.dfzt.entity.po.AchievementsManager" >
    update achievements_manager
    <set >
      <if test="tgManager != null" >
        tg_manager = #{tgManager,jdbcType=VARCHAR},
      </if>
      <if test="tgNo != null" >
        tg_no = #{tgNo,jdbcType=VARCHAR},
      </if>
      <if test="failurecount != null" >
        failurecount = #{failurecount,jdbcType=VARCHAR},
      </if>
      <if test="dataDate != null" >
        data_date = #{dataDate,jdbcType=TIMESTAMP},
      </if>
      <if test="colSuccRate != null" >
        col_succ_rate = #{colSuccRate,jdbcType=DECIMAL},
      </if>
      <if test="colSuccPoint != null" >
        col_succ_point = #{colSuccPoint,jdbcType=INTEGER},
      </if>
      <if test="colFailRate != null" >
        col_fail_rate = #{colFailRate,jdbcType=DECIMAL},
      </if>
      <if test="colFailPoint != null" >
        col_fail_point = #{colFailPoint,jdbcType=INTEGER},
      </if>
      <if test="costconComeRate != null" >
        costcon_come_rate = #{costconComeRate,jdbcType=DECIMAL},
      </if>
      <if test="costconComePoint != null" >
        costcon_come_point = #{costconComePoint,jdbcType=INTEGER},
      </if>
      <if test="costconStopRate != null" >
        costcon_stop_rate = #{costconStopRate,jdbcType=DECIMAL},
      </if>
      <if test="costconStopPoint != null" >
        costcon_stop_point = #{costconStopPoint,jdbcType=INTEGER},
      </if>
      <if test="autoPublishRate != null" >
        auto_publish_rate = #{autoPublishRate,jdbcType=DECIMAL},
      </if>
      <if test="autoPublishPoint != null" >
        auto_publish_point = #{autoPublishPoint,jdbcType=INTEGER},
      </if>
      <if test="lowLinelossRate != null" >
        low_lineloss_rate = #{lowLinelossRate,jdbcType=DECIMAL},
      </if>
      <if test="lowLinelossPoint != null" >
        low_lineloss_point = #{lowLinelossPoint,jdbcType=INTEGER},
      </if>
      <if test="highlossTgRate != null" >
        highloss_tg_rate = #{highlossTgRate,jdbcType=DECIMAL},
      </if>
      <if test="highlossTgPoint != null" >
        highloss_tg_point = #{highlossTgPoint,jdbcType=INTEGER},
      </if>
      <if test="lowlossTgRate != null" >
        lowloss_tg_rate = #{lowlossTgRate,jdbcType=DECIMAL},
      </if>
      <if test="lowlossTgPoint != null" >
        lowloss_tg_point = #{lowlossTgPoint,jdbcType=INTEGER},
      </if>
      <if test="econrunTgRate != null" >
        econrun_tg_rate = #{econrunTgRate,jdbcType=DECIMAL},
      </if>
      <if test="econrunTgPoint != null" >
        econrun_tg_point = #{econrunTgPoint,jdbcType=INTEGER},
      </if>
      <if test="tgHandleRate != null" >
        tg_handle_rate = #{tgHandleRate,jdbcType=DECIMAL},
      </if>
      <if test="tgHandlePoint != null" >
        tg_handle_point = #{tgHandlePoint,jdbcType=INTEGER},
      </if>
      <if test="powerfeesZeroRate != null" >
        powerfees_zero_rate = #{powerfeesZeroRate,jdbcType=DECIMAL},
      </if>
      <if test="powerfeesZeroPoint != null" >
        powerfees_zero_point = #{powerfeesZeroPoint,jdbcType=INTEGER},
      </if>
      <if test="exceptTgNum != null" >
        except_tg_num = #{exceptTgNum,jdbcType=INTEGER},
      </if>
      <if test="exceptTgPoint != null" >
        except_tg_point = #{exceptTgPoint,jdbcType=INTEGER},
      </if>
      <if test="powerbackHandleRate != null" >
        powerback_handle_rate = #{powerbackHandleRate,jdbcType=DECIMAL},
      </if>
      <if test="powerbackHandlePoint != null" >
        powerback_handle_point = #{powerbackHandlePoint,jdbcType=INTEGER},
      </if>
      <if test="complaintWorkorderNum != null" >
        complaint_workorder_num = #{complaintWorkorderNum,jdbcType=INTEGER},
      </if>
      <if test="complaintWorkorderPoint != null" >
        complaint_workorder_point = #{complaintWorkorderPoint,jdbcType=INTEGER},
      </if>
      <if test="repairSceneRate != null" >
        repair_scene_rate = #{repairSceneRate,jdbcType=DECIMAL},
      </if>
      <if test="repairScenePoint != null" >
        repair_scene_point = #{repairScenePoint,jdbcType=INTEGER},
      </if>
      <if test="meterHandleRate != null" >
        meter_handle_rate = #{meterHandleRate,jdbcType=DECIMAL},
      </if>
      <if test="meterHandlePoint != null" >
        meter_handle_point = #{meterHandlePoint,jdbcType=INTEGER},
      </if>
      <if test="totalScore != null" >
        total_score = #{totalScore,jdbcType=INTEGER},
      </if>
      <if test="acStationId != null" >
        ac_station_id, = #{acStationId,jdbcType=INTEGER},
      </if>
      <if test="acCountyId != null" >
        ac_county_id, = #{acCountyId,jdbcType=INTEGER},
      </if>
    </set>
    where id = #{id,jdbcType=INTEGER}
  </update>
  <update id="updateByPrimaryKey" parameterType="org.dfzt.entity.po.AchievementsManager" >
    update achievements_manager
    set tg_manager = #{tgManager,jdbcType=VARCHAR},
      tg_no = #{tgNo,jdbcType=VARCHAR},
      failurecount = #{failurecount,jdbcType=VARCHAR},
     data_date = #{dataDate,jdbcType=DATE},
      col_succ_rate = #{colSuccRate,jdbcType=DECIMAL},
      col_succ_point = #{colSuccPoint,jdbcType=INTEGER},
      col_fail_rate = #{colFailRate,jdbcType=DECIMAL},
      col_fail_point = #{colFailPoint,jdbcType=INTEGER},
      costcon_come_rate = #{costconComeRate,jdbcType=DECIMAL},
      costcon_come_point = #{costconComePoint,jdbcType=INTEGER},
      costcon_stop_rate = #{costconStopRate,jdbcType=DECIMAL},
      costcon_stop_point = #{costconStopPoint,jdbcType=INTEGER},
      auto_publish_rate = #{autoPublishRate,jdbcType=DECIMAL},
      auto_publish_point = #{autoPublishPoint,jdbcType=INTEGER},
      low_lineloss_rate = #{lowLinelossRate,jdbcType=DECIMAL},
      low_lineloss_point = #{lowLinelossPoint,jdbcType=INTEGER},
      highloss_tg_rate = #{highlossTgRate,jdbcType=DECIMAL},
      highloss_tg_point = #{highlossTgPoint,jdbcType=INTEGER},
      lowloss_tg_rate = #{lowlossTgRate,jdbcType=DECIMAL},
      lowloss_tg_point = #{lowlossTgPoint,jdbcType=INTEGER},
      econrun_tg_rate = #{econrunTgRate,jdbcType=DECIMAL},
      econrun_tg_point = #{econrunTgPoint,jdbcType=INTEGER},
      tg_handle_rate = #{tgHandleRate,jdbcType=DECIMAL},
      tg_handle_point = #{tgHandlePoint,jdbcType=INTEGER},
      powerfees_zero_rate = #{powerfeesZeroRate,jdbcType=DECIMAL},
      powerfees_zero_point = #{powerfeesZeroPoint,jdbcType=INTEGER},
      except_tg_num = #{exceptTgNum,jdbcType=INTEGER},
      except_tg_point = #{exceptTgPoint,jdbcType=INTEGER},
      powerback_handle_rate = #{powerbackHandleRate,jdbcType=DECIMAL},
      powerback_handle_point = #{powerbackHandlePoint,jdbcType=INTEGER},
      complaint_workorder_num = #{complaintWorkorderNum,jdbcType=INTEGER},
      complaint_workorder_point = #{complaintWorkorderPoint,jdbcType=INTEGER},
      repair_scene_rate = #{repairSceneRate,jdbcType=DECIMAL},
      repair_scene_point = #{repairScenePoint,jdbcType=INTEGER},
      meter_handle_rate = #{meterHandleRate,jdbcType=DECIMAL},
      meter_handle_point = #{meterHandlePoint,jdbcType=INTEGER},
      total_score = #{totalScore,jdbcType=INTEGER},
      ac_station_id, = #{acStationId,jdbcType=INTEGER},
      ac_county_id, = #{acCountyId,jdbcType=INTEGER}
    where id = #{id,jdbcType=INTEGER}
  </update>

  <select id="selectByTgno" resultType="org.dfzt.entity.po.AchievementsManager">
    select * from achievements_manager where tg_no=#{tgno}
  </select>

  <select id="achievementinfo" resultType="org.dfzt.entity.po.AchievementsManager">
    SELECT 		a.tg_manager,a.col_succ_rate,a.col_succ_point,a.col_fail_rate,a.col_fail_point,a.costcon_come_rate,a.costcon_come_point,
                  a.costcon_stop_rate,a.costcon_stop_point,a.auto_publish_rate,a.auto_publish_point,a.low_lineloss_rate,a.low_lineloss_point,
                  a.highloss_tg_rate,a.highloss_tg_point,a.lowloss_tg_rate,a.lowloss_tg_point,a.econrun_tg_rate,a.econrun_tg_point,a.tg_handle_rate,
                  a.tg_handle_point,a.powerfees_zero_rate,a.powerfees_zero_point,a.except_tg_num,except_tg_point,a.powerback_handle_rate,
                  a.powerback_handle_point,complaint_workorder_num,complaint_workorder_point,repair_scene_rate,repair_scene_point,
                  a.meter_handle_rate,a.meter_handle_point,a.total_score,(@i:= @i+1) AS rank_no
    FROM (
           SELECT *
           FROM achievements_manager
           ORDER BY total_score DESC
         ) a,(SELECT @i:=0) b
  </select>

  <select id="selectAcCounty" parameterType="map" resultType="org.dfzt.entity.po.AcCounty">
    select county_name, to_point, tg_name, data_date, col_succ_rate, col_succ_point, col_fail_rate,
           col_fail_point, costcon_come_rate, costcon_come_point, costcon_stop_rate, costcon_stop_point, auto_publish_rate,
           auto_publish_point, low_lineloss_rate, low_lineloss_point, highloss_tg_rate, highloss_tg_point, lowloss_tg_rate,
           lowloss_tg_point, econrun_tg_rate, econrun_tg_point, tg_handle_rate, tg_handle_point, powerfees_zero_rate,
           powerfees_zero_point, except_tg_num, except_tg_point, powerback_handle_rate, powerback_handle_point,
           complaint_workorder_num, complaint_workorder_point, repair_scene_rate, repair_scene_point, meter_handle_rate,
           meter_handle_point
    from ac_county
    <where>
      <if test="id != null and id != ''">
        id = #{id}
      </if>
    </where>
  </select>



  <update id="updateSuccRP">
    update ac_manager set col_succ_rate=#{colSuccR},col_succ_point=#{colSuccP},tg_no=#{tgNo}
    where tg_manager=#{tgManager}
  </update>

  <select id="selectdayRP" resultType="org.dfzt.entity.po.AcManager">
    select * from ac_manager where id=#{id}
  </select>

  <select id="selectStaPoint" resultType="org.dfzt.entity.po.AcStation">
    select * from ac_station where id=#{id}
  </select>

  <select id="managerWorkOrder" resultType="org.dfzt.entity.po.CollectWorkOrder">
    select * from collect_work_order where tg_manager=#{tgManager}
  </select>

  <select id="selectdayPoint" resultType="java.lang.Integer">
    select count(*) from collect_work_order where tg_manager=#{tgManager}
  </select>

  <select id="selectNoHandle" resultType="org.dfzt.entity.po.CollectWorkOrder">
    select * from collect_work_order where tg_manager=#{tgManager} and work_order_status='1'
  </select>

  <select id="selectConfail" resultType="org.dfzt.entity.po.CollectWorkOrder">
    select * from collect_work_order where tg_manager=#{tgManager} and fail_details_id is not null
  </select>


  <update id="updateSuccSta">
    update ac_station set col_succ_rate=#{colSuccR},col_succ_point=#{colSuccP},tg_name=#{tgName}
    where id=#{id}
  </update>


  <update id="updateBytgSta">
    update ac_station
    <set >
      <if test="stationName != null" >
        station_name = #{stationName,jdbcType=VARCHAR},
      </if>
      <if test="toPoint != null" >
        to_point = #{toPoint,jdbcType=VARCHAR},
      </if>
      <if test="tgName != null" >
        tg_name = #{tgName,jdbcType=VARCHAR},
      </if>
      <if test="dataDate != null" >
        data_date = #{dataDate,jdbcType=TIMESTAMP},
      </if>
      <if test="colSuccRate != null" >
        col_succ_rate = #{colSuccRate,jdbcType=DECIMAL},
      </if>
      <if test="colSuccPoint != null" >
        col_succ_point = #{colSuccPoint,jdbcType=INTEGER},
      </if>
      <if test="colFailRate != null" >
        col_fail_rate = #{colFailRate,jdbcType=DECIMAL},
      </if>
      <if test="colFailPoint != null" >
        col_fail_point = #{colFailPoint,jdbcType=INTEGER},
      </if>
      <if test="costconComeRate != null" >
        costcon_come_rate = #{costconComeRate,jdbcType=DECIMAL},
      </if>
      <if test="costconComePoint != null" >
        costcon_come_point = #{costconComePoint,jdbcType=INTEGER},
      </if>
      <if test="costconStopRate != null" >
        costcon_stop_rate = #{costconStopRate,jdbcType=DECIMAL},
      </if>
      <if test="costconStopPoint != null" >
        costcon_stop_point = #{costconStopPoint,jdbcType=INTEGER},
      </if>
      <if test="autoPublishRate != null" >
        auto_publish_rate = #{autoPublishRate,jdbcType=DECIMAL},
      </if>
      <if test="autoPublishPoint != null" >
        auto_publish_point = #{autoPublishPoint,jdbcType=INTEGER},
      </if>
      <if test="lowLinelossRate != null" >
        low_lineloss_rate = #{lowLinelossRate,jdbcType=DECIMAL},
      </if>
      <if test="lowLinelossPoint != null" >
        low_lineloss_point = #{lowLinelossPoint,jdbcType=INTEGER},
      </if>
      <if test="highlossTgRate != null" >
        highloss_tg_rate = #{highlossTgRate,jdbcType=DECIMAL},
      </if>
      <if test="highlossTgPoint != null" >
        highloss_tg_point = #{highlossTgPoint,jdbcType=INTEGER},
      </if>
      <if test="lowlossTgRate != null" >
        lowloss_tg_rate = #{lowlossTgRate,jdbcType=DECIMAL},
      </if>
      <if test="lowlossTgPoint != null" >
        lowloss_tg_point = #{lowlossTgPoint,jdbcType=INTEGER},
      </if>
      <if test="econrunTgRate != null" >
        econrun_tg_rate = #{econrunTgRate,jdbcType=DECIMAL},
      </if>
      <if test="econrunTgPoint != null" >
        econrun_tg_point = #{econrunTgPoint,jdbcType=INTEGER},
      </if>
      <if test="tgHandleRate != null" >
        tg_handle_rate = #{tgHandleRate,jdbcType=DECIMAL},
      </if>
      <if test="tgHandlePoint != null" >
        tg_handle_point = #{tgHandlePoint,jdbcType=INTEGER},
      </if>
      <if test="powerfeesZeroRate != null" >
        powerfees_zero_rate = #{powerfeesZeroRate,jdbcType=DECIMAL},
      </if>
      <if test="powerfeesZeroPoint != null" >
        powerfees_zero_point = #{powerfeesZeroPoint,jdbcType=INTEGER},
      </if>
      <if test="exceptTgNum != null" >
        except_tg_num = #{exceptTgNum,jdbcType=INTEGER},
      </if>
      <if test="exceptTgPoint != null" >
        except_tg_point = #{exceptTgPoint,jdbcType=INTEGER},
      </if>
      <if test="powerbackHandleRate != null" >
        powerback_handle_rate = #{powerbackHandleRate,jdbcType=DECIMAL},
      </if>
      <if test="powerbackHandlePoint != null" >
        powerback_handle_point = #{powerbackHandlePoint,jdbcType=INTEGER},
      </if>
      <if test="complaintWorkorderNum != null" >
        complaint_workorder_num = #{complaintWorkorderNum,jdbcType=INTEGER},
      </if>
      <if test="complaintWorkorderPoint != null" >
        complaint_workorder_point = #{complaintWorkorderPoint,jdbcType=INTEGER},
      </if>
      <if test="repairSceneRate != null" >
        repair_scene_rate = #{repairSceneRate,jdbcType=DECIMAL},
      </if>
      <if test="repairScenePoint != null" >
        repair_scene_point = #{repairScenePoint,jdbcType=INTEGER},
      </if>
      <if test="meterHandleRate != null" >
        meter_handle_rate = #{meterHandleRate,jdbcType=DECIMAL},
      </if>
      <if test="meterHandlePoint != null" >
        meter_handle_point = #{meterHandlePoint,jdbcType=INTEGER},
      </if>
      <if test="acCountyId != null" >
        ac_county_id, = #{acCountyId,jdbcType=INTEGER},
      </if>
      <if test="ranking != null" >
        ranking = #{ranking,jdbcType=VARCHAR},
      </if>
    </set>
    where id=#{id}
  </update>


  <update id="updateBytgman">
    update ac_manager
    <set >
      <if test="tgManager != null" >
        tg_manager = #{tgManager,jdbcType=VARCHAR},
      </if>
      <if test="tgNo != null" >
        tg_no = #{tgNo,jdbcType=VARCHAR},
      </if>
      <if test="tgName != null" >
        tg_name = #{tgName,jdbcType=VARCHAR},
      </if>
      <if test="dataDate != null" >
        data_date = #{dataDate,jdbcType=TIMESTAMP},
      </if>
      <if test="colSuccRate != null" >
        col_succ_rate = #{colSuccRate,jdbcType=DECIMAL},
      </if>
      <if test="colSuccPoint != null" >
        col_succ_point = #{colSuccPoint,jdbcType=INTEGER},
      </if>
      <if test="colFailRate != null" >
        col_fail_rate = #{colFailRate,jdbcType=DECIMAL},
      </if>
      <if test="colFailPoint != null" >
        col_fail_point = #{colFailPoint,jdbcType=INTEGER},
      </if>
      <if test="costconComeRate != null" >
        costcon_come_rate = #{costconComeRate,jdbcType=DECIMAL},
      </if>
      <if test="costconComePoint != null" >
        costcon_come_point = #{costconComePoint,jdbcType=INTEGER},
      </if>
      <if test="costconStopRate != null" >
        costcon_stop_rate = #{costconStopRate,jdbcType=DECIMAL},
      </if>
      <if test="costconStopPoint != null" >
        costcon_stop_point = #{costconStopPoint,jdbcType=INTEGER},
      </if>
      <if test="autoPublishRate != null" >
        auto_publish_rate = #{autoPublishRate,jdbcType=DECIMAL},
      </if>
      <if test="autoPublishPoint != null" >
        auto_publish_point = #{autoPublishPoint,jdbcType=INTEGER},
      </if>
      <if test="lowLinelossRate != null" >
        low_lineloss_rate = #{lowLinelossRate,jdbcType=DECIMAL},
      </if>
      <if test="lowLinelossPoint != null" >
        low_lineloss_point = #{lowLinelossPoint,jdbcType=INTEGER},
      </if>
      <if test="highlossTgRate != null" >
        highloss_tg_rate = #{highlossTgRate,jdbcType=DECIMAL},
      </if>
      <if test="highlossTgPoint != null" >
        highloss_tg_point = #{highlossTgPoint,jdbcType=INTEGER},
      </if>
      <if test="lowlossTgRate != null" >
        lowloss_tg_rate = #{lowlossTgRate,jdbcType=DECIMAL},
      </if>
      <if test="lowlossTgPoint != null" >
        lowloss_tg_point = #{lowlossTgPoint,jdbcType=INTEGER},
      </if>
      <if test="econrunTgRate != null" >
        econrun_tg_rate = #{econrunTgRate,jdbcType=DECIMAL},
      </if>
      <if test="econrunTgPoint != null" >
        econrun_tg_point = #{econrunTgPoint,jdbcType=INTEGER},
      </if>
      <if test="tgHandleRate != null" >
        tg_handle_rate = #{tgHandleRate,jdbcType=DECIMAL},
      </if>
      <if test="tgHandlePoint != null" >
        tg_handle_point = #{tgHandlePoint,jdbcType=INTEGER},
      </if>
      <if test="powerfeesZeroRate != null" >
        powerfees_zero_rate = #{powerfeesZeroRate,jdbcType=DECIMAL},
      </if>
      <if test="powerfeesZeroPoint != null" >
        powerfees_zero_point = #{powerfeesZeroPoint,jdbcType=INTEGER},
      </if>
      <if test="exceptTgNum != null" >
        except_tg_num = #{exceptTgNum,jdbcType=INTEGER},
      </if>
      <if test="exceptTgPoint != null" >
        except_tg_point = #{exceptTgPoint,jdbcType=INTEGER},
      </if>
      <if test="powerbackHandleRate != null" >
        powerback_handle_rate = #{powerbackHandleRate,jdbcType=DECIMAL},
      </if>
      <if test="powerbackHandlePoint != null" >
        powerback_handle_point = #{powerbackHandlePoint,jdbcType=INTEGER},
      </if>
      <if test="complaintWorkorderNum != null" >
        complaint_workorder_num = #{complaintWorkorderNum,jdbcType=INTEGER},
      </if>
      <if test="complaintWorkorderPoint != null" >
        complaint_workorder_point = #{complaintWorkorderPoint,jdbcType=INTEGER},
      </if>
      <if test="repairSceneRate != null" >
        repair_scene_rate = #{repairSceneRate,jdbcType=DECIMAL},
      </if>
      <if test="repairScenePoint != null" >
        repair_scene_point = #{repairScenePoint,jdbcType=INTEGER},
      </if>
      <if test="meterHandleRate != null" >
        meter_handle_rate = #{meterHandleRate,jdbcType=DECIMAL},
      </if>
      <if test="meterHandlePoint != null" >
        meter_handle_point = #{meterHandlePoint,jdbcType=INTEGER},
      </if>
      <if test="totalScore != null" >
        total_score = #{totalScore,jdbcType=INTEGER},
      </if>
      <if test="acStationId != null" >
        ac_station_id, = #{acStationId,jdbcType=INTEGER},
      </if>
      <if test="acCountyId != null" >
        ac_county_id, = #{acCountyId,jdbcType=INTEGER},
      </if>
    </set>
    where tg_manager=#{tgManager}
  </update>

  <select id="selectLowLineloss" resultType="org.dfzt.entity.po.LinelossWorkOrder">
    select * from lineloss_work_order where tg_manager=#{tgManager}
  </select>

  <select id="selectHighTgNum" resultType="org.dfzt.entity.po.LinelossWorkOrder">
    select * from lineloss_work_order where tg_manager=#{tgManager} and lineloss_rate &gt; 6
  </select>

  <select id="selectlowTgNum" resultType="org.dfzt.entity.po.LinelossWorkOrder">
    select * from lineloss_work_order where tg_manager=#{tgManager} and lineloss_rate &lt;-1
  </select>

  <select id="selectEconTgNum" resultType="org.dfzt.entity.po.LinelossWorkOrder">
    select * from lineloss_work_order where tg_manager=#{tgManager} and lineloss_rate &lt;= 4 and lineloss_rate>=0
  </select>

  <select id="selectThreeNoHandle" resultType="org.dfzt.entity.po.LinelossWorkOrder">
    select * from lineloss_work_order where tg_manager=#{tgManager} and work_order_cycle &gt;= 3 and work_order_status=1
  </select>

  <select id="managerLineWorkOrder" resultType="org.dfzt.entity.po.LinelossWorkOrder">
    select * from collect_work_order where tg_manager=#{tgManager}
  </select>

  <select id="selectSuperworko" resultType="org.dfzt.entity.po.SuperiorWorkOrder">
    select * from superior_work_order where busi_type_code like concat('意见','%') and tg_manager=#{tgManager};
  </select>

  <select id="selectWorkOrder" resultType="org.dfzt.entity.po.MeterWorkOrder">
    select * from meter_work_order where work_order_cycle &gt; 3 and tg_manager =#{tgManager}
  </select>

  <select id="selectFeecon1" resultType="org.dfzt.entity.po.FeecontrolWorkOrder">
    select * from feecontrol_work_order where fail_time_period &gt; 45 and tg_manager = #{tgManager}
  </select>

  <select id="selectRecycle11" resultType="org.dfzt.entity.po.RecycleWorkOrder">
    select * from recycle_work_order where tg_manager =#{tgManager}
  </select>

  <select id="selectMeter12" resultType="org.dfzt.entity.po.MeterWorkOrder">
    select * from meter_work_order where event_type = 3 and tg_manager =#{tgManager}
  </select>


  <select id="selectRepairs" resultType="org.dfzt.entity.vo.ActiveRepairWo">
    select * from repairs_work_order where handle_time &lt;= 45 and tg_manager=#{tgManager}
  </select>
  <select id="selectActive" resultType="org.dfzt.entity.vo.ActiveRepairWo">
    select * from active_operation where handle_time &lt;= 45 and tg_manager=#{tgManager}
  </select>

  <select id="selectTgmanByymd" resultType="org.dfzt.entity.po.AcManager">

  </select>

  <select id="selectUserRoleAll" resultType="org.dfzt.entity.po.UserRole">
    select user_name1,read_name,org_no,org_name,cons_num,tg_num from user_role where is_role='2'
  </select>

  <select id="selecttgd1" resultType="java.lang.Integer">
    select count(*) from collect_work_order where tg_manager=#{tgManager} and work_order_ctime1 like concat (#{ymd},'%') and fail_details_id is not null
  </select>

  <select id="selecttgd2" resultType="java.lang.Integer">
    select count(*) from collect_work_order where tg_manager=#{tgManager} and work_order_ctime1 like concat (#{ymd},'%') and fail_details_id is not null and work_order_status ='1'
  </select>

  <select id="selectLossMan61" resultType="java.math.BigDecimal">
    select sum(loss_pq)/sum(ppq) from lineloss_work_order where tg_manager =#{tgManager}
    and work_order_ctime like concat (#{ymd},'%')
  </select>
  <select id="selectLossMan61a" resultType="java.math.BigDecimal">
    select sum(loss_pq) from lineloss_work_order where tg_manager =#{tgManager}
    and work_order_ctime like concat (#{ymd},'%')
  </select>
  <select id="selectLossMan61b" resultType="java.math.BigDecimal">
    select sum(ppq) from lineloss_work_order where tg_manager =#{tgManager}
    and work_order_ctime like concat (#{ymd},'%')
  </select>

  <select id="selecttgd8" resultType="java.lang.Integer">
    select count(*) from lineloss_work_order where tg_manager=#{tgManager} and work_order_ctime1=#{ymd} and lineloss_rate &gt; 6
  </select>
  <!--&gt;-->

  <select id="selecttgd9" resultType="java.lang.Integer">
    select count(*) from lineloss_work_order where tg_manager=#{tgManager} and work_order_ctime1=#{ymd} and lineloss_rate &lt; -1
  </select>
  <select id="selecttgd89" resultType="java.lang.Integer">
    select count(*) from lineloss_work_order where tg_manager=#{tgManager} and work_order_ctime1=#{ymd} and lineloss_rate &lt; 4 and lineloss_rate &gt; 6
  </select>

  <select id="selecttgd11" resultType="java.lang.Integer">
    select count(*) from lineloss_work_order where tg_manager=#{tgManager} and work_order_cycle <![CDATA[!= ]]>'1'
  </select>

  <select id="selecttgd15" resultType="java.lang.Integer">
    select count(*) from superior_work_order where tg_manager=#{tgManager} and work_order_ctime1=#{ymd} and busi_type_code like concat('%','投诉','%')
  </select>

  <select id="selecttgd16" resultType="java.lang.Integer">
    select count(*) from superior_work_order where tg_manager=#{tgManager} and work_order_ctime1=#{ymd} and busi_type_code like concat('%','意见','%')
  </select>


  <insert id="insertAcman1" parameterType="org.dfzt.entity.po.AcManager">
    insert into ac_manager
    <trim prefix="(" suffix=")" suffixOverrides=",">
      <if test="id != null"> id, </if>
      <if test="tgManager != null"> tg_manager, </if>
      <if test="tgNo != null"> tg_no, </if>
      <if test="tgName != null"> tg_name, </if>
      <if test="toPoint != null"> to_point, </if>
      <if test="ymd != null"> ymd, </if>
      <if test="dataDate != null"> data_date, </if>
      <if test="colSuccRate != null"> col_succ_rate, </if>
      <if test="colSuccPoint != null"> col_succ_point, </if>
      <if test="colFailRate != null"> col_fail_rate, </if>
      <if test="colFailPoint != null"> col_fail_point, </if>
      <if test="costconComeRate != null"> costcon_come_rate, </if>
      <if test="costconComePoint != null"> costcon_come_point, </if>
      <if test="costconStopRate != null"> costcon_stop_rate, </if>
      <if test="costconStopPoint != null"> costcon_stop_point, </if>
      <if test="autoPublishRate != null"> auto_publish_rate, </if>
      <if test="autoPublishPoint != null"> auto_publish_point, </if>
      <if test="lowLinelossRate != null"> low_lineloss_rate, </if>
      <if test="lowLinelossPoint != null"> low_lineloss_point, </if>
      <if test="highlossTgRate != null"> highloss_tg_rate, </if>
      <if test="highlossTgPoint != null"> highloss_tg_point, </if>
      <if test="lowlossTgRate != null"> lowloss_tg_rate, </if>
      <if test="lowlossTgPoint != null"> lowloss_tg_point, </if>
      <if test="econrunTgRate != null"> econrun_tg_rate, </if>
      <if test="econrunTgPoint != null"> econrun_tg_point, </if>
      <if test="tgHandleRate != null"> tg_handle_rate, </if>
      <if test="tgHandlePoint != null"> tg_handle_point, </if>
      <if test="powerfeesZeroRate != null"> powerfees_zero_rate, </if>
      <if test="powerfeesZeroPoint != null"> powerfees_zero_point, </if>
      <if test="exceptTgNum != null"> except_tg_num, </if>
      <if test="exceptTgPoint != null"> except_tg_point, </if>
      <if test="powerbackHandleRate != null"> powerback_handle_rate, </if>
      <if test="powerbackHandlePoint != null"> powerback_handle_point, </if>
      <if test="complaintWorkorderNum != null"> complaint_workorder_num, </if>
      <if test="complaintWorkorderPoint != null"> complaint_workorder_point, </if>
      <if test="repairSceneRate != null"> repair_scene_rate, </if>
      <if test="repairScenePoint != null"> repair_scene_point, </if>
      <if test="meterHandleRate != null"> meter_handle_rate, </if>
      <if test="meterHandlePoint != null"> meter_handle_point, </if>
      <if test="acStationId != null"> ac_station_id, </if>
      <if test="acCountyId != null"> ac_county_id, </if>
      <if test="totalScore != null"> total_score, </if>

    </trim>
    <trim prefix="values (" suffix=")" suffixOverrides=",">
      <if test="id != null"> #{id,jdbcType=INTEGER}, </if>
      <if test="tgManager != null"> #{tgManager,jdbcType=VARCHAR}, </if>
      <if test="tgNo != null"> #{tgNo,jdbcType=VARCHAR}, </if>
      <if test="tgName != null"> #{tgName,jdbcType=VARCHAR}, </if>
      <if test="toPoint != null"> #{toPoint,jdbcType=INTEGER}, </if>
      <if test="ymd != null"> #{ymd,jdbcType=VARCHAR}, </if>
      <if test="dataDate != null"> #{dataDate,jdbcType=TIMESTAMP}, </if>
      <if test="colSuccRate != null"> #{colSuccRate,jdbcType=DECIMAL}, </if>
      <if test="colSuccPoint != null"> #{colSuccPoint,jdbcType=INTEGER}, </if>
      <if test="colFailRate != null"> #{colFailRate,jdbcType=DECIMAL}, </if>
      <if test="colFailPoint != null"> #{colFailPoint,jdbcType=INTEGER}, </if>
      <if test="costconComeRate != null"> #{costconComeRate,jdbcType=DECIMAL}, </if>
      <if test="costconComePoint != null"> #{costconComePoint,jdbcType=INTEGER}, </if>
      <if test="costconStopRate != null"> #{costconStopRate,jdbcType=DECIMAL}, </if>
      <if test="costconStopPoint != null"> #{costconStopPoint,jdbcType=INTEGER}, </if>
      <if test="autoPublishRate != null"> #{autoPublishRate,jdbcType=DECIMAL}, </if>
      <if test="autoPublishPoint != null"> #{autoPublishPoint,jdbcType=INTEGER}, </if>
      <if test="lowLinelossRate != null"> #{lowLinelossRate,jdbcType=DECIMAL}, </if>
      <if test="lowLinelossPoint != null"> #{lowLinelossPoint,jdbcType=INTEGER}, </if>
      <if test="highlossTgRate != null"> #{highlossTgRate,jdbcType=DECIMAL}, </if>
      <if test="highlossTgPoint != null"> #{highlossTgPoint,jdbcType=INTEGER}, </if>
      <if test="lowlossTgRate != null"> #{lowlossTgRate,jdbcType=DECIMAL}, </if>
      <if test="lowlossTgPoint != null"> #{lowlossTgPoint,jdbcType=INTEGER}, </if>
      <if test="econrunTgRate != null"> #{econrunTgRate,jdbcType=DECIMAL}, </if>
      <if test="econrunTgPoint != null"> #{econrunTgPoint,jdbcType=INTEGER}, </if>
      <if test="tgHandleRate != null"> #{tgHandleRate,jdbcType=DECIMAL}, </if>
      <if test="tgHandlePoint != null"> #{tgHandlePoint,jdbcType=INTEGER}, </if>
      <if test="powerfeesZeroRate != null"> #{powerfeesZeroRate,jdbcType=DECIMAL}, </if>
      <if test="powerfeesZeroPoint != null"> #{powerfeesZeroPoint,jdbcType=INTEGER}, </if>
      <if test="exceptTgNum != null"> #{exceptTgNum,jdbcType=INTEGER}, </if>
      <if test="exceptTgPoint != null"> #{exceptTgPoint,jdbcType=INTEGER}, </if>
      <if test="powerbackHandleRate != null"> #{powerbackHandleRate,jdbcType=DECIMAL}, </if>
      <if test="powerbackHandlePoint != null"> #{powerbackHandlePoint,jdbcType=INTEGER}, </if>
      <if test="complaintWorkorderNum != null"> #{complaintWorkorderNum,jdbcType=INTEGER}, </if>
      <if test="complaintWorkorderPoint != null"> #{complaintWorkorderPoint,jdbcType=INTEGER}, </if>
      <if test="repairSceneRate != null"> #{repairSceneRate,jdbcType=DECIMAL}, </if>
      <if test="repairScenePoint != null"> #{repairScenePoint,jdbcType=INTEGER}, </if>
      <if test="meterHandleRate != null"> #{meterHandleRate,jdbcType=DECIMAL}, </if>
      <if test="meterHandlePoint != null"> #{meterHandlePoint,jdbcType=INTEGER}, </if>
      <if test="acStationId != null"> #{acStationId,jdbcType=VARCHAR}, </if>
      <if test="acCountyId != null"> #{acCountyId,jdbcType=VARCHAR}, </if>
      <if test="totalScore != null"> #{totalScore,jdbcType=INTEGER}, </if>
    </trim>
  </insert>


  <insert id="insertOrgNameNums" parameterType="org.dfzt.entity.po.OrgNameNums">
    insert into org_name_nums
    <trim prefix="(" suffix=")" suffixOverrides=",">
      <if test="id != null"> id, </if>
      <if test="orgNo != null"> org_no, </if>
      <if test="orgName != null"> org_name, </if>
      <if test="collFailNum != null"> coll_fail_num, </if>
      <if test="collSuccNum != null"> coll_succ_num, </if>
      <if test="collAllNum != null"> coll_all_num, </if>
      <if test="ymd != null"> ymd, </if>
      <if test="pOrgNo != null"> p_org_no, </if>
    </trim>
    <trim prefix="values (" suffix=")" suffixOverrides=",">
      <if test="id != null"> #{id,jdbcType=INTEGER}, </if>
      <if test="orgNo != null"> #{orgNo,jdbcType=VARCHAR}, </if>
      <if test="orgName != null"> #{orgName,jdbcType=VARCHAR}, </if>
      <if test="collFailNum != null"> #{collFailNum,jdbcType=INTEGER}, </if>
      <if test="collSuccNum != null"> #{collSuccNum,jdbcType=INTEGER}, </if>
      <if test="collAllNum != null"> #{collAllNum,jdbcType=INTEGER}, </if>
      <if test="ymd != null"> #{ymd,jdbcType=VARCHAR}, </if>
      <if test="pOrgNo != null"> #{pOrgNo,jdbcType=VARCHAR}, </if>
    </trim>
  </insert>


  <select id="selectOrgNameNums" resultType="org.dfzt.entity.po.OrgNameNums">
    select * from org_name_nums where p_org_no =#{orgNo} and ymd=#{ymd}
  </select>

  <insert id="insertAcCounty" parameterType="org.dfzt.entity.po.AcCounty">
    insert into ac_county
    <trim prefix="(" suffix=")" suffixOverrides=",">
      <if test="id != null"> id, </if>
      <if test="countyName != null"> county_name, </if>
      <if test="toPoint != null"> to_point, </if>
      <if test="tgName != null"> tg_name, </if>
      <if test="dateDm != null"> date_dm, </if>
      <if test="dataDate != null"> data_date, </if>
      <if test="colSuccRate != null"> col_succ_rate, </if>
      <if test="colSuccPoint != null"> col_succ_point, </if>
      <if test="colFailRate != null"> col_fail_rate, </if>
      <if test="colFailPoint != null"> col_fail_point, </if>
      <if test="costconComeRate != null"> costcon_come_rate, </if>
      <if test="costconComePoint != null"> costcon_come_point, </if>
      <if test="costconStopRate != null"> costcon_stop_rate, </if>
      <if test="costconStopPoint != null"> costcon_stop_point, </if>
      <if test="autoPublishRate != null"> auto_publish_rate, </if>
      <if test="autoPublishPoint != null"> auto_publish_point, </if>
      <if test="lowLinelossRate != null"> low_lineloss_rate, </if>
      <if test="lowLinelossPoint != null"> low_lineloss_point, </if>
      <if test="highlossTgRate != null"> highloss_tg_rate, </if>
      <if test="highlossTgPoint != null"> highloss_tg_point, </if>
      <if test="lowlossTgRate != null"> lowloss_tg_rate, </if>
      <if test="lowlossTgPoint != null"> lowloss_tg_point, </if>
      <if test="econrunTgRate != null"> econrun_tg_rate, </if>
      <if test="econrunTgPoint != null"> econrun_tg_point, </if>
      <if test="tgHandleRate != null"> tg_handle_rate, </if>
      <if test="tgHandlePoint != null"> tg_handle_point, </if>
      <if test="powerfeesZeroRate != null"> powerfees_zero_rate, </if>
      <if test="powerfeesZeroPoint != null"> powerfees_zero_point, </if>
      <if test="exceptTgNum != null"> except_tg_num, </if>
      <if test="exceptTgPoint != null"> except_tg_point, </if>
      <if test="powerbackHandleRate != null"> powerback_handle_rate, </if>
      <if test="powerbackHandlePoint != null"> powerback_handle_point, </if>
      <if test="complaintWorkorderNum != null"> complaint_workorder_num, </if>
      <if test="complaintWorkorderPoint != null"> complaint_workorder_point, </if>
      <if test="repairSceneRate != null"> repair_scene_rate, </if>
      <if test="repairScenePoint != null"> repair_scene_point, </if>
      <if test="meterHandleRate != null"> meter_handle_rate, </if>
      <if test="meterHandlePoint != null"> meter_handle_point, </if>
      <if test="ranking != null"> ranking, </if>
      <if test="orgNo != null"> org_no, </if>
    </trim>
    <trim prefix="values (" suffix=")" suffixOverrides=",">
      <if test="id != null"> #{id,jdbcType=INTEGER}, </if>
      <if test="countyName != null"> #{countyName,jdbcType=VARCHAR}, </if>
      <if test="toPoint != null"> #{toPoint,jdbcType=VARCHAR}, </if>
      <if test="tgName != null"> #{tgName,jdbcType=VARCHAR}, </if>
      <if test="dateDm != null"> #{dateDm,jdbcType=VARCHAR}, </if>
      <if test="dataDate != null"> #{dataDate,jdbcType=TIMESTAMP}, </if>
      <if test="colSuccRate != null"> #{colSuccRate,jdbcType=DECIMAL}, </if>
      <if test="colSuccPoint != null"> #{colSuccPoint,jdbcType=INTEGER}, </if>
      <if test="colFailRate != null"> #{colFailRate,jdbcType=DECIMAL}, </if>
      <if test="colFailPoint != null"> #{colFailPoint,jdbcType=INTEGER}, </if>
      <if test="costconComeRate != null"> #{costconComeRate,jdbcType=DECIMAL}, </if>
      <if test="costconComePoint != null"> #{costconComePoint,jdbcType=INTEGER}, </if>
      <if test="costconStopRate != null"> #{costconStopRate,jdbcType=DECIMAL}, </if>
      <if test="costconStopPoint != null"> #{costconStopPoint,jdbcType=INTEGER}, </if>
      <if test="autoPublishRate != null"> #{autoPublishRate,jdbcType=DECIMAL}, </if>
      <if test="autoPublishPoint != null"> #{autoPublishPoint,jdbcType=INTEGER}, </if>
      <if test="lowLinelossRate != null"> #{lowLinelossRate,jdbcType=DECIMAL}, </if>
      <if test="lowLinelossPoint != null"> #{lowLinelossPoint,jdbcType=INTEGER}, </if>
      <if test="highlossTgRate != null"> #{highlossTgRate,jdbcType=DECIMAL}, </if>
      <if test="highlossTgPoint != null"> #{highlossTgPoint,jdbcType=INTEGER}, </if>
      <if test="lowlossTgRate != null"> #{lowlossTgRate,jdbcType=DECIMAL}, </if>
      <if test="lowlossTgPoint != null"> #{lowlossTgPoint,jdbcType=INTEGER}, </if>
      <if test="econrunTgRate != null"> #{econrunTgRate,jdbcType=DECIMAL}, </if>
      <if test="econrunTgPoint != null"> #{econrunTgPoint,jdbcType=INTEGER}, </if>
      <if test="tgHandleRate != null"> #{tgHandleRate,jdbcType=DECIMAL}, </if>
      <if test="tgHandlePoint != null"> #{tgHandlePoint,jdbcType=INTEGER}, </if>
      <if test="powerfeesZeroRate != null"> #{powerfeesZeroRate,jdbcType=DECIMAL}, </if>
      <if test="powerfeesZeroPoint != null"> #{powerfeesZeroPoint,jdbcType=INTEGER}, </if>
      <if test="exceptTgNum != null"> #{exceptTgNum,jdbcType=INTEGER}, </if>
      <if test="exceptTgPoint != null"> #{exceptTgPoint,jdbcType=INTEGER}, </if>
      <if test="powerbackHandleRate != null"> #{powerbackHandleRate,jdbcType=DECIMAL}, </if>
      <if test="powerbackHandlePoint != null"> #{powerbackHandlePoint,jdbcType=INTEGER}, </if>
      <if test="complaintWorkorderNum != null"> #{complaintWorkorderNum,jdbcType=INTEGER}, </if>
      <if test="complaintWorkorderPoint != null"> #{complaintWorkorderPoint,jdbcType=INTEGER}, </if>
      <if test="repairSceneRate != null"> #{repairSceneRate,jdbcType=DECIMAL}, </if>
      <if test="repairScenePoint != null"> #{repairScenePoint,jdbcType=INTEGER}, </if>
      <if test="meterHandleRate != null"> #{meterHandleRate,jdbcType=DECIMAL}, </if>
      <if test="meterHandlePoint != null"> #{meterHandlePoint,jdbcType=INTEGER}, </if>
      <if test="ranking != null"> #{ranking,jdbcType=VARCHAR}, </if>
      <if test="orgNo != null"> #{orgNo,jdbcType=VARCHAR}, </if>
    </trim>
  </insert>

  <insert id="insertAcCity" parameterType="org.dfzt.entity.po.AcCity">
    insert into ac_city
    <trim prefix="(" suffix=")" suffixOverrides=",">
      <if test="id != null"> id, </if>
      <if test="cityName != null"> city_name, </if>
      <if test="toPoint != null"> to_point, </if>
      <if test="tgName != null"> tg_name, </if>
      <if test="dateDm != null"> date_dm, </if>
      <if test="dataDate != null"> data_date, </if>
      <if test="colSuccRate != null"> col_succ_rate, </if>
      <if test="colSuccPoint != null"> col_succ_point, </if>
      <if test="colFailRate != null"> col_fail_rate, </if>
      <if test="colFailPoint != null"> col_fail_point, </if>
      <if test="costconComeRate != null"> costcon_come_rate, </if>
      <if test="costconComePoint != null"> costcon_come_point, </if>
      <if test="costconStopRate != null"> costcon_stop_rate, </if>
      <if test="costconStopPoint != null"> costcon_stop_point, </if>
      <if test="autoPublishRate != null"> auto_publish_rate, </if>
      <if test="autoPublishPoint != null"> auto_publish_point, </if>
      <if test="lowLinelossRate != null"> low_lineloss_rate, </if>
      <if test="lowLinelossPoint != null"> low_lineloss_point, </if>
      <if test="highlossTgRate != null"> highloss_tg_rate, </if>
      <if test="highlossTgPoint != null"> highloss_tg_point, </if>
      <if test="lowlossTgRate != null"> lowloss_tg_rate, </if>
      <if test="lowlossTgPoint != null"> lowloss_tg_point, </if>
      <if test="econrunTgRate != null"> econrun_tg_rate, </if>
      <if test="econrunTgPoint != null"> econrun_tg_point, </if>
      <if test="tgHandleRate != null"> tg_handle_rate, </if>
      <if test="tgHandlePoint != null"> tg_handle_point, </if>
      <if test="powerfeesZeroRate != null"> powerfees_zero_rate, </if>
      <if test="powerfeesZeroPoint != null"> powerfees_zero_point, </if>
      <if test="exceptTgNum != null"> except_tg_num, </if>
      <if test="exceptTgPoint != null"> except_tg_point, </if>
      <if test="powerbackHandleRate != null"> powerback_handle_rate, </if>
      <if test="powerbackHandlePoint != null"> powerback_handle_point, </if>
      <if test="complaintWorkorderNum != null"> complaint_workorder_num, </if>
      <if test="complaintWorkorderPoint != null"> complaint_workorder_point, </if>
      <if test="repairSceneRate != null"> repair_scene_rate, </if>
      <if test="repairScenePoint != null"> repair_scene_point, </if>
      <if test="meterHandleRate != null"> meter_handle_rate, </if>
      <if test="meterHandlePoint != null"> meter_handle_point, </if>
      <if test="ranking != null"> ranking, </if>
      <if test="orgNo != null"> org_no, </if>
    </trim>
    <trim prefix="values (" suffix=")" suffixOverrides=",">
      <if test="id != null"> #{id,jdbcType=INTEGER}, </if>
      <if test="cityName != null"> #{cityName,jdbcType=VARCHAR}, </if>
      <if test="toPoint != null"> #{toPoint,jdbcType=VARCHAR}, </if>
      <if test="tgName != null"> #{tgName,jdbcType=VARCHAR}, </if>
      <if test="dateDm != null"> #{dateDm,jdbcType=VARCHAR}, </if>
      <if test="dataDate != null"> #{dataDate,jdbcType=TIMESTAMP}, </if>
      <if test="colSuccRate != null"> #{colSuccRate,jdbcType=DECIMAL}, </if>
      <if test="colSuccPoint != null"> #{colSuccPoint,jdbcType=INTEGER}, </if>
      <if test="colFailRate != null"> #{colFailRate,jdbcType=DECIMAL}, </if>
      <if test="colFailPoint != null"> #{colFailPoint,jdbcType=INTEGER}, </if>
      <if test="costconComeRate != null"> #{costconComeRate,jdbcType=DECIMAL}, </if>
      <if test="costconComePoint != null"> #{costconComePoint,jdbcType=INTEGER}, </if>
      <if test="costconStopRate != null"> #{costconStopRate,jdbcType=DECIMAL}, </if>
      <if test="costconStopPoint != null"> #{costconStopPoint,jdbcType=INTEGER}, </if>
      <if test="autoPublishRate != null"> #{autoPublishRate,jdbcType=DECIMAL}, </if>
      <if test="autoPublishPoint != null"> #{autoPublishPoint,jdbcType=INTEGER}, </if>
      <if test="lowLinelossRate != null"> #{lowLinelossRate,jdbcType=DECIMAL}, </if>
      <if test="lowLinelossPoint != null"> #{lowLinelossPoint,jdbcType=INTEGER}, </if>
      <if test="highlossTgRate != null"> #{highlossTgRate,jdbcType=DECIMAL}, </if>
      <if test="highlossTgPoint != null"> #{highlossTgPoint,jdbcType=INTEGER}, </if>
      <if test="lowlossTgRate != null"> #{lowlossTgRate,jdbcType=DECIMAL}, </if>
      <if test="lowlossTgPoint != null"> #{lowlossTgPoint,jdbcType=INTEGER}, </if>
      <if test="econrunTgRate != null"> #{econrunTgRate,jdbcType=DECIMAL}, </if>
      <if test="econrunTgPoint != null"> #{econrunTgPoint,jdbcType=INTEGER}, </if>
      <if test="tgHandleRate != null"> #{tgHandleRate,jdbcType=DECIMAL}, </if>
      <if test="tgHandlePoint != null"> #{tgHandlePoint,jdbcType=INTEGER}, </if>
      <if test="powerfeesZeroRate != null"> #{powerfeesZeroRate,jdbcType=DECIMAL}, </if>
      <if test="powerfeesZeroPoint != null"> #{powerfeesZeroPoint,jdbcType=INTEGER}, </if>
      <if test="exceptTgNum != null"> #{exceptTgNum,jdbcType=INTEGER}, </if>
      <if test="exceptTgPoint != null"> #{exceptTgPoint,jdbcType=INTEGER}, </if>
      <if test="powerbackHandleRate != null"> #{powerbackHandleRate,jdbcType=DECIMAL}, </if>
      <if test="powerbackHandlePoint != null"> #{powerbackHandlePoint,jdbcType=INTEGER}, </if>
      <if test="complaintWorkorderNum != null"> #{complaintWorkorderNum,jdbcType=INTEGER}, </if>
      <if test="complaintWorkorderPoint != null"> #{complaintWorkorderPoint,jdbcType=INTEGER}, </if>
      <if test="repairSceneRate != null"> #{repairSceneRate,jdbcType=DECIMAL}, </if>
      <if test="repairScenePoint != null"> #{repairScenePoint,jdbcType=INTEGER}, </if>
      <if test="meterHandleRate != null"> #{meterHandleRate,jdbcType=DECIMAL}, </if>
      <if test="meterHandlePoint != null"> #{meterHandlePoint,jdbcType=INTEGER}, </if>
      <if test="ranking != null"> #{ranking,jdbcType=VARCHAR}, </if>
      <if test="orgNo != null"> #{orgNo,jdbcType=VARCHAR}, </if>
    </trim>
  </insert>

  <insert id="insertAcStation" parameterType="org.dfzt.entity.po.AcStation">
    insert into ac_station
    <trim prefix="(" suffix=")" suffixOverrides=",">
      <if test="id != null"> id, </if>
      <if test="stationName != null"> station_name, </if>
      <if test="toPoint != null"> to_point, </if>
      <if test="tgName != null"> tg_name, </if>
      <if test="dateDm != null"> date_dm, </if>
      <if test="dataDate != null"> data_date, </if>
      <if test="colSuccRate != null"> col_succ_rate, </if>
      <if test="colSuccPoint != null"> col_succ_point, </if>
      <if test="colFailRate != null"> col_fail_rate, </if>
      <if test="colFailPoint != null"> col_fail_point, </if>
      <if test="costconComeRate != null"> costcon_come_rate, </if>
      <if test="costconComePoint != null"> costcon_come_point, </if>
      <if test="costconStopRate != null"> costcon_stop_rate, </if>
      <if test="costconStopPoint != null"> costcon_stop_point, </if>
      <if test="autoPublishRate != null"> auto_publish_rate, </if>
      <if test="autoPublishPoint != null"> auto_publish_point, </if>
      <if test="lowLinelossRate != null"> low_lineloss_rate, </if>
      <if test="lowLinelossPoint != null"> low_lineloss_point, </if>
      <if test="highlossTgRate != null"> highloss_tg_rate, </if>
      <if test="highlossTgPoint != null"> highloss_tg_point, </if>
      <if test="lowlossTgRate != null"> lowloss_tg_rate, </if>
      <if test="lowlossTgPoint != null"> lowloss_tg_point, </if>
      <if test="econrunTgRate != null"> econrun_tg_rate, </if>
      <if test="econrunTgPoint != null"> econrun_tg_point, </if>
      <if test="tgHandleRate != null"> tg_handle_rate, </if>
      <if test="tgHandlePoint != null"> tg_handle_point, </if>
      <if test="powerfeesZeroRate != null"> powerfees_zero_rate, </if>
      <if test="powerfeesZeroPoint != null"> powerfees_zero_point, </if>
      <if test="exceptTgNum != null"> except_tg_num, </if>
      <if test="exceptTgPoint != null"> except_tg_point, </if>
      <if test="powerbackHandleRate != null"> powerback_handle_rate, </if>
      <if test="powerbackHandlePoint != null"> powerback_handle_point, </if>
      <if test="complaintWorkorderNum != null"> complaint_workorder_num, </if>
      <if test="complaintWorkorderPoint != null"> complaint_workorder_point, </if>
      <if test="repairSceneRate != null"> repair_scene_rate, </if>
      <if test="repairScenePoint != null"> repair_scene_point, </if>
      <if test="meterHandleRate != null"> meter_handle_rate, </if>
      <if test="meterHandlePoint != null"> meter_handle_point, </if>
      <if test="acCountyId != null"> ac_county_id, </if>
      <if test="ranking != null"> ranking, </if>
      <if test="orgNo != null"> org_no, </if>
    </trim>
    <trim prefix="values (" suffix=")" suffixOverrides=",">
      <if test="id != null"> #{id,jdbcType=INTEGER}, </if>
      <if test="stationName != null"> #{stationName,jdbcType=VARCHAR}, </if>
      <if test="toPoint != null"> #{toPoint,jdbcType=INTEGER}, </if>
      <if test="tgName != null"> #{tgName,jdbcType=VARCHAR}, </if>
      <if test="dateDm != null"> #{dateDm,jdbcType=VARCHAR}, </if>
      <if test="dataDate != null"> #{dataDate,jdbcType=TIMESTAMP}, </if>
      <if test="colSuccRate != null"> #{colSuccRate,jdbcType=DECIMAL}, </if>
      <if test="colSuccPoint != null"> #{colSuccPoint,jdbcType=INTEGER}, </if>
      <if test="colFailRate != null"> #{colFailRate,jdbcType=DECIMAL}, </if>
      <if test="colFailPoint != null"> #{colFailPoint,jdbcType=INTEGER}, </if>
      <if test="costconComeRate != null"> #{costconComeRate,jdbcType=DECIMAL}, </if>
      <if test="costconComePoint != null"> #{costconComePoint,jdbcType=INTEGER}, </if>
      <if test="costconStopRate != null"> #{costconStopRate,jdbcType=DECIMAL}, </if>
      <if test="costconStopPoint != null"> #{costconStopPoint,jdbcType=INTEGER}, </if>
      <if test="autoPublishRate != null"> #{autoPublishRate,jdbcType=DECIMAL}, </if>
      <if test="autoPublishPoint != null"> #{autoPublishPoint,jdbcType=INTEGER}, </if>
      <if test="lowLinelossRate != null"> #{lowLinelossRate,jdbcType=DECIMAL}, </if>
      <if test="lowLinelossPoint != null"> #{lowLinelossPoint,jdbcType=INTEGER}, </if>
      <if test="highlossTgRate != null"> #{highlossTgRate,jdbcType=DECIMAL}, </if>
      <if test="highlossTgPoint != null"> #{highlossTgPoint,jdbcType=INTEGER}, </if>
      <if test="lowlossTgRate != null"> #{lowlossTgRate,jdbcType=DECIMAL}, </if>
      <if test="lowlossTgPoint != null"> #{lowlossTgPoint,jdbcType=INTEGER}, </if>
      <if test="econrunTgRate != null"> #{econrunTgRate,jdbcType=DECIMAL}, </if>
      <if test="econrunTgPoint != null"> #{econrunTgPoint,jdbcType=INTEGER}, </if>
      <if test="tgHandleRate != null"> #{tgHandleRate,jdbcType=DECIMAL}, </if>
      <if test="tgHandlePoint != null"> #{tgHandlePoint,jdbcType=INTEGER}, </if>
      <if test="powerfeesZeroRate != null"> #{powerfeesZeroRate,jdbcType=DECIMAL}, </if>
      <if test="powerfeesZeroPoint != null"> #{powerfeesZeroPoint,jdbcType=INTEGER}, </if>
      <if test="exceptTgNum != null"> #{exceptTgNum,jdbcType=INTEGER}, </if>
      <if test="exceptTgPoint != null"> #{exceptTgPoint,jdbcType=INTEGER}, </if>
      <if test="powerbackHandleRate != null"> #{powerbackHandleRate,jdbcType=DECIMAL}, </if>
      <if test="powerbackHandlePoint != null"> #{powerbackHandlePoint,jdbcType=INTEGER}, </if>
      <if test="complaintWorkorderNum != null"> #{complaintWorkorderNum,jdbcType=INTEGER}, </if>
      <if test="complaintWorkorderPoint != null"> #{complaintWorkorderPoint,jdbcType=INTEGER}, </if>
      <if test="repairSceneRate != null"> #{repairSceneRate,jdbcType=DECIMAL}, </if>
      <if test="repairScenePoint != null"> #{repairScenePoint,jdbcType=INTEGER}, </if>
      <if test="meterHandleRate != null"> #{meterHandleRate,jdbcType=DECIMAL}, </if>
      <if test="meterHandlePoint != null"> #{meterHandlePoint,jdbcType=INTEGER}, </if>
      <if test="acCountyId != null"> #{acCountyId,jdbcType=VARCHAR}, </if>
      <if test="ranking != null"> #{ranking,jdbcType=VARCHAR}, </if>
      <if test="orgNo != null"> #{orgNo,jdbcType=VARCHAR}, </if>
    </trim>
  </insert>


  <insert id="insertAcManager" parameterType="org.dfzt.entity.po.AcManager">
    insert into ac_manager
    <trim prefix="(" suffix=")" suffixOverrides=",">
      <if test="id != null"> id, </if>
      <if test="tgManager != null"> tg_manager, </if>
      <if test="tgNo != null"> tg_no, </if>
      <if test="tgName != null"> tg_name, </if>
      <if test="toPoint != null"> to_point, </if>
      <if test="ymd != null"> ymd, </if>
      <if test="data_date != null"> data_date, </if>
      <if test="colSuccRate != null"> col_succ_rate, </if>
      <if test="colSuccPoint != null"> col_succ_point, </if>
      <if test="colFailRate != null"> col_fail_rate, </if>
      <if test="colFailPoint != null"> col_fail_point, </if>
      <if test="costconComeRate != null"> costcon_come_rate, </if>
      <if test="costconComePoint != null"> costcon_come_point, </if>
      <if test="costconStopRate != null"> costcon_stop_rate, </if>
      <if test="costconStopPoint != null"> costcon_stop_point, </if>
      <if test="autoPublishRate != null"> auto_publish_rate, </if>
      <if test="autoPublishPoint != null"> auto_publish_point, </if>
      <if test="lowLinelossRate != null"> low_lineloss_rate, </if>
      <if test="lowLinelossPoint != null"> low_lineloss_point, </if>
      <if test="highlossTgRate != null"> highloss_tg_rate, </if>
      <if test="highlossTgPoint != null"> highloss_tg_point, </if>
      <if test="lowlossTgRate != null"> lowloss_tg_rate, </if>
      <if test="lowlossTgPoint != null"> lowloss_tg_point, </if>
      <if test="econrunTgRate != null"> econrun_tg_rate, </if>
      <if test="econrunTgPoint != null"> econrun_tg_point, </if>
      <if test="tgHandleRate != null"> tg_handle_rate, </if>
      <if test="tgHandlePoint != null"> tg_handle_point, </if>
      <if test="powerfeesZeroRate != null"> powerfees_zero_rate, </if>
      <if test="powerfeesZeroPoint != null"> powerfees_zero_point, </if>
      <if test="exceptTgNum != null"> except_tg_num, </if>
      <if test="exceptTgPoint != null"> except_tg_point, </if>
      <if test="powerbackHandleRate != null"> powerback_handle_rate, </if>
      <if test="powerbackHandlePoint != null"> powerback_handle_point, </if>
      <if test="complaintWorkorderNum != null"> complaint_workorder_num, </if>
      <if test="complaintWorkorderPoint != null"> complaint_workorder_point, </if>
      <if test="repairSceneRate != null"> repair_scene_rate, </if>
      <if test="repairScenePoint != null"> repair_scene_point, </if>
      <if test="meterHandleRate != null"> meter_handle_rate, </if>
      <if test="meterHandlePoint != null"> meter_handle_point, </if>
      <if test="totalScore != null"> total_score, </if>
      <if test="acStationId != null"> ac_station_id, </if>
      <if test="acCountyId != null"> ac_county_id, </if>
    </trim>
    <trim prefix="values (" suffix=")" suffixOverrides=",">
      <if test="id != null"> #{id,jdbcType=INTEGER}, </if>
      <if test="tgManager != null"> #{tgManager,jdbcType=VARCHAR}, </if>
      <if test="tgNo != null"> #{tgNo,jdbcType=VARCHAR}, </if>
      <if test="tgName != null"> #{tgName,jdbcType=VARCHAR}, </if>
      <if test="toPoint != null"> #{toPoint,jdbcType=VARCHAR}, </if>
      <if test="ymd != null"> #{ymd,jdbcType=VARCHAR}, </if>
      <if test="data_date != null"> #{data_date,jdbcType=TIMESTAMP}, </if>
      <if test="colSuccRate != null"> #{colSuccRate,jdbcType=DECIMAL}, </if>
      <if test="colSuccPoint != null"> #{colSuccPoint,jdbcType=INTEGER}, </if>
      <if test="colFailRate != null"> #{colFailRate,jdbcType=DECIMAL}, </if>
      <if test="colFailPoint != null"> #{colFailPoint,jdbcType=INTEGER}, </if>
      <if test="costconComeRate != null"> #{costconComeRate,jdbcType=DECIMAL}, </if>
      <if test="costconComePoint != null"> #{costconComePoint,jdbcType=INTEGER}, </if>
      <if test="costconStopRate != null"> #{costconStopRate,jdbcType=DECIMAL}, </if>
      <if test="costconStopPoint != null"> #{costconStopPoint,jdbcType=INTEGER}, </if>
      <if test="autoPublishRate != null"> #{autoPublishRate,jdbcType=DECIMAL}, </if>
      <if test="autoPublishPoint != null"> #{autoPublishPoint,jdbcType=INTEGER}, </if>
      <if test="lowLinelossRate != null"> #{lowLinelossRate,jdbcType=DECIMAL}, </if>
      <if test="lowLinelossPoint != null"> #{lowLinelossPoint,jdbcType=INTEGER}, </if>
      <if test="highlossTgRate != null"> #{highlossTgRate,jdbcType=DECIMAL}, </if>
      <if test="highlossTgPoint != null"> #{highlossTgPoint,jdbcType=INTEGER}, </if>
      <if test="lowlossTgRate != null"> #{lowlossTgRate,jdbcType=DECIMAL}, </if>
      <if test="lowlossTgPoint != null"> #{lowlossTgPoint,jdbcType=INTEGER}, </if>
      <if test="econrunTgRate != null"> #{econrunTgRate,jdbcType=DECIMAL}, </if>
      <if test="econrunTgPoint != null"> #{econrunTgPoint,jdbcType=INTEGER}, </if>
      <if test="tgHandleRate != null"> #{tgHandleRate,jdbcType=DECIMAL}, </if>
      <if test="tgHandlePoint != null"> #{tgHandlePoint,jdbcType=INTEGER}, </if>
      <if test="powerfeesZeroRate != null"> #{powerfeesZeroRate,jdbcType=DECIMAL}, </if>
      <if test="powerfeesZeroPoint != null"> #{powerfeesZeroPoint,jdbcType=INTEGER}, </if>
      <if test="exceptTgNum != null"> #{exceptTgNum,jdbcType=INTEGER}, </if>
      <if test="exceptTgPoint != null"> #{exceptTgPoint,jdbcType=INTEGER}, </if>
      <if test="powerbackHandleRate != null"> #{powerbackHandleRate,jdbcType=DECIMAL}, </if>
      <if test="powerbackHandlePoint != null"> #{powerbackHandlePoint,jdbcType=INTEGER}, </if>
      <if test="complaintWorkorderNum != null"> #{complaintWorkorderNum,jdbcType=INTEGER}, </if>
      <if test="complaintWorkorderPoint != null"> #{complaintWorkorderPoint,jdbcType=INTEGER}, </if>
      <if test="repairSceneRate != null"> #{repairSceneRate,jdbcType=DECIMAL}, </if>
      <if test="repairScenePoint != null"> #{repairScenePoint,jdbcType=INTEGER}, </if>
      <if test="meterHandleRate != null"> #{meterHandleRate,jdbcType=DECIMAL}, </if>
      <if test="meterHandlePoint != null"> #{meterHandlePoint,jdbcType=INTEGER}, </if>
      <if test="totalScore != null"> #{totalScore,jdbcType=INTEGER}, </if>
      <if test="acStationId != null"> #{acStationId,jdbcType=VARCHAR}, </if>
      <if test="acCountyId != null"> #{acCountyId,jdbcType=VARCHAR}, </if>
    </trim>
  </insert>


<!--  <select id="selectAcCountyFromOrg" resultType="java.lang.String">-->
<!--    select org_name from fro_cms_epsa_md.sa_org where p_org_no = '15421' and org_no not in ('1542105','1542121','1542122') and is_delete='0'-->
<!--  </select>-->

  <select id="selectAcCountyFromOrgs" resultType="org.dfzt.entity.po.consTgScm">
    select org_name,org_no from fro_cms_epsa_md.sa_org where p_org_no = '15421' and is_delete='0'
  </select>

  <select id="selectAcStationFromOrg" resultType="org.dfzt.entity.po.consTgScm">
    select org_name,org_no,p_org_no from fro_cms_epsa_md.sa_org where is_delete='0' and p_org_no in (select org_no from fro_cms_epsa_md.sa_org where p_org_no = '15421' and is_delete='0')
  </select>

<!--  <select id="selectAcStationFromOrg1" resultType="org.dfzt.entity.po.consTgScm">-->
<!--    select org_name,org_no,p_org_no from fro_cms_epsa_md.sa_org where is_delete='0' and p_org_no in ('1542121','1542122') and org_no != '154212101' and is_delete='0'-->
<!--  </select>-->

  <select id="selectAcStationFromOrg2" resultType="java.lang.String">
    select org_name from fro_cms_epsa_md.sa_org where p_org_no=#{orgNo} and is_delete='0'
  </select>

  <select id="selectAcCountyList" resultType="org.dfzt.entity.po.consTgScm">
    select distinct p_org_name from cons_tg
  </select>

  <select id="selectAcStationList" resultType="org.dfzt.entity.po.consTgScm">
    select distinct org_name,p_org_no from cons_tg
  </select>

  <select id="selectAcManagerList" resultType="org.dfzt.entity.po.consTgScm">
    select distinct real_name,org_no,p_org_no from cons_tg
  </select>

  <select id="selectAcMans" resultType="org.dfzt.entity.po.AcManager">
    select * from ac_manager where ac_station_id =#{orgNo} and ymd like concat(#{ymd},'%')
  </select>

  <select id="selectAcStas" resultType="org.dfzt.entity.po.AcStation">
    select * from ac_station where ac_county_id =#{orgNo} and date_dm like concat(#{ymd},'%')
  </select>
<!--  -->
<!--  <select id="selectCouList" resultType="org.dfzt.entity.po.AcCounty">-->
<!--    select * from ac_county-->
<!--  </select>-->

  <select id="getAcManDetails1" resultType="org.dfzt.entity.po.CollectWorkOrder">
    select * from collect_work_order
    where tg_manager=#{tgManager}
    and work_order_ctime like concat(#{ymd},'%')
    and fail_details_id is not null
  </select>

  <select id="getAcStaDetails1" resultType="org.dfzt.entity.po.CollectWorkOrder">
    select * from collect_work_order
    where org_name=#{orgName}
    and work_order_ctime like concat(#{ymd},'%')
    and fail_details_id is not null
  </select>

  <select id="getAcCouDetails1" resultType="org.dfzt.entity.po.CollectWorkOrder">
    select * from collect_work_order
    where p_org_name=#{pOrgName}
    and work_order_ctime like concat(#{ymd},'%')
    and fail_details_id is not null
  </select>

  <select id="getAcCityDetails1" resultType="org.dfzt.entity.po.CollectWorkOrder">
    select * from collect_work_order
    where work_order_ctime like concat(#{ymd},'%')
    and fail_details_id is not null
    limit 0,50
  </select>

  <select id="selectAcCity1" resultType="java.lang.Integer">
    select count(*) from collect_work_order where work_order_ctime like concat(#{ymd},'%')
  </select>

  <select id="selectAllnums" resultType="java.lang.Integer">
    select count(*) from c_cons where status_code !='9' and org_no like '15421%'
  </select>

  <select id="selectAcCityzb2" resultType="java.lang.Integer">
    select count(*) from collect_work_order
    where work_order_ctime like concat (#{ymd},'%')
    and fail_details_id is not null
    and work_order_status ='1'
  </select>


  <select id="selectFee3" resultType="java.lang.Integer">
    select count(1) from A_RCA_CTRL_DET where to_char(remote_date,'yyyy-MM-dd') = #{ymd}
    and ctrl_type = '03'
    <if test="remote !=null">
      and remote_rslt=#{remote}
    </if>
    and org_no like '15421%'
  </select>

  <select id="selectFee4" resultType="java.lang.Integer">
    select count(1) from A_RCA_CTRL_DET where to_char(remote_date,'yyyy-MM-dd') = #{ymd}
    and ctrl_type = '02'
    <if test="remote !=null">
      and remote_rslt=#{remote}
    </if>
    and org_no like '15421%'
  </select>


  <select id="selectLoss6" resultType="java.math.BigDecimal">
    select sum(loss_pq)/sum(ppq) from lineloss_synana where data_date like concat (#{ymd},'%')
  </select>

  <select id="selectLoss61" resultType="java.math.BigDecimal">
    select sum(loss_pq)/sum(ppq) from lineloss_synana where data_date like concat (#{ymd},'%')
  </select>


  <select id="selectLine8" resultType="java.lang.Integer">
    select count(*) from lineloss_synana where
    data_date like concat('%',#{ymd},'%')
    and loss_pq &gt;= 6
  </select>


  <select id="selectLine9" resultType="java.lang.Integer">
    select count(*) from lineloss_synana where
    data_date like concat('%',#{ymd},'%')
    and loss_pq &lt;= -1
  </select>
  <select id="selectLine10" resultType="java.lang.Integer">
    select count(*) from lineloss_synana where
    data_date like concat('%',#{ymd},'%')
    and loss_pq &gt;= 0 and loss_pq &lt;= 4
  </select>

  <select id="selectActgNums" resultType="java.lang.Integer">
    select count(*) from g_tg where run_status_code='01' and org_no like '15421%'
  </select>


  <select id="selectAcCou11a" resultType="java.math.BigDecimal">
    select sum(rcvbl_amt) from recycle_work_order
    where rcvbl_ym like concat ('%',#{ym},'%')
  </select>

  <select id="selectAcCou11b" resultType="java.math.BigDecimal">
    select sum(rcvbl_penalty) from recycle_work_order
    where rcvbl_ym like concat ('%',#{ym},'%') and work_order_status !='4'
  </select>


  <select id="selectAc13" resultType="java.lang.Integer">
    select count(*) from feecontrol_work_order
    where work_order_ctime like concat ('%',#{ymd},'%') and fail_time_period &lt;= 45 or work_order_status='4'
  </select>

  <select id="selectAc13a" resultType="java.lang.Integer">
    select count(*) from feecontrol_work_order
    where work_order_ctime like concat ('%',#{ymd},'%')
  </select>

  <select id="selectAc14tou" resultType="java.lang.Integer">
    select count(*) from superior_work_order where work_order_ctime1=#{ymd} and busi_type_code like concat('%','投诉','%')
  </select>

  <select id="selectAc14yi" resultType="java.lang.Integer">
    select count(*) from superior_work_order where work_order_ctime1=#{ymd} and busi_type_code like concat('%','意见','%')
  </select>

  <select id="selectAc16a" resultType="java.lang.Integer">
    select count(*) from meter_work_order where work_order_ctime like concat(#{ymd},'%')
  </select>

  <select id="selectAc16" resultType="java.lang.Integer">
    select count(*) from meter_work_order where work_order_ctime like concat(#{ymd},'%') and work_order_cycle !='2'
  </select>
</mapper>
