<?xml version="1.0" encoding="UTF-8" ?>
<!DOCTYPE mapper PUBLIC "-//mybatis.org//DTD Mapper 3.0//EN" "http://mybatis.org/dtd/mybatis-3-mapper.dtd" >
<mapper namespace="org.dfzt.mapper.AcManagerMapper" >
  <resultMap id="BaseResultMap" type="org.dfzt.entity.po.AcManager" >
    <id column="id" property="id" jdbcType="INTEGER" />
    <result column="tg_manager" property="tgManager" jdbcType="VARCHAR" />
    <result column="tg_no" property="tgNo" jdbcType="VARCHAR" />
    <result column="to_point" property="toPoint" jdbcType="VARCHAR" />
    <result column="date_dm" property="dateDm" jdbcType="VARCHAR" />
    <result column="data_date" property="dataDate" jdbcType="TIMESTAMP" />
    <result column="col_succ_rate" property="colSuccRate" jdbcType="DECIMAL" />
    <result column="col_succ_point" property="colSuccPoint" jdbcType="INTEGER" />
    <result column="col_fail_rate" property="colFailRate" jdbcType="DECIMAL" />
    <result column="col_fail_point" property="colFailPoint" jdbcType="INTEGER" />
    <result column="costcon_come_rate" property="costconComeRate" jdbcType="DECIMAL" />
    <result column="costcon_come_point" property="costconComePoint" jdbcType="INTEGER" />
    <result column="costcon_stop_rate" property="costconStopRate" jdbcType="DECIMAL" />
    <result column="costcon_stop_point" property="costconStopPoint" jdbcType="INTEGER" />
    <result column="auto_publish_rate" property="autoPublishRate" jdbcType="DECIMAL" />
    <result column="auto_publish_point" property="autoPublishPoint" jdbcType="INTEGER" />
    <result column="low_lineloss_rate" property="lowLinelossRate" jdbcType="DECIMAL" />
    <result column="low_lineloss_point" property="lowLinelossPoint" jdbcType="INTEGER" />
    <result column="highloss_tg_rate" property="highlossTgRate" jdbcType="DECIMAL" />
    <result column="highloss_tg_point" property="highlossTgPoint" jdbcType="INTEGER" />
    <result column="lowloss_tg_rate" property="lowlossTgRate" jdbcType="DECIMAL" />
    <result column="lowloss_tg_point" property="lowlossTgPoint" jdbcType="INTEGER" />
    <result column="econrun_tg_rate" property="econrunTgRate" jdbcType="DECIMAL" />
    <result column="econrun_tg_point" property="econrunTgPoint" jdbcType="INTEGER" />
    <result column="tg_handle_rate" property="tgHandleRate" jdbcType="DECIMAL" />
    <result column="tg_handle_point" property="tgHandlePoint" jdbcType="INTEGER" />
    <result column="powerfees_zero_rate" property="powerfeesZeroRate" jdbcType="DECIMAL" />
    <result column="powerfees_zero_point" property="powerfeesZeroPoint" jdbcType="INTEGER" />
    <result column="except_tg_num" property="exceptTgNum" jdbcType="INTEGER" />
    <result column="except_tg_point" property="exceptTgPoint" jdbcType="INTEGER" />
    <result column="powerback_handle_rate" property="powerbackHandleRate" jdbcType="DECIMAL" />
    <result column="powerback_handle_point" property="powerbackHandlePoint" jdbcType="INTEGER" />
    <result column="complaint_workorder_num" property="complaintWorkorderNum" jdbcType="INTEGER" />
    <result column="complaint_workorder_point" property="complaintWorkorderPoint" jdbcType="INTEGER" />
    <result column="repair_scene_rate" property="repairSceneRate" jdbcType="DECIMAL" />
    <result column="repair_scene_point" property="repairScenePoint" jdbcType="INTEGER" />
    <result column="meter_handle_rate" property="meterHandleRate" jdbcType="DECIMAL" />
    <result column="meter_handle_point" property="meterHandlePoint" jdbcType="INTEGER" />
    <result column="total_score" property="totalScore" jdbcType="INTEGER" />
    <result column="ac_station_id" property="acStationId" jdbcType="INTEGER" />
    <result column="ac_county_id" property="acCountyId" jdbcType="INTEGER" />
  </resultMap>
  <sql id="Base_Column_List" >
    id, tg_manager, tg_no, fail_count, data_date, col_succ_rate, col_succ_point, col_fail_rate,
    col_fail_point, costcon_come_rate, costcon_come_point, costcon_stop_rate, costcon_stop_point, 
    auto_publish_rate, auto_publish_point, low_lineloss_rate, low_lineloss_point, highloss_tg_rate, 
    highloss_tg_point, lowloss_tg_rate, lowloss_tg_point, econrun_tg_rate, econrun_tg_point, 
    tg_handle_rate, tg_handle_point, powerfees_zero_rate, powerfees_zero_point, except_tg_num, 
    except_tg_point, powerback_handle_rate, powerback_handle_point, complaint_workorder_num, 
    complaint_workorder_point, repair_scene_rate, repair_scene_point, meter_handle_rate, 
    meter_handle_point, total_score, ac_station_id, ac_county_id
  </sql>
  <select id="selectByPrimaryKey" resultMap="BaseResultMap" parameterType="java.lang.Integer" >
    select 
    <include refid="Base_Column_List" />
    from ac_manager
    where id = #{id,jdbcType=INTEGER}
  </select>

  <!--终止发现占比批量查询-->
    <select id="listAcCounty" resultType="org.dfzt.entity.po.AcManager">
      select * from ac_manager
      <where>
        <if test="ids !=null and ids.size()>0">
          <foreach collection="ids"  open="ac_station_id in ("  close=")"  item="uid" separator=",">
            #{uid}
          </foreach>
        </if>
      </where>
    </select>

    <delete id="deleteByPrimaryKey" parameterType="java.lang.Integer" >
    delete from ac_manager
    where id = #{id,jdbcType=INTEGER}
  </delete>
  <insert id="insert" parameterType="org.dfzt.entity.po.AcManager" >
    insert into ac_manager (id, tg_manager, tg_no, 
      fail_count, data_date, col_succ_rate,
      col_succ_point, col_fail_rate, col_fail_point, 
      costcon_come_rate, costcon_come_point, costcon_stop_rate, 
      costcon_stop_point, auto_publish_rate, auto_publish_point, 
      low_lineloss_rate, low_lineloss_point, highloss_tg_rate, 
      highloss_tg_point, lowloss_tg_rate, lowloss_tg_point, 
      econrun_tg_rate, econrun_tg_point, tg_handle_rate, 
      tg_handle_point, powerfees_zero_rate, powerfees_zero_point, 
      except_tg_num, except_tg_point, powerback_handle_rate, 
      powerback_handle_point, complaint_workorder_num, 
      complaint_workorder_point, repair_scene_rate, 
      repair_scene_point, meter_handle_rate, meter_handle_point, 
      total_score, ac_station_id, ac_county_id
      )
    values (#{id,jdbcType=INTEGER}, #{tgManager,jdbcType=VARCHAR}, #{tgNo,jdbcType=VARCHAR}, 
      #{failCount,jdbcType=VARCHAR}, #{dataDate,jdbcType=TIMESTAMP}, #{colSuccRate,jdbcType=DECIMAL},
      #{colSuccPoint,jdbcType=INTEGER}, #{colFailRate,jdbcType=DECIMAL}, #{colFailPoint,jdbcType=INTEGER}, 
      #{costconComeRate,jdbcType=DECIMAL}, #{costconComePoint,jdbcType=INTEGER}, #{costconStopRate,jdbcType=DECIMAL}, 
      #{costconStopPoint,jdbcType=INTEGER}, #{autoPublishRate,jdbcType=DECIMAL}, #{autoPublishPoint,jdbcType=INTEGER}, 
      #{lowLinelossRate,jdbcType=DECIMAL}, #{lowLinelossPoint,jdbcType=INTEGER}, #{highlossTgRate,jdbcType=DECIMAL}, 
      #{highlossTgPoint,jdbcType=INTEGER}, #{lowlossTgRate,jdbcType=DECIMAL}, #{lowlossTgPoint,jdbcType=INTEGER}, 
      #{econrunTgRate,jdbcType=DECIMAL}, #{econrunTgPoint,jdbcType=INTEGER}, #{tgHandleRate,jdbcType=DECIMAL}, 
      #{tgHandlePoint,jdbcType=INTEGER}, #{powerfeesZeroRate,jdbcType=DECIMAL}, #{powerfeesZeroPoint,jdbcType=INTEGER}, 
      #{exceptTgNum,jdbcType=INTEGER}, #{exceptTgPoint,jdbcType=INTEGER}, #{powerbackHandleRate,jdbcType=DECIMAL}, 
      #{powerbackHandlePoint,jdbcType=INTEGER}, #{complaintWorkorderNum,jdbcType=INTEGER}, 
      #{complaintWorkorderPoint,jdbcType=INTEGER}, #{repairSceneRate,jdbcType=DECIMAL}, 
      #{repairScenePoint,jdbcType=INTEGER}, #{meterHandleRate,jdbcType=DECIMAL}, #{meterHandlePoint,jdbcType=INTEGER}, 
      #{totalScore,jdbcType=INTEGER}, #{acStationId,jdbcType=INTEGER}, #{acCountyId,jdbcType=INTEGER}
      )
  </insert>
  <insert id="insertSelective" parameterType="org.dfzt.entity.po.AcManager" >
    insert into ac_manager
    <trim prefix="(" suffix=")" suffixOverrides="," >
      <if test="id != null" >
        id,
      </if>
      <if test="tgManager != null" >
        tg_manager,
      </if>
      <if test="tgNo != null" >
        tg_no,
      </if>
      <if test="failCount != null" >
        fail_count,
      </if>
      <if test="dataDate != null" >
        data_date,
      </if>
      <if test="colSuccRate != null" >
        col_succ_rate,
      </if>
      <if test="colSuccPoint != null" >
        col_succ_point,
      </if>
      <if test="colFailRate != null" >
        col_fail_rate,
      </if>
      <if test="colFailPoint != null" >
        col_fail_point,
      </if>
      <if test="costconComeRate != null" >
        costcon_come_rate,
      </if>
      <if test="costconComePoint != null" >
        costcon_come_point,
      </if>
      <if test="costconStopRate != null" >
        costcon_stop_rate,
      </if>
      <if test="costconStopPoint != null" >
        costcon_stop_point,
      </if>
      <if test="autoPublishRate != null" >
        auto_publish_rate,
      </if>
      <if test="autoPublishPoint != null" >
        auto_publish_point,
      </if>
      <if test="lowLinelossRate != null" >
        low_lineloss_rate,
      </if>
      <if test="lowLinelossPoint != null" >
        low_lineloss_point,
      </if>
      <if test="highlossTgRate != null" >
        highloss_tg_rate,
      </if>
      <if test="highlossTgPoint != null" >
        highloss_tg_point,
      </if>
      <if test="lowlossTgRate != null" >
        lowloss_tg_rate,
      </if>
      <if test="lowlossTgPoint != null" >
        lowloss_tg_point,
      </if>
      <if test="econrunTgRate != null" >
        econrun_tg_rate,
      </if>
      <if test="econrunTgPoint != null" >
        econrun_tg_point,
      </if>
      <if test="tgHandleRate != null" >
        tg_handle_rate,
      </if>
      <if test="tgHandlePoint != null" >
        tg_handle_point,
      </if>
      <if test="powerfeesZeroRate != null" >
        powerfees_zero_rate,
      </if>
      <if test="powerfeesZeroPoint != null" >
        powerfees_zero_point,
      </if>
      <if test="exceptTgNum != null" >
        except_tg_num,
      </if>
      <if test="exceptTgPoint != null" >
        except_tg_point,
      </if>
      <if test="powerbackHandleRate != null" >
        powerback_handle_rate,
      </if>
      <if test="powerbackHandlePoint != null" >
        powerback_handle_point,
      </if>
      <if test="complaintWorkorderNum != null" >
        complaint_workorder_num,
      </if>
      <if test="complaintWorkorderPoint != null" >
        complaint_workorder_point,
      </if>
      <if test="repairSceneRate != null" >
        repair_scene_rate,
      </if>
      <if test="repairScenePoint != null" >
        repair_scene_point,
      </if>
      <if test="meterHandleRate != null" >
        meter_handle_rate,
      </if>
      <if test="meterHandlePoint != null" >
        meter_handle_point,
      </if>
      <if test="totalScore != null" >
        total_score,
      </if>
      <if test="acStationId != null" >
        ac_station_id,
      </if>
      <if test="acCountyId != null" >
        ac_county_id,
      </if>
    </trim>
    <trim prefix="values (" suffix=")" suffixOverrides="," >
      <if test="id != null" >
        #{id,jdbcType=INTEGER},
      </if>
      <if test="tgManager != null" >
        #{tgManager,jdbcType=VARCHAR},
      </if>
      <if test="tgNo != null" >
        #{tgNo,jdbcType=VARCHAR},
      </if>
      <if test="failCount != null" >
        #{failCount,jdbcType=VARCHAR},
      </if>
      <if test="dataDate != null" >
        #{dataDate,jdbcType=TIMESTAMP},
      </if>
      <if test="colSuccRate != null" >
        #{colSuccRate,jdbcType=DECIMAL},
      </if>
      <if test="colSuccPoint != null" >
        #{colSuccPoint,jdbcType=INTEGER},
      </if>
      <if test="colFailRate != null" >
        #{colFailRate,jdbcType=DECIMAL},
      </if>
      <if test="colFailPoint != null" >
        #{colFailPoint,jdbcType=INTEGER},
      </if>
      <if test="costconComeRate != null" >
        #{costconComeRate,jdbcType=DECIMAL},
      </if>
      <if test="costconComePoint != null" >
        #{costconComePoint,jdbcType=INTEGER},
      </if>
      <if test="costconStopRate != null" >
        #{costconStopRate,jdbcType=DECIMAL},
      </if>
      <if test="costconStopPoint != null" >
        #{costconStopPoint,jdbcType=INTEGER},
      </if>
      <if test="autoPublishRate != null" >
        #{autoPublishRate,jdbcType=DECIMAL},
      </if>
      <if test="autoPublishPoint != null" >
        #{autoPublishPoint,jdbcType=INTEGER},
      </if>
      <if test="lowLinelossRate != null" >
        #{lowLinelossRate,jdbcType=DECIMAL},
      </if>
      <if test="lowLinelossPoint != null" >
        #{lowLinelossPoint,jdbcType=INTEGER},
      </if>
      <if test="highlossTgRate != null" >
        #{highlossTgRate,jdbcType=DECIMAL},
      </if>
      <if test="highlossTgPoint != null" >
        #{highlossTgPoint,jdbcType=INTEGER},
      </if>
      <if test="lowlossTgRate != null" >
        #{lowlossTgRate,jdbcType=DECIMAL},
      </if>
      <if test="lowlossTgPoint != null" >
        #{lowlossTgPoint,jdbcType=INTEGER},
      </if>
      <if test="econrunTgRate != null" >
        #{econrunTgRate,jdbcType=DECIMAL},
      </if>
      <if test="econrunTgPoint != null" >
        #{econrunTgPoint,jdbcType=INTEGER},
      </if>
      <if test="tgHandleRate != null" >
        #{tgHandleRate,jdbcType=DECIMAL},
      </if>
      <if test="tgHandlePoint != null" >
        #{tgHandlePoint,jdbcType=INTEGER},
      </if>
      <if test="powerfeesZeroRate != null" >
        #{powerfeesZeroRate,jdbcType=DECIMAL},
      </if>
      <if test="powerfeesZeroPoint != null" >
        #{powerfeesZeroPoint,jdbcType=INTEGER},
      </if>
      <if test="exceptTgNum != null" >
        #{exceptTgNum,jdbcType=INTEGER},
      </if>
      <if test="exceptTgPoint != null" >
        #{exceptTgPoint,jdbcType=INTEGER},
      </if>
      <if test="powerbackHandleRate != null" >
        #{powerbackHandleRate,jdbcType=DECIMAL},
      </if>
      <if test="powerbackHandlePoint != null" >
        #{powerbackHandlePoint,jdbcType=INTEGER},
      </if>
      <if test="complaintWorkorderNum != null" >
        #{complaintWorkorderNum,jdbcType=INTEGER},
      </if>
      <if test="complaintWorkorderPoint != null" >
        #{complaintWorkorderPoint,jdbcType=INTEGER},
      </if>
      <if test="repairSceneRate != null" >
        #{repairSceneRate,jdbcType=DECIMAL},
      </if>
      <if test="repairScenePoint != null" >
        #{repairScenePoint,jdbcType=INTEGER},
      </if>
      <if test="meterHandleRate != null" >
        #{meterHandleRate,jdbcType=DECIMAL},
      </if>
      <if test="meterHandlePoint != null" >
        #{meterHandlePoint,jdbcType=INTEGER},
      </if>
      <if test="totalScore != null" >
        #{totalScore,jdbcType=INTEGER},
      </if>
      <if test="acStationId != null" >
        #{acStationId,jdbcType=INTEGER},
      </if>
      <if test="acCountyId != null" >
        #{acCountyId,jdbcType=INTEGER},
      </if>
    </trim>
  </insert>
  <update id="updateByPrimaryKeySelective" parameterType="org.dfzt.entity.po.AcManager" >
    update ac_manager
    <set >
      <if test="tgManager != null" >
        tg_manager = #{tgManager,jdbcType=VARCHAR},
      </if>
      <if test="tgNo != null" >
        tg_no = #{tgNo,jdbcType=VARCHAR},
      </if>
      <if test="failCount != null" >
        fail_count = #{failCount,jdbcType=VARCHAR},
      </if>
      <if test="dataDate != null" >
        data_date = #{dataDate,jdbcType=TIMESTAMP},
      </if>
      <if test="colSuccRate != null" >
        col_succ_rate = #{colSuccRate,jdbcType=DECIMAL},
      </if>
      <if test="colSuccPoint != null" >
        col_succ_point = #{colSuccPoint,jdbcType=INTEGER},
      </if>
      <if test="colFailRate != null" >
        col_fail_rate = #{colFailRate,jdbcType=DECIMAL},
      </if>
      <if test="colFailPoint != null" >
        col_fail_point = #{colFailPoint,jdbcType=INTEGER},
      </if>
      <if test="costconComeRate != null" >
        costcon_come_rate = #{costconComeRate,jdbcType=DECIMAL},
      </if>
      <if test="costconComePoint != null" >
        costcon_come_point = #{costconComePoint,jdbcType=INTEGER},
      </if>
      <if test="costconStopRate != null" >
        costcon_stop_rate = #{costconStopRate,jdbcType=DECIMAL},
      </if>
      <if test="costconStopPoint != null" >
        costcon_stop_point = #{costconStopPoint,jdbcType=INTEGER},
      </if>
      <if test="autoPublishRate != null" >
        auto_publish_rate = #{autoPublishRate,jdbcType=DECIMAL},
      </if>
      <if test="autoPublishPoint != null" >
        auto_publish_point = #{autoPublishPoint,jdbcType=INTEGER},
      </if>
      <if test="lowLinelossRate != null" >
        low_lineloss_rate = #{lowLinelossRate,jdbcType=DECIMAL},
      </if>
      <if test="lowLinelossPoint != null" >
        low_lineloss_point = #{lowLinelossPoint,jdbcType=INTEGER},
      </if>
      <if test="highlossTgRate != null" >
        highloss_tg_rate = #{highlossTgRate,jdbcType=DECIMAL},
      </if>
      <if test="highlossTgPoint != null" >
        highloss_tg_point = #{highlossTgPoint,jdbcType=INTEGER},
      </if>
      <if test="lowlossTgRate != null" >
        lowloss_tg_rate = #{lowlossTgRate,jdbcType=DECIMAL},
      </if>
      <if test="lowlossTgPoint != null" >
        lowloss_tg_point = #{lowlossTgPoint,jdbcType=INTEGER},
      </if>
      <if test="econrunTgRate != null" >
        econrun_tg_rate = #{econrunTgRate,jdbcType=DECIMAL},
      </if>
      <if test="econrunTgPoint != null" >
        econrun_tg_point = #{econrunTgPoint,jdbcType=INTEGER},
      </if>
      <if test="tgHandleRate != null" >
        tg_handle_rate = #{tgHandleRate,jdbcType=DECIMAL},
      </if>
      <if test="tgHandlePoint != null" >
        tg_handle_point = #{tgHandlePoint,jdbcType=INTEGER},
      </if>
      <if test="powerfeesZeroRate != null" >
        powerfees_zero_rate = #{powerfeesZeroRate,jdbcType=DECIMAL},
      </if>
      <if test="powerfeesZeroPoint != null" >
        powerfees_zero_point = #{powerfeesZeroPoint,jdbcType=INTEGER},
      </if>
      <if test="exceptTgNum != null" >
        except_tg_num = #{exceptTgNum,jdbcType=INTEGER},
      </if>
      <if test="exceptTgPoint != null" >
        except_tg_point = #{exceptTgPoint,jdbcType=INTEGER},
      </if>
      <if test="powerbackHandleRate != null" >
        powerback_handle_rate = #{powerbackHandleRate,jdbcType=DECIMAL},
      </if>
      <if test="powerbackHandlePoint != null" >
        powerback_handle_point = #{powerbackHandlePoint,jdbcType=INTEGER},
      </if>
      <if test="complaintWorkorderNum != null" >
        complaint_workorder_num = #{complaintWorkorderNum,jdbcType=INTEGER},
      </if>
      <if test="complaintWorkorderPoint != null" >
        complaint_workorder_point = #{complaintWorkorderPoint,jdbcType=INTEGER},
      </if>
      <if test="repairSceneRate != null" >
        repair_scene_rate = #{repairSceneRate,jdbcType=DECIMAL},
      </if>
      <if test="repairScenePoint != null" >
        repair_scene_point = #{repairScenePoint,jdbcType=INTEGER},
      </if>
      <if test="meterHandleRate != null" >
        meter_handle_rate = #{meterHandleRate,jdbcType=DECIMAL},
      </if>
      <if test="meterHandlePoint != null" >
        meter_handle_point = #{meterHandlePoint,jdbcType=INTEGER},
      </if>
      <if test="totalScore != null" >
        total_score = #{totalScore,jdbcType=INTEGER},
      </if>
      <if test="acStationId != null" >
        ac_station_id = #{acStationId,jdbcType=INTEGER},
      </if>
      <if test="acCountyId != null" >
        ac_county_id = #{acCountyId,jdbcType=INTEGER},
      </if>
    </set>
    where id = #{id,jdbcType=INTEGER}
  </update>
  <update id="updateByPrimaryKey" parameterType="org.dfzt.entity.po.AcManager" >
    update ac_manager
    set tg_manager = #{tgManager,jdbcType=VARCHAR},
      tg_no = #{tgNo,jdbcType=VARCHAR},
      fail_count = #{failCount,jdbcType=VARCHAR},
      data_date = #{dataDate,jdbcType=TIMESTAMP},
      col_succ_rate = #{colSuccRate,jdbcType=DECIMAL},
      col_succ_point = #{colSuccPoint,jdbcType=INTEGER},
      col_fail_rate = #{colFailRate,jdbcType=DECIMAL},
      col_fail_point = #{colFailPoint,jdbcType=INTEGER},
      costcon_come_rate = #{costconComeRate,jdbcType=DECIMAL},
      costcon_come_point = #{costconComePoint,jdbcType=INTEGER},
      costcon_stop_rate = #{costconStopRate,jdbcType=DECIMAL},
      costcon_stop_point = #{costconStopPoint,jdbcType=INTEGER},
      auto_publish_rate = #{autoPublishRate,jdbcType=DECIMAL},
      auto_publish_point = #{autoPublishPoint,jdbcType=INTEGER},
      low_lineloss_rate = #{lowLinelossRate,jdbcType=DECIMAL},
      low_lineloss_point = #{lowLinelossPoint,jdbcType=INTEGER},
      highloss_tg_rate = #{highlossTgRate,jdbcType=DECIMAL},
      highloss_tg_point = #{highlossTgPoint,jdbcType=INTEGER},
      lowloss_tg_rate = #{lowlossTgRate,jdbcType=DECIMAL},
      lowloss_tg_point = #{lowlossTgPoint,jdbcType=INTEGER},
      econrun_tg_rate = #{econrunTgRate,jdbcType=DECIMAL},
      econrun_tg_point = #{econrunTgPoint,jdbcType=INTEGER},
      tg_handle_rate = #{tgHandleRate,jdbcType=DECIMAL},
      tg_handle_point = #{tgHandlePoint,jdbcType=INTEGER},
      powerfees_zero_rate = #{powerfeesZeroRate,jdbcType=DECIMAL},
      powerfees_zero_point = #{powerfeesZeroPoint,jdbcType=INTEGER},
      except_tg_num = #{exceptTgNum,jdbcType=INTEGER},
      except_tg_point = #{exceptTgPoint,jdbcType=INTEGER},
      powerback_handle_rate = #{powerbackHandleRate,jdbcType=DECIMAL},
      powerback_handle_point = #{powerbackHandlePoint,jdbcType=INTEGER},
      complaint_workorder_num = #{complaintWorkorderNum,jdbcType=INTEGER},
      complaint_workorder_point = #{complaintWorkorderPoint,jdbcType=INTEGER},
      repair_scene_rate = #{repairSceneRate,jdbcType=DECIMAL},
      repair_scene_point = #{repairScenePoint,jdbcType=INTEGER},
      meter_handle_rate = #{meterHandleRate,jdbcType=DECIMAL},
      meter_handle_point = #{meterHandlePoint,jdbcType=INTEGER},
      total_score = #{totalScore,jdbcType=INTEGER},
      ac_station_id = #{acStationId,jdbcType=INTEGER},
      ac_county_id = #{acCountyId,jdbcType=INTEGER}
    where id = #{id,jdbcType=INTEGER}
  </update>



  <select id="selectTdManager" resultType="org.dfzt.entity.po.AcManager">
    select * from ac_manager where tg_manager=#{tgManager} and ymd like concat('%',#{datedm},'%')
  </select>
</mapper>