<?xml version="1.0" encoding="UTF-8"?>
<!DOCTYPE mapper PUBLIC "-//mybatis.org//DTD Mapper 3.0//EN" "http://mybatis.org/dtd/mybatis-3-mapper.dtd">
<mapper namespace="org.dfzt.mapper.AcStationMapper">

    <resultMap type="org.dfzt.entity.po.AcStation" id="AcStationMap">
        <result property="id" column="id" jdbcType="INTEGER"/>
        <result property="stationName" column="station_name" jdbcType="VARCHAR"/>
        <result property="toPoint" column="to_point" jdbcType="VARCHAR"/>
        <result property="tgName" column="tg_name" jdbcType="VARCHAR"/>
        <result property="dateDm" column="date_dm" jdbcType="VARCHAR"/>
        <result property="dataDate" column="data_date" jdbcType="TIMESTAMP"/>
        <result property="colSuccRate" column="col_succ_rate" jdbcType="NUMERIC"/>
        <result property="colSuccPoint" column="col_succ_point" jdbcType="INTEGER"/>
        <result property="colFailRate" column="col_fail_rate" jdbcType="NUMERIC"/>
        <result property="colFailPoint" column="col_fail_point" jdbcType="INTEGER"/>
        <result property="costconComeRate" column="costcon_come_rate" jdbcType="NUMERIC"/>
        <result property="costconComePoint" column="costcon_come_point" jdbcType="INTEGER"/>
        <result property="costconStopRate" column="costcon_stop_rate" jdbcType="NUMERIC"/>
        <result property="costconStopPoint" column="costcon_stop_point" jdbcType="INTEGER"/>
        <result property="autoPublishRate" column="auto_publish_rate" jdbcType="NUMERIC"/>
        <result property="autoPublishPoint" column="auto_publish_point" jdbcType="INTEGER"/>
        <result property="lowLinelossRate" column="low_lineloss_rate" jdbcType="NUMERIC"/>
        <result property="lowLinelossPoint" column="low_lineloss_point" jdbcType="INTEGER"/>
        <result property="highlossTgRate" column="highloss_tg_rate" jdbcType="NUMERIC"/>
        <result property="highlossTgPoint" column="highloss_tg_point" jdbcType="INTEGER"/>
        <result property="lowlossTgRate" column="lowloss_tg_rate" jdbcType="NUMERIC"/>
        <result property="lowlossTgPoint" column="lowloss_tg_point" jdbcType="INTEGER"/>
        <result property="econrunTgRate" column="econrun_tg_rate" jdbcType="NUMERIC"/>
        <result property="econrunTgPoint" column="econrun_tg_point" jdbcType="INTEGER"/>
        <result property="tgHandleRate" column="tg_handle_rate" jdbcType="NUMERIC"/>
        <result property="tgHandlePoint" column="tg_handle_point" jdbcType="INTEGER"/>
        <result property="powerfeesZeroRate" column="powerfees_zero_rate" jdbcType="NUMERIC"/>
        <result property="powerfeesZeroPoint" column="powerfees_zero_point" jdbcType="INTEGER"/>
        <result property="exceptTgNum" column="except_tg_num" jdbcType="INTEGER"/>
        <result property="exceptTgPoint" column="except_tg_point" jdbcType="INTEGER"/>
        <result property="powerbackHandleRate" column="powerback_handle_rate" jdbcType="NUMERIC"/>
        <result property="powerbackHandlePoint" column="powerback_handle_point" jdbcType="INTEGER"/>
        <result property="complaintWorkorderNum" column="complaint_workorder_num" jdbcType="INTEGER"/>
        <result property="complaintWorkorderPoint" column="complaint_workorder_point" jdbcType="INTEGER"/>
        <result property="repairSceneRate" column="repair_scene_rate" jdbcType="NUMERIC"/>
        <result property="repairScenePoint" column="repair_scene_point" jdbcType="INTEGER"/>
        <result property="meterHandleRate" column="meter_handle_rate" jdbcType="NUMERIC"/>
        <result property="meterHandlePoint" column="meter_handle_point" jdbcType="INTEGER"/>
        <result property="acCountyId" column="ac_county_id" jdbcType="INTEGER"/>
        <result property="ranking" column="ranking" jdbcType="VARCHAR"/>
    </resultMap>

    <!-- 批量插入 -->
    <insert id="insertBatch" keyProperty="id" useGeneratedKeys="true">
        insert into dfzt_boot.ac_station(station_name, to_point, tg_name, date, col_succ_rate, col_succ_point,
        col_fail_rate, col_fail_point, costcon_come_rate, costcon_come_point, costcon_stop_rate, costcon_stop_point,
        auto_publish_rate, auto_publish_point, low_lineloss_rate, low_lineloss_point, highloss_tg_rate,
        highloss_tg_point, lowloss_tg_rate, lowloss_tg_point, econrun_tg_rate, econrun_tg_point, tg_handle_rate,
        tg_handle_point, powerfees_zero_rate, powerfees_zero_point, except_tg_num, except_tg_point,
        powerback_handle_rate, powerback_handle_point, complaint_workorder_num, complaint_workorder_point,
        repair_scene_rate, repair_scene_point, meter_handle_rate, meter_handle_point, ac_county_id)
        values
        <foreach collection="entities" item="entity" separator=",">
            (#{entity.stationName}, #{entity.toPoint}, #{entity.tgName}, #{entity.date}, #{entity.colSuccRate},
            #{entity.colSuccPoint}, #{entity.colFailRate}, #{entity.colFailPoint}, #{entity.costconComeRate},
            #{entity.costconComePoint}, #{entity.costconStopRate}, #{entity.costconStopPoint},
            #{entity.autoPublishRate}, #{entity.autoPublishPoint}, #{entity.lowLinelossRate},
            #{entity.lowLinelossPoint}, #{entity.highlossTgRate}, #{entity.highlossTgPoint}, #{entity.lowlossTgRate},
            #{entity.lowlossTgPoint}, #{entity.econrunTgRate}, #{entity.econrunTgPoint}, #{entity.tgHandleRate},
            #{entity.tgHandlePoint}, #{entity.powerfeesZeroRate}, #{entity.powerfeesZeroPoint}, #{entity.exceptTgNum},
            #{entity.exceptTgPoint}, #{entity.powerbackHandleRate}, #{entity.powerbackHandlePoint},
            #{entity.complaintWorkorderNum}, #{entity.complaintWorkorderPoint}, #{entity.repairSceneRate},
            #{entity.repairScenePoint}, #{entity.meterHandleRate}, #{entity.meterHandlePoint}, #{entity.acCountyId})
        </foreach>
    </insert>
    <!-- 批量插入或按主键更新 -->
    <insert id="insertOrUpdateBatch" keyProperty="id" useGeneratedKeys="true">
        insert into dfzt_boot.ac_station(station_name, to_point, tg_name, date, col_succ_rate, col_succ_point,
        col_fail_rate, col_fail_point, costcon_come_rate, costcon_come_point, costcon_stop_rate, costcon_stop_point,
        auto_publish_rate, auto_publish_point, low_lineloss_rate, low_lineloss_point, highloss_tg_rate,
        highloss_tg_point, lowloss_tg_rate, lowloss_tg_point, econrun_tg_rate, econrun_tg_point, tg_handle_rate,
        tg_handle_point, powerfees_zero_rate, powerfees_zero_point, except_tg_num, except_tg_point,
        powerback_handle_rate, powerback_handle_point, complaint_workorder_num, complaint_workorder_point,
        repair_scene_rate, repair_scene_point, meter_handle_rate, meter_handle_point, ac_county_id)
        values
        <foreach collection="entities" item="entity" separator=",">
            (#{entity.stationName}, #{entity.toPoint}, #{entity.tgName}, #{entity.date}, #{entity.colSuccRate},
            #{entity.colSuccPoint}, #{entity.colFailRate}, #{entity.colFailPoint}, #{entity.costconComeRate},
            #{entity.costconComePoint}, #{entity.costconStopRate}, #{entity.costconStopPoint},
            #{entity.autoPublishRate}, #{entity.autoPublishPoint}, #{entity.lowLinelossRate},
            #{entity.lowLinelossPoint}, #{entity.highlossTgRate}, #{entity.highlossTgPoint}, #{entity.lowlossTgRate},
            #{entity.lowlossTgPoint}, #{entity.econrunTgRate}, #{entity.econrunTgPoint}, #{entity.tgHandleRate},
            #{entity.tgHandlePoint}, #{entity.powerfeesZeroRate}, #{entity.powerfeesZeroPoint}, #{entity.exceptTgNum},
            #{entity.exceptTgPoint}, #{entity.powerbackHandleRate}, #{entity.powerbackHandlePoint},
            #{entity.complaintWorkorderNum}, #{entity.complaintWorkorderPoint}, #{entity.repairSceneRate},
            #{entity.repairScenePoint}, #{entity.meterHandleRate}, #{entity.meterHandlePoint}, #{entity.acCountyId})
        </foreach>
        on duplicate key update
        station_name = values(station_name) , to_point = values(to_point) , tg_name = values(tg_name) , date = values(date) ,
        col_succ_rate = values(col_succ_rate) , col_succ_point = values(col_succ_point) , col_fail_rate =
        values(col_fail_rate) , col_fail_point = values(col_fail_point) , costcon_come_rate = values(costcon_come_rate)
        , costcon_come_point = values(costcon_come_point) , costcon_stop_rate = values(costcon_stop_rate) ,
        costcon_stop_point = values(costcon_stop_point) , auto_publish_rate = values(auto_publish_rate) ,
        auto_publish_point = values(auto_publish_point) , low_lineloss_rate = values(low_lineloss_rate) ,
        low_lineloss_point = values(low_lineloss_point) , highloss_tg_rate = values(highloss_tg_rate) ,
        highloss_tg_point = values(highloss_tg_point) , lowloss_tg_rate = values(lowloss_tg_rate) , lowloss_tg_point =
        values(lowloss_tg_point) , econrun_tg_rate = values(econrun_tg_rate) , econrun_tg_point =
        values(econrun_tg_point) , tg_handle_rate = values(tg_handle_rate) , tg_handle_point = values(tg_handle_point) ,
        powerfees_zero_rate = values(powerfees_zero_rate) , powerfees_zero_point = values(powerfees_zero_point) ,
        except_tg_num = values(except_tg_num) , except_tg_point = values(except_tg_point) , powerback_handle_rate =
        values(powerback_handle_rate) , powerback_handle_point = values(powerback_handle_point) ,
        complaint_workorder_num = values(complaint_workorder_num) , complaint_workorder_point =
        values(complaint_workorder_point) , repair_scene_rate = values(repair_scene_rate) , repair_scene_point =
        values(repair_scene_point) , meter_handle_rate = values(meter_handle_rate) , meter_handle_point =
        values(meter_handle_point) , ac_county_id = values(ac_county_id)
    </insert>


    <select id="selectAllStation" resultType="org.dfzt.entity.po.AcStation">
        select * from ac_station where date_dm like concat(#{ymd},'%')
        <if test="orgNo != null">
            and org_no = #{orgNo}
        </if>
        <if test="id != null">
            and id =#{id}
        </if>
        order by to_point desc
    </select>

    <select id="selectAllStation1" resultType="org.dfzt.entity.po.AcStation">
        select * from ac_station where date_dm like concat(#{ymd},'%')
        <if test="orgNo != null">
            and ac_county_id = #{orgNo}
        </if>
        <if test="id != null">
            and id =#{id}
        </if>
        order by to_point desc
    </select>

    <select id="selectByStation" resultType="org.dfzt.entity.po.AcManager">
        select * from ac_manager
        where ymd like concat(#{ymd},'%')
        <if test="orgNo != null">
            and ac_station_id = #{orgNo}
        </if>
        <if test="id != null">
            and id =#{id}
        </if>
        <if test="tgManager != null">
            and tg_manager =#{tgManager}
        </if>
        order by total_score desc
    </select>

    <select id="selectByCounty" resultType="org.dfzt.entity.po.AcStation">
        select * from ac_station where ac_county_id = #{id}
    </select>
    
    <select id="selectFailure" resultType="map">
        SELECT power_supply_unit,COUNT(power_supply_unit) AS COUNT
        FROM collect_yw_work_order
        GROUP BY power_supply_unit
    </select>

    <select id="selectStationP" resultType="org.dfzt.entity.po.AcManager">
        select * from ac_manager where ac_station_id=#{acStationId}
    </select>

    <update id="updateSnum">
        update ac_station set tg_name=#{stanum} where id=#{acStationId}
    </update>

    <update id="updatestaPR">
        update ac_station set col_succ_rate=#{colSuccR},col_succ_point=#{colSuccP}
        where id=#{AcStationId}
    </update>

    <select id="selectOneStation" resultType="org.dfzt.entity.po.AcStation">
        select * from ac_station where id = #{acStationId}
    </select>

    <select id="selectOneCounty" resultType="org.dfzt.entity.po.AcCounty">
        select * from ac_county where id = #{acCountyId}
    </select>

    <select id="selectAllAcCounty" resultType="org.dfzt.entity.po.AcCounty">
        select * from ac_county where date_dm like concat ('%',#{ymd},'%')
        <if test="orgNo != null">
            and org_no =#{orgNo}
        </if>
        order by to_point desc
    </select>

    <select id="selectAllAcCounty1" resultType="org.dfzt.entity.po.AcCounty">
        select * from ac_county where date_dm like concat ('%',#{ymd},'%')
        <if test="id != null">
            and id =#{id}
        </if>
        order by to_point desc
    </select>

    <select id="selectacManagerSp" resultType="org.dfzt.entity.vo.AcManagerSp">
        select tg_manager,data_date,total_score from ac_manager
        where data_date between #{sevenday} and #{endday}
        and ac_station_id=#{id}
        and tg_manager=#{tgManager}
    </select>

    <select id="selectManagerGroupBy" resultType="org.dfzt.entity.po.AcManager">
        select tg_manager from ac_manager
        where data_date between #{sevenday} and #{endday}
        and ac_station_id=#{id}
        group by tg_manager
    </select>

    <select id="selectacStationSp" resultType="org.dfzt.entity.vo.AcStationSp">
        select station_name,data_date,to_point from ac_station
        where data_date between #{sevenday} and #{endday}
        and ac_county_id=#{id}
        and station_name=#{stationName}
    </select>

    <select id="selectStationGroupBy" resultType="org.dfzt.entity.po.AcStation">
        select station_name from ac_station
        where data_date between #{sevenday} and #{endday}
        and ac_county_id=#{id}
        group by station_name
    </select>

    <select id="selectTdStation" resultType="org.dfzt.entity.po.AcStation">
        select * from ac_station where station_name like concat('%',#{stationName},'%') and data_date like concat('%',#{datedm},'%')
    </select>


    <select id="selectWorkO1" resultType="java.lang.Integer">
        select count(*) from collect_work_order where work_order_ctime like concat(#{ym},'%') and tg_manager=#{tgManager}
        <if test="status != null">
            and work_order_status =#{status}
        </if>
        <if test="cycle != null">
            and work_order_cycle =#{cycle}
        </if>
    </select>


    <select id="selectWorkO2" resultType="java.lang.Integer">
        select count(*) from meter_work_order where work_order_ctime like concat(#{ym},'%') and tg_manager=#{tgManager}
    </select>
    <select id="selectWorkO3" resultType="java.lang.Integer">
        select count(*) from collect_work_order where work_order_ctime like concat(#{ym},'%') and tg_manager=#{tgManager}
    </select>
    <select id="selectWorkO4" resultType="java.lang.Integer">
        select count(*) from meter_work_order where work_order_ctime like concat(#{ym},'%') and tg_manager=#{tgManager}
    </select>
    <select id="selectWorkO5" resultType="java.lang.Integer">
        select count(*) from meter_work_order where work_order_ctime like concat(#{ym},'%') and tg_manager=#{tgManager}
    </select>
    <select id="selectWorkO6" resultType="java.lang.Integer">
        select count(*) from collect_work_order where work_order_ctime like concat(#{ym},'%') and tg_manager=#{tgManager}
    </select>
    <select id="selectWorkO7" resultType="java.lang.Integer">
        select count(*) from meter_work_order where work_order_ctime like concat(#{ym},'%') and tg_manager=#{tgManager}
    </select>
    <select id="selectAllAcCity" resultType="org.dfzt.entity.po.AcCity">
        select * from ac_city where date_dm like concat(#{ymd},'%')
        <if test="orgNo != null">
            and org_no = #{orgNo}
        </if>
        order by to_point desc
    </select>
</mapper>

