<?xml version="1.0" encoding="UTF-8"?>
<!DOCTYPE mapper PUBLIC "-//mybatis.org//DTD Mapper 3.0//EN" "http://mybatis.org/dtd/mybatis-3-mapper.dtd">
<mapper namespace="org.dfzt.mapper.ActiveOperationMapper">

    <!-- 通用查询映射结果 -->
    <resultMap id="BaseResultMap" type="org.dfzt.entity.vo.ActiveOperation">
        <result column="work_order_no" property="workOrderNo" />
        <result column="work_order_date" property="workOrderDate" />
        <result column="work_order_status" property="workOrderStatus" />
        <result column="org_name" property="orgName" />
        <result column="user_name" property="userName" />
        <result column="tg_manager" property="tgManager" />
        <result column="tg_no" property="tgNo" />
        <result column="tg_name" property="tgName" />
        <result column="excp_type" property="excpType" />
        <result column="excp_add" property="excpAdd" />
        <result column="excp_date" property="excpDate" />
        <result column="analysis_result" property="analysisResult" />
        <result column="wander_time" property="wanderTime" />
        <result column="reserve1" property="reserve1" />
        <result column="reserve2" property="workOrderCycle" />
        <result column="reserve3" property="reserve3" />
        <result column="reserve4" property="reserve4" />
        <result column="app_type" property="appType"/>
        <result column="handle_time" property="handleTime"/>
    </resultMap>

    <!-- 通用查询结果列 -->
    <sql id="Base_Column_List">
         work_order_no, work_order_date, work_order_status, user_name, tg_manager, tg_no, tg_name, excp_type, excp_add, excp_date, analysis_result, wander_time, reserve1, reserve2, reserve3, reserve4
    </sql>

    <select id="selectAll" resultType="org.dfzt.entity.vo.ActiveOperation">
        select * from active_operation
    </select>

    <select id="selectByConditions1" resultType="org.dfzt.entity.vo.ActiveOperation">
        select *
        from active_operation
        <where>
            <if test="tgNo != null and tgNo != ''">
                tg_no like concat('%',#{tgNo},'%')
            </if>
            <if test="tgManager != null and tgManager != ''">
                tg_manager like concat('%',#{tgManager},'%')
            </if>
            <if test="workOrderStatus != null and workOrderStatus != ''">
                work_order_status like concat('%',#{workOrderStatus},'%')
            </if>
        </where>
    </select>

    <select id="selectload" resultType="org.dfzt.entity.vo.DefectInfor">
        select * from defect_infor where work_order_no = #{workOrderNo}
    </select>
    <select id="selectdload" resultType="org.dfzt.entity.vo.DefectRepair">
        select * from defect_repair where work_order_no = #{workOrderNo}
    </select>

    <select id="selectoload" resultType="org.dfzt.entity.vo.OverhaulInfor">
        select * from overhaul_infor where work_order_no = #{workOrderNo}
    </select>
    <select id="selectById" resultType="org.dfzt.entity.vo.ActiveOperation">
        select * from active_operation where id = #{id}
    </select>

    <update id="upStatus2">
        update active_operation
        set work_order_status = '2'
        where work_order_no = #{workOrderNo}
    </update>

    <update id="upStatus3">
        update active_operation
        set work_order_status = '3'
        where work_order_no = #{workOrderNo}
    </update>

    <update id="upStatus4">
        update active_operation
        set work_order_status = '4'
        where work_order_no = #{workOrderNo}
    </update>

    <update id="upStatus5">
        update active_operation
        set work_order_status = '5'
        where work_order_no = #{workOrderNo}
    </update>

    <update id="upStatus6">
        update active_operation
        set work_order_status = '6'
        where work_order_no = #{workOrderNo}
    </update>

<!--    <update id="misrePort">-->
<!--        update active_operation-->
<!--        set reserve1 = #{details,jdbcType=INTEGER}-->
<!--        where work_order_no = #{workOrderNo,jdbcType=INTEGER}-->
<!--    </update>-->



    <select id="selectList1" resultType="org.dfzt.entity.vo.ActiveOperation">
        select * from active_operation where 1=1
        <if test="workOrderNo != null" >
            and work_order_no like concat('%',#{workOrderNo},'%')
        </if>
        <if test="tgManager != null" >
            and tg_manager like concat('%',#{tgManager},'%')
        </if>
        <if test="tgNo != null" >
            and tg_no like concat('%',#{tgNo},'%')
        </if>
        <if test="tgName != null" >
            and tg_name like concat('%',#{tgName},'%')
        </if>
        <if test="workOrderStatus == '待处理'" >
            and work_order_status ='1'
        </if>
        <if test="workOrderStatus == '处理中'" >
            and work_order_status ='2'
        </if>
        <if test="workOrderStatus == '待归档'" >
            and work_order_status ='3'
        </if>
        <if test="workOrderStatus == '已归档'" >
            and work_order_status ='4'
        </if>
        <if test="workOrderStatus == '误报工单'" >
            and work_order_status ='5'
        </if>
        <if test="workOrderStatus == '转抢修'" >
            and work_order_status ='6'
        </if>
    </select>

    <select id="selectList3" resultType="org.dfzt.entity.vo.ActiveOperation">
        select * from active_operation where reserve2 = '2'
        <if test="workOrderNo != null" >
            and work_order_no like concat('%',#{workOrderNo},'%')
        </if>
        <if test="tgManager != null" >
            and tg_manager like concat('%',#{tgManager},'%')
        </if>
        <if test="tgNo != null" >
            and tg_no like concat('%',#{tgNo},'%')
        </if>
        <if test="tgName != null" >
            and tg_name like concat('%',#{tgName},'%')
        </if>
        <if test="workOrderStatus == '待处理'" >
            and work_order_status ='1'
        </if>
        <if test="workOrderStatus == '处理中'" >
            and work_order_status ='2'
        </if>
        <if test="workOrderStatus == '待归档'" >
            and work_order_status ='3'
        </if>
        <if test="workOrderStatus == '已归档'" >
            and work_order_status ='4'
        </if>
        <if test="workOrderStatus == '误报工单'" >
            and work_order_status ='5'
        </if>
        <if test="workOrderStatus == '转抢修'" >
            and work_order_status ='6'
        </if>
    </select>

    <select id="selectRole" resultType="java.lang.String">
        select user_role from sys_user where login_name=#{username}
    </select>

    <select id="selectList2" resultType="org.dfzt.entity.vo.ActiveOperation">
        select * from active_operation where concat(`work_order_no`,`tg_manager`,`tg_no`,`tg_name`,`work_order_status`)
        like concat('%',#{one},'%')
    </select>

    <select id="selectList4" resultType="org.dfzt.entity.vo.ActiveOperation">
        select * from active_operation where work_order_cycle='2' and concat(`work_order_no`,`tg_manager`,`tg_no`,`tg_name`,`work_order_status`)
        like concat('%',#{one},'%')
    </select>

      <select id="selectStatus1" resultType="java.lang.Long">
        select count(*) from active_operation where work_order_status ='1'
      </select>

      <select id="selectStatus2" resultType="java.lang.Long">
        select count(*) from active_operation where work_order_status ='2'
      </select>

      <select id="selectStatus3" resultType="java.lang.Long">
        select count(*) from active_operation where work_order_status ='3'
      </select>

      <select id="selectStatus4" resultType="java.lang.Long">
        select count(*) from active_operation where work_order_status ='4'
      </select>

      <select id="selectStatus5" resultType="java.lang.Long">
        select count(*) from active_operation where work_order_cycle ='1'
      </select>

      <select id="selectStatus6" resultType="java.lang.Long">
        select count(*) from active_operation where work_order_cycle ='2'
      </select>


      <select id="selectStatus7" resultType="java.lang.Long">
        select count(*) from active_operation where work_order_status ='5'
      </select>

      <select id="selectStatus8" resultType="java.lang.Long">
        select count(*) from active_operation where work_order_status ='6'
      </select>

    <select id="selectAllYWOapp" resultType="org.dfzt.entity.vo.ActiveOperation">
        select * from active_operation where app_type = '1'
    </select>

    <select id="selectByActiveOperationNo" resultType="org.dfzt.entity.po.ActiveOperation">
        select
        fwo.work_order_no workOrderNo,
        fwo.work_order_date workOrderDate,
        fwo.work_order_status workOrderStatus,
        fwo.user_name userName,
        fwo.tg_manager tgManager,
        fwo.tg_no tgNo,
        fwo.tg_name tgName,
        fwo.excp_type excpType,
        fwo.excp_add excpAdd,
        fwo.excp_date excpDate,
        fwo.analysis_result analysisResult,
        fwo.wander_time wanderTime,
        fwo.reserve1 reserve1,
        fwo.work_order_cycle workOrderCycle,
        fwo.app_type appType,
        fwo.handle_time handleTime,
        di.defect_photo photo
       /* woi.handle_photo as photoOne,
        woi.work_photo as photoTwo,
        woi.monitor_photo as photoThree,
        woi.safe_photo as photoFour,
        woi.agree_start_photo as photoFive,
        woi.defect_photo as photoSix,
        woi.safe_dismantle_photo as photoSeven*/
        from active_operation fwo
        left join defect_infor di
        on fwo.work_order_no = di.work_order_no
        <where>
            <if test="workOrderNo != null and workOrderNo != ''">
                fwo.work_order_no = #{workOrderNo}
            </if>
        </where>
    </select>


    <select id="selectEMpVolCurve" resultType="java.lang.Integer">
        select * from E_MP_VOL_CURVE
    </select>

    <select id="selectEMpCurCurve" resultType="java.lang.Integer">
        select * from E_MP_CUR_CURVE
    </select>

    <select id="selectEMpPowCurve" resultType="java.lang.Integer">
        select * from E_MP_POWER_CURVE
    </select>
</mapper>
