<?xml version="1.0" encoding="UTF-8"?>
<!DOCTYPE mapper PUBLIC "-//mybatis.org//DTD Mapper 3.0//EN" "http://mybatis.org/dtd/mybatis-3-mapper.dtd">
<mapper namespace="org.dfzt.mapper.ARcaCtrlDetMapper">
  <resultMap id="BaseResultMap" type="org.dfzt.entity.po.ARcaCtrlDet">
    <!--@mbg.generated-->
    <!--@Table a_rca_ctrl_det-->
    <id column="ctrl_id" jdbcType="INTEGER" property="ctrlId" />
    <result column="cons_no" jdbcType="VARCHAR" property="consNo" />
    <result column="org_no" jdbcType="VARCHAR" property="orgNo" />
    <result column="remote_rt_date" jdbcType="TIMESTAMP" property="remoteRtDate" />
    <result column="switch_no" jdbcType="INTEGER" property="switchNo" />
    <result column="remote_date" jdbcType="TIMESTAMP" property="remoteDate" />
    <result column="remote_rslt" jdbcType="VARCHAR" property="remoteRslt" />
    <result column="meter_id" jdbcType="BIGINT" property="meterId" />
    <result column="mp_id" jdbcType="BIGINT" property="mpId" />
    <result column="switch_flag" jdbcType="VARCHAR" property="switchFlag" />
    <result column="remote_type" jdbcType="VARCHAR" property="remoteType" />
    <result column="remote_opr" jdbcType="VARCHAR" property="remoteOpr" />
    <result column="mac" jdbcType="VARCHAR" property="mac" />
    <result column="crtl_batch_id" jdbcType="BIGINT" property="crtlBatchId" />
    <result column="cp_no" jdbcType="VARCHAR" property="cpNo" />
    <result column="terminal_id" jdbcType="BIGINT" property="terminalId" />
    <result column="tactic_det_id" jdbcType="BIGINT" property="tacticDetId" />
    <result column="ctrl_type" jdbcType="VARCHAR" property="ctrlType" />
    <result column="remark" jdbcType="VARCHAR" property="remark" />
  </resultMap>
  <sql id="Base_Column_List">
    <!--@mbg.generated-->
    ctrl_id, cons_no, org_no, remote_rt_date, switch_no, remote_date, remote_rslt, meter_id,
    mp_id, switch_flag, remote_type, remote_opr, mac, crtl_batch_id, cp_no, terminal_id, 
    tactic_det_id, ctrl_type, remark
  </sql>
</mapper>