<?xml version="1.0" encoding="UTF-8"?>
<!DOCTYPE mapper PUBLIC "-//mybatis.org//DTD Mapper 3.0//EN" "http://mybatis.org/dtd/mybatis-3-mapper.dtd">
<mapper namespace="org.dfzt.mapper.ARcvblFlowMapper">
  <resultMap id="BaseResultMap" type="org.dfzt.entity.po.ARcvblFlow">
    <!--@mbg.generated-->
    <!--@Table a_rcvbl_flow-->
    <id column="rcvbl_amt_id" jdbcType="DECIMAL" property="rcvblAmtId" />
    <result column="rcvbl_pl_amt" jdbcType="DECIMAL" property="rcvblPlAmt" />
    <result column="penalty_bgn_date" jdbcType="TIMESTAMP" property="penaltyBgnDate" />
    <result column="carryover_flag" jdbcType="VARCHAR" property="carryoverFlag" />
    <result column="invisible_flag" jdbcType="VARCHAR" property="invisibleFlag" />
    <result column="rece_rpt_no" jdbcType="VARCHAR" property="receRptNo" />
    <result column="rcved_penalty" jdbcType="DECIMAL" property="rcvedPenalty" />
    <result column="rcvbl_type" jdbcType="VARCHAR" property="rcvblType" />
    <result column="pay_mode" jdbcType="VARCHAR" property="payMode" />
    <result column="cons_no" jdbcType="VARCHAR" property="consNo" />
    <result column="volt_code" jdbcType="VARCHAR" property="voltCode" />
    <result column="dispose_inprice" jdbcType="DECIMAL" property="disposeInprice" />
    <result column="rtl_exchg_pq" jdbcType="DECIMAL" property="rtlExchgPq" />
    <result column="t_pq" jdbcType="DECIMAL" property="tPq" />
    <result column="rtl_exchg_rcved_amt" jdbcType="DECIMAL" property="rtlExchgRcvedAmt" />
    <result column="sec_id" jdbcType="DECIMAL" property="secId" />
    <result column="rtl_exchg_rcvbl_amt" jdbcType="DECIMAL" property="rtlExchgRcvblAmt" />
    <result column="rcved_in_price_amt" jdbcType="DECIMAL" property="rcvedInPriceAmt" />
    <result column="rcvbl_amt" jdbcType="DECIMAL" property="rcvblAmt" />
    <result column="calc_id" jdbcType="DECIMAL" property="calcId" />
    <result column="acct_no" jdbcType="VARCHAR" property="acctNo" />
    <result column="dispose_rtl_exchg_amt" jdbcType="DECIMAL" property="disposeRtlExchgAmt" />
    <result column="rcved_pl_amt" jdbcType="DECIMAL" property="rcvedPlAmt" />
    <result column="card_printed" jdbcType="VARCHAR" property="cardPrinted" />
    <result column="rcvbl_ym" jdbcType="VARCHAR" property="rcvblYm" />
    <result column="render_date" jdbcType="TIMESTAMP" property="renderDate" />
    <result column="frac_flag" jdbcType="VARCHAR" property="fracFlag" />
    <result column="prc_amy_id" jdbcType="DECIMAL" property="prcAmyId" />
    <result column="risk_level_code" jdbcType="VARCHAR" property="riskLevelCode" />
    <result column="owe_amt" jdbcType="DECIMAL" property="oweAmt" />
    <result column="org_no" jdbcType="VARCHAR" property="orgNo" />
    <result column="settle_flag" jdbcType="VARCHAR" property="settleFlag" />
    <result column="tariff_id" jdbcType="VARCHAR" property="tariffId" />
    <result column="rcvbl_penalty" jdbcType="DECIMAL" property="rcvblPenalty" />
    <result column="dispose_pl" jdbcType="DECIMAL" property="disposePl" />
    <result column="rcvbl_inprice_amt" jdbcType="DECIMAL" property="rcvblInpriceAmt" />
    <result column="release_date" jdbcType="VARCHAR" property="releaseDate" />
    <result column="app_no" jdbcType="VARCHAR" property="appNo" />
    <result column="dispose_penalty" jdbcType="DECIMAL" property="disposePenalty" />
    <result column="dispose_amt" jdbcType="DECIMAL" property="disposeAmt" />
    <result column="rcved_amt" jdbcType="DECIMAL" property="rcvedAmt" />
    <result column="amt_sort_code" jdbcType="VARCHAR" property="amtSortCode" />
    <result column="amt_type" jdbcType="VARCHAR" property="amtType" />
    <result column="status_code" jdbcType="VARCHAR" property="statusCode" />
    <result column="elec_type_code" jdbcType="VARCHAR" property="elecTypeCode" />
    <result column="mp_id" jdbcType="VARCHAR" property="mpId" />
    <result column="render_man" jdbcType="VARCHAR" property="renderMan" />
  </resultMap>
  <sql id="Base_Column_List">
    <!--@mbg.generated-->
    rcvbl_amt_id, rcvbl_pl_amt, penalty_bgn_date, carryover_flag,
    invisible_flag, rece_rpt_no, rcved_penalty, rcvbl_type, pay_mode, cons_no, volt_code, 
    dispose_inprice, rtl_exchg_pq, t_pq, rtl_exchg_rcved_amt, sec_id, rtl_exchg_rcvbl_amt, 
    rcved_in_price_amt, rcvbl_amt, calc_id, acct_no, dispose_rtl_exchg_amt, rcved_pl_amt, 
    card_printed, rcvbl_ym, render_date, frac_flag, prc_amy_id, risk_level_code, owe_amt, 
    org_no, settle_flag, tariff_id, rcvbl_penalty, dispose_pl, rcvbl_inprice_amt, release_date, 
    app_no, dispose_penalty, dispose_amt, rcved_amt, amt_sort_code, amt_type, status_code, 
    elec_type_code, mp_id, render_man
  </sql>

<!--  <select id="selectArcByYM" resultType="org.dfzt.entity.po.ARcvblFlow">-->
<!--    select * from a_rcvbl_flow where rcvbl_ym=#{startMon} and rcvbl_type != '04' and rcvbl_type != '05'-->
<!--  </select>-->

  <select id="selectARcvbl" resultType="org.dfzt.entity.po.ARcvblFlow">
        select rcvbl_amt_id,calc_id,amt_type,rcvbl_ym,cons_no,org_no,pay_mode,t_pq,rcvbl_amt,rcved_amt,status_code,
        settle_flag,penalty_bgn_date,rcvbl_inprice_amt,rcvbl_pl_amt,rcved_in_price_amt,rcved_pl_amt,
        rcvbl_penalty,rcved_penalty,risk_level_code,release_date,acct_no,owe_amt,mp_id,tariff_id,app_no,
        dispose_amt,dispose_inprice,dispose_pl,dispose_penalty,render_man,render_date,rece_rpt_no,
        card_printed,prc_amt_id,carryover_flag,invisible_flag,rcvbl_type
        from a_rcvbl_flow where rcvbl_ym=#{rcvblym} and AMT_TYPE != '04' and (settle_flag ='01' or settle_flag='02' )
        and org_no in
            <foreach item="item" collection="lists" separator="," open="(" close=")" index="">
              #{item}
            </foreach>
   </select>

  <select id="selectARcvbl1" resultType="org.dfzt.entity.po.ARcvblFlow">
        select rcvbl_amt_id,calc_id,amt_type,rcvbl_ym,cons_no,org_no,pay_mode,t_pq,rcvbl_amt,rcved_amt,status_code,
        settle_flag,penalty_bgn_date,rcvbl_inprice_amt,rcvbl_pl_amt,rcved_in_price_amt,rcved_pl_amt,
        rcvbl_penalty,rcved_penalty,risk_level_code,release_date,acct_no,owe_amt,mp_id,tariff_id,app_no,
        dispose_amt,dispose_inprice,dispose_pl,dispose_penalty,render_man,render_date,rece_rpt_no,
        card_printed,prc_amt_id,carryover_flag,invisible_flag,rcvbl_type
        from a_rcvbl_flow where rcvbl_ym=#{rcvblym} and AMT_TYPE != '04' and (settle_flag ='01' or settle_flag='02' )
        and org_no =#{orgNo}
   </select>

  <select id="selectCycleMobile1" resultType="java.lang.String">
    select cons_no from recycle_work_order where rcvbl_ym=#{ym} and tg_manager is null
  </select>


  <select id="selectrcType4" resultType="java.math.BigDecimal">
    select RCVED_PENALTY from A_RCVBL_FLOW where rcvbl_ym=#{ym} and cons_no=#{consNo} and rcvbl_type='04'
  </select>

  <select id="selectrcType5" resultType="java.math.BigDecimal">
    select RCVED_PENALTY from A_RCVBL_FLOW where rcvbl_ym=#{ym} and cons_no=#{consNo} and rcvbl_type='05'
  </select>

  <select id="selectARcvblType04" resultType="org.dfzt.entity.po.ARcvblFlow">
        select rcvbl_amt_id,calc_id,amt_type,rcvbl_ym,cons_no,org_no,pay_mode,t_pq,rcvbl_amt,rcved_amt,status_code,
        settle_flag,penalty_bgn_date,rcvbl_inprice_amt,rcvbl_pl_amt,rcved_in_price_amt,rcved_pl_amt,
        rcvbl_penalty,rcved_penalty,risk_level_code,release_date,acct_no,owe_amt,mp_id,tariff_id,app_no,
        dispose_amt,dispose_inprice,dispose_pl,dispose_penalty,render_man,render_date,rece_rpt_no,
        card_printed,prc_amt_id,carryover_flag,invisible_flag,rcvbl_type
        from a_rcvbl_flow where rcvbl_ym=#{rcvblym} and AMT_TYPE != '04' and RCVBL_TYPE='04' and (settle_flag ='01' or settle_flag='02' ) and org_no like '15421%'
   </select>

  <select id="selectARcvblType05" resultType="org.dfzt.entity.po.ARcvblFlow">
        select rcvbl_amt_id,calc_id,amt_type,rcvbl_ym,cons_no,org_no,pay_mode,t_pq,rcvbl_amt,rcved_amt,status_code,
        settle_flag,penalty_bgn_date,rcvbl_inprice_amt,rcvbl_pl_amt,rcved_in_price_amt,rcved_pl_amt,
        rcvbl_penalty,rcved_penalty,risk_level_code,release_date,acct_no,owe_amt,mp_id,tariff_id,app_no,
        dispose_amt,dispose_inprice,dispose_pl,dispose_penalty,render_man,render_date,rece_rpt_no,
        card_printed,prc_amt_id,carryover_flag,invisible_flag,rcvbl_type
        from a_rcvbl_flow where rcvbl_ym=#{rcvblym} and AMT_TYPE != '04' and RCVBL_TYPE='05' and (settle_flag ='01' or settle_flag='02' ) and (org_no='154212206' or org_no='15421' or org_no='1542121' or org_no='1542122' or org_no='154212101' or org_no='154212102' or
        org_no='154212103' or org_no='154212104' or org_no='154212105' or org_no='154212106' or org_no='154212201' or org_no='154212202'
         or org_no='154212203' or org_no='154212204' or org_no='154212205')
   </select>

  <update id="UpdateType04">
    update recycle_work_order set deviation_assess=#{deviationAssess,jdbcType=DECIMAL} where cons_no=#{consNo}
  </update>


  <update id="UpdateType05">
    update recycle_work_order set difference_earnings=#{differenceEarnings,jdbcType=DECIMAL} where cons_no=#{consNo}
  </update>

  <update id="UpdateStatus">
    update recycle_work_order set work_order_status ='4' where rcvbl_amt_id=#{rcvblAmtId}
  </update>

  <select id="selectWorkOrder" resultType="java.math.BigDecimal">
    select rcvbl_amt_id from recycle_work_order where rcvbl_ym=#{rcvblYm}
  </select>

  <select id="selectArfcon" resultType="java.lang.String">
    select settle_flag from a_rcvbl_flow where rcvbl_amt_id=#{rcvblAmtId} and rcvbl_ym=#{rcvblYm}
  </select>

  <select id="selectRecycleupdate" resultType="org.dfzt.entity.po.ARcvblFlow">
    select RCVBL_AMT,RCVED_AMT,OWE_AMT,SETTLE_FLAG,RCVBL_PENALTY,RCVBL_TYPE,RCVED_PENALTY from a_rcvbl_flow where rcvbl_amt_id=#{rcvblAmtId}
  </select>

  <update id="updateRecWorkOrder">
    update recycle_work_order
    <set>
      <if test="oweAmt != null">owe_amt =#{oweAmt},</if>
      <if test="rcvblPenalty != null">rcvbl_penalty =#{rcvblPenalty},</if>
    </set>
    where rcvbl_amt_id=#{rcvblAmtId}
  </update>
<!--  ,elec_type_code-->

<!--  to_char(rcvbl_ym,'yyyyMM') like #{rcvblym} -->

  <select id="selectRcvblId" resultType="java.lang.Integer">
    select count(rcvbl_amt_id) from recycle_work_order where rcvbl_amt_id=#{rcvblId}
  </select>

  <insert id="insertARcvbl" parameterType="org.dfzt.entity.po.ARcvblFlow">
    insert into a_rcvbl_flow
    <trim prefix="(" suffix=")" suffixOverrides=",">
      <if test="id != null"> id, </if>
      <if test="rcvblAmtId != null"> rcvbl_amt_id, </if>
      <if test="rcvblPlAmt != null"> rcvbl_pl_amt, </if>
      <if test="penaltyBgnDate != null"> penalty_bgn_date, </if>
      <if test="carryoverFlag != null"> carryover_flag, </if>
      <if test="invisibleFlag != null"> invisible_flag, </if>
      <if test="receRptNo != null"> rece_rpt_no, </if>
      <if test="rcvedPenalty != null"> rcved_penalty, </if>
      <if test="rcvblType != null"> rcvbl_type, </if>
      <if test="payMode != null"> pay_mode, </if>
      <if test="consNo != null"> cons_no, </if>
      <if test="voltCode != null"> volt_code, </if>
      <if test="disposeInprice != null"> dispose_inprice, </if>
      <if test="rtlExchgPq != null"> rtl_exchg_pq, </if>
      <if test="tPq != null"> t_pq, </if>
      <if test="rtlExchgRcvedAmt != null"> rtl_exchg_rcved_amt, </if>
      <if test="secId != null"> sec_id, </if>
      <if test="rtlExchgRcvblAmt != null"> rtl_exchg_rcvbl_amt, </if>
      <if test="rcvedInPriceAmt != null"> rcved_in_price_amt, </if>
      <if test="rcvblAmt != null"> rcvbl_amt, </if>
      <if test="calcId != null"> calc_id, </if>
      <if test="acctNo != null"> acct_no, </if>
      <if test="disposeRtlExchgAmt != null"> dispose_rtl_exchg_amt, </if>
      <if test="rcvedPlAmt != null"> rcved_pl_amt, </if>
      <if test="cardPrinted != null"> card_printed, </if>
      <if test="rcvblYm != null"> rcvbl_ym, </if>
      <if test="renderDate != null"> render_date, </if>
      <if test="fracFlag != null"> frac_flag, </if>
      <if test="prcAmyId != null"> prc_amy_id, </if>
      <if test="riskLevelCode != null"> risk_level_code, </if>
      <if test="oweAmt != null"> owe_amt, </if>
      <if test="orgNo != null"> org_no, </if>
      <if test="settleFlag != null"> settle_flag, </if>
      <if test="tariffId != null"> tariff_id, </if>
      <if test="rcvblPenalty != null"> rcvbl_penalty, </if>
      <if test="disposePl != null"> dispose_pl, </if>
      <if test="rcvblInpriceAmt != null"> rcvbl_inprice_amt, </if>
      <if test="releaseDate != null"> release_date, </if>
      <if test="appNo != null"> app_no, </if>
      <if test="disposePenalty != null"> dispose_penalty, </if>
      <if test="disposeAmt != null"> dispose_amt, </if>
      <if test="rcvedAmt != null"> rcved_amt, </if>
      <if test="amtSortCode != null"> amt_sort_code, </if>
      <if test="amtType != null"> amt_type, </if>
      <if test="statusCode != null"> status_code, </if>
      <if test="elecTypeCode != null"> elec_type_code, </if>
      <if test="mpId != null"> mp_id, </if>
      <if test="renderMan != null"> render_man, </if>
    </trim>
    <trim prefix="values (" suffix=")" suffixOverrides=",">
      <if test="id != null"> #{id,jdbcType=INTEGER}, </if>
      <if test="rcvblAmtId != null"> #{rcvblAmtId,jdbcType=DECIMAL}, </if>
      <if test="rcvblPlAmt != null"> #{rcvblPlAmt,jdbcType=DECIMAL}, </if>
      <if test="penaltyBgnDate != null"> #{penaltyBgnDate,jdbcType=TIMESTAMP}, </if>
      <if test="carryoverFlag != null"> #{carryoverFlag,jdbcType=VARCHAR}, </if>
      <if test="invisibleFlag != null"> #{invisibleFlag,jdbcType=VARCHAR}, </if>
      <if test="receRptNo != null"> #{receRptNo,jdbcType=VARCHAR}, </if>
      <if test="rcvedPenalty != null"> #{rcvedPenalty,jdbcType=DECIMAL}, </if>
      <if test="rcvblType != null"> #{rcvblType,jdbcType=VARCHAR}, </if>
      <if test="payMode != null"> #{payMode,jdbcType=VARCHAR}, </if>
      <if test="consNo != null"> #{consNo,jdbcType=VARCHAR}, </if>
      <if test="voltCode != null"> #{voltCode,jdbcType=VARCHAR}, </if>
      <if test="disposeInprice != null"> #{disposeInprice,jdbcType=DECIMAL}, </if>
      <if test="rtlExchgPq != null"> #{rtlExchgPq,jdbcType=DECIMAL}, </if>
      <if test="tPq != null"> #{tPq,jdbcType=DECIMAL}, </if>
      <if test="rtlExchgRcvedAmt != null"> #{rtlExchgRcvedAmt,jdbcType=DECIMAL}, </if>
      <if test="secId != null"> #{secId,jdbcType=DECIMAL}, </if>
      <if test="rtlExchgRcvblAmt != null"> #{rtlExchgRcvblAmt,jdbcType=DECIMAL}, </if>
      <if test="rcvedInPriceAmt != null"> #{rcvedInPriceAmt,jdbcType=DECIMAL}, </if>
      <if test="rcvblAmt != null"> #{rcvblAmt,jdbcType=DECIMAL}, </if>
      <if test="calcId != null"> #{calcId,jdbcType=DECIMAL}, </if>
      <if test="acctNo != null"> #{acctNo,jdbcType=VARCHAR}, </if>
      <if test="disposeRtlExchgAmt != null"> #{disposeRtlExchgAmt,jdbcType=DECIMAL}, </if>
      <if test="rcvedPlAmt != null"> #{rcvedPlAmt,jdbcType=DECIMAL}, </if>
      <if test="cardPrinted != null"> #{cardPrinted,jdbcType=VARCHAR}, </if>
      <if test="rcvblYm != null"> #{rcvblYm,jdbcType=VARCHAR}, </if>
      <if test="renderDate != null"> #{renderDate,jdbcType=TIMESTAMP}, </if>
      <if test="fracFlag != null"> #{fracFlag,jdbcType=VARCHAR}, </if>
      <if test="prcAmyId != null"> #{prcAmyId,jdbcType=DECIMAL}, </if>
      <if test="riskLevelCode != null"> #{riskLevelCode,jdbcType=VARCHAR}, </if>
      <if test="oweAmt != null"> #{oweAmt,jdbcType=DECIMAL}, </if>
      <if test="orgNo != null"> #{orgNo,jdbcType=VARCHAR}, </if>
      <if test="settleFlag != null"> #{settleFlag,jdbcType=VARCHAR}, </if>
      <if test="tariffId != null"> #{tariffId,jdbcType=VARCHAR}, </if>
      <if test="rcvblPenalty != null"> #{rcvblPenalty,jdbcType=DECIMAL}, </if>
      <if test="disposePl != null"> #{disposePl,jdbcType=DECIMAL}, </if>
      <if test="rcvblInpriceAmt != null"> #{rcvblInpriceAmt,jdbcType=DECIMAL}, </if>
      <if test="releaseDate != null"> #{releaseDate,jdbcType=VARCHAR}, </if>
      <if test="appNo != null"> #{appNo,jdbcType=VARCHAR}, </if>
      <if test="disposePenalty != null"> #{disposePenalty,jdbcType=DECIMAL}, </if>
      <if test="disposeAmt != null"> #{disposeAmt,jdbcType=DECIMAL}, </if>
      <if test="rcvedAmt != null"> #{rcvedAmt,jdbcType=DECIMAL}, </if>
      <if test="amtSortCode != null"> #{amtSortCode,jdbcType=VARCHAR}, </if>
      <if test="amtType != null"> #{amtType,jdbcType=VARCHAR}, </if>
      <if test="statusCode != null"> #{statusCode,jdbcType=VARCHAR}, </if>
      <if test="elecTypeCode != null"> #{elecTypeCode,jdbcType=VARCHAR}, </if>
      <if test="mpId != null"> #{mpId,jdbcType=VARCHAR}, </if>
      <if test="renderMan != null"> #{renderMan,jdbcType=VARCHAR}, </if>
    </trim>
  </insert>

  <select id="selectConsName" resultType="org.dfzt.entity.po.CCons">
    select cons_name,elec_addr from c_cons where cons_no=#{consNo}
  </select>

  <select id="selectMobiAddr" resultType="java.lang.String">
    select mobile from c_contact where cust_id = (select cust_id from c_cons where cons_no=#{consNo})
  </select>

  <select id="selectMobiAddrs" resultType="org.dfzt.entity.po.RecycleMobile">
    select mobile,cons_no from c_contact where cust_id = (select cust_id from c_cons
    where cons_no in
    <foreach item="item" collection="consNos" separator="," open="(" close=")" index="">
      #{item}
    </foreach>
    )
  </select>

  <update id="updateMobile">
    update recycle_work_order
    set mobile=#{mobile},tg_id=#{tgNo},tg_name=#{tgName},tg_manager=#{manager},cons_name=#{consName},elec_addr=#{elecAddr}
    where cons_no=#{consNo} and rcvbl_ym=#{rcvblYm}
  </update>

<!--  <select id="selectAddr" resultType="java.lang.String">-->
<!--    select elec_addr from c_cons where cons_no=#{consNo}-->
<!--  </select>-->

  <select id="selectTgNoName" resultType="org.dfzt.entity.po.GTg">
    select tg_no,tg_name from g_tg where tg_id in (select tg_id from c_mp where cons_no=#{consNo})
  </select>

  <select id="selectElecTypeCode" resultType="java.lang.String">
    select elec_type_code from c_cons where cons_no=#{consNo}
  </select>
</mapper>