<?xml version="1.0" encoding="UTF-8"?>
<!DOCTYPE mapper PUBLIC "-//mybatis.org//DTD Mapper 3.0//EN" "http://mybatis.org/dtd/mybatis-3-mapper.dtd">
<mapper namespace="org.dfzt.mapper.CAcctMapper">
  <resultMap id="BaseResultMap" type="org.dfzt.entity.po.CAcct">
    <!--@mbg.generated-->
    <!--@Table c_acct-->
    <id column="id" jdbcType="INTEGER" property="id" />
    <id column="acct_id" jdbcType="BIGINT" property="acctId" />
    <result column="cust_acct_name" jdbcType="VARCHAR" property="custAcctName" />
    <result column="croup_tag" jdbcType="VARCHAR" property="croupTag" />
    <result column="cust_id" jdbcType="BIGINT" property="custId" />
    <result column="pay_mode" jdbcType="VARCHAR" property="payMode" />
    <result column="more_agreement_no" jdbcType="VARCHAR" property="moreAgreementNo" />
    <result column="pay_no" jdbcType="VARCHAR" property="payNo" />
    <result column="main_cons_no" jdbcType="VARCHAR" property="mainConsNo" />
  </resultMap>
  <sql id="Base_Column_List">
    <!--@mbg.generated-->
    id, acct_id, cust_acct_name, croup_tag, cust_id, pay_mode, more_agreement_no, pay_no, 
    main_cons_no
  </sql>
</mapper>