<?xml version="1.0" encoding="UTF-8"?>
<!DOCTYPE mapper PUBLIC "-//mybatis.org//DTD Mapper 3.0//EN" "http://mybatis.org/dtd/mybatis-3-mapper.dtd">
<mapper namespace="org.dfzt.mapper.CContactMapper">

    <!-- 通用查询映射结果 -->
    <resultMap id="BaseResultMap" type="org.dfzt.entity.po.CContact">
        <id column="key_id" property="keyId" />
        <result column="contact_id" property="contactId" />
        <result column="cust_id" property="custId" />
        <result column="contact_mode" property="contactMode" />
        <result column="contact_source" property="contactSource" />
        <result column="contact_prio" property="contactPrio" />
        <result column="contact_name" property="contactName" />
        <result column="gender" property="gender" />
        <result column="dept_no" property="deptNo" />
        <result column="title" property="title" />
        <result column="office_tel" property="officeTel" />
        <result column="homephone" property="homephone" />
        <result column="mobile" property="mobile" />
        <result column="fax_no" property="faxNo" />
        <result column="addr" property="addr" />
        <result column="postalcode" property="postalcode" />
        <result column="email" property="email" />
        <result column="family_addr" property="familyAddr" />
        <result column="interest" property="interest" />
        <result column="work" property="work" />
        <result column="contact_remark" property="contactRemark" />
        <result column="birthday" property="birthday" />
        <result column="consNo" property="consNo"/>
    </resultMap>

    <!-- 通用查询结果列 -->
    <sql id="Base_Column_List">
        key_id, contact_id, cust_id, contact_mode, contact_source, contact_prio, contact_name, gender, dept_no, title, office_tel, homephone, mobile, fax_no, addr, postalcode, email, family_addr, interest, `work`, contact_remark, birthday,consNo
    </sql>

    <select id="selectCCons" resultType="org.dfzt.entity.po.CCons">
        select cons_id,cust_id,cons_no,cons_name,cust_query_no,tmp_pay_rela_no,orgn_cons_no,cons_sort_code,elec_addr,trade_code,elec_type_code,contract_cap,
        run_cap,shift_no,lode_attr_code,volt_code,hec_industry_code,holiday,build_date,ps_date,cancel_date,due_date,notify_mode,settle_mode,status_code,org_no,
        rrio_code,chk_cycle,last_chk_date,checker_no,poweroff_code,transfer_code,mr_sect_no,note_type_code,tmp_flag,tmp_date,meas_mode,db_timestamp,card_no,
         charge_num,prio_code,remind_sect_no,amt_calc_id,urban_rural_flag,open_cap_flag,load_feature_code,security_cap,market_prop_sort
         from c_cons where org_no=#{orgNo}
    </select>

    <insert id="insertCCons">
        insert into c_cons
        <trim prefix="(" suffix=")" suffixOverrides="," >
            <if test="id != null" >id,</if>
            <if test="consId != null" >cons_id,</if>
            <if test="custId != null" >cust_id,</if>
            <if test="consNo != null" >cons_no,</if>
            <if test="consName != null" >cons_name,</if>
            <if test="custQueryNo != null" >cust_query_no,</if>
            <if test="tmpPayRelaNo != null" >tmp_pay_rela_no,</if>
            <if test="orgnConsNo != null" >orgn_cons_no,</if>
            <if test="consSortCode != null" >cons_sort_code,</if>
            <if test="elecAddr != null" >elec_addr,</if>
            <if test="tradeCode != null" >trade_code,</if>
            <if test="elecTypeCode != null" >elec_type_code,</if>
            <if test="contractCap != null" >contract_cap,</if>
            <if test="runCap != null" >run_cap,</if>
            <if test="shiftNo != null" >shift_no,</if>
            <if test="lodeAttrCode != null" >lode_attr_code,</if>
            <if test="voltCode != null" >volt_code,</if>
            <if test="hecIndustryCode != null" >hec_industry_code,</if>
            <if test="holiday != null" >holiday,</if>
            <if test="buildDate != null" >build_date,</if>
            <if test="psDate != null" >ps_date,</if>
            <if test="cancelDate != null" >cancel_date,</if>
            <if test="dueDate != null" >due_date,</if>
            <if test="notifyMode != null" >notify_mode,</if>
            <if test="settleMode != null" >settle_mode,</if>
            <if test="statusCode != null" >status_code,</if>
            <if test="orgNo != null" >org_no,</if>
            <if test="rrioCode != null" >rrio_code,</if>
            <if test="chkCycle != null" >chk_cycle,</if>
            <if test="lastChkDate != null" >last_chk_date,</if>
            <if test="checkerNo != null" >checker_no,</if>
            <if test="poweroffCode != null" >poweroff_code,</if>
            <if test="transferCode != null" >transfer_code,</if>
            <if test="mrSectNo != null" >mr_sect_no,</if>
            <if test="noteTypeCode != null" >note_type_code,</if>
            <if test="tmpFlag != null" >tmp_flag,</if>
            <if test="tmpDate != null" >tmp_date,</if>
            <if test="measMode != null" >meas_mode,</if>
            <if test="dbTimestamp != null" >db_timestamp,</if>
            <if test="cardNo != null" >card_no,</if>
            <if test="chargeNum != null" >charge_num,</if>
            <if test="prioCode != null" >prio_code,</if>
            <if test="remindSectNo != null" >remind_sect_no,</if>
            <if test="amtCalcId != null" >amt_calc_id,</if>
            <if test="urbanRuralFlag != null" >urban_rural_flag,</if>
            <if test="openCapFlag != null" >open_cap_flag,</if>
            <if test="loadFeatureCode != null" >load_feature_code,</if>
            <if test="securityCap != null" >security_cap,</if>
            <if test="marketPropSort != null" >market_prop_sort,</if>
        </trim>
        <trim prefix="values (" suffix=")" suffixOverrides="," >
            <if test="id != null" >
                #{id,jdbcType=INTEGER},
            </if>
            <if test="consId != null" >
                #{consId,jdbcType=DECIMAL},
            </if>
            <if test="custId != null" >
                #{custId,jdbcType=DECIMAL},
            </if>
            <if test="consNo != null" >
                #{consNo,jdbcType=VARCHAR},
            </if>
            <if test="consName != null" >
                #{consName,jdbcType=VARCHAR},
            </if>
            <if test="custQueryNo != null" >
                #{custQueryNo,jdbcType=VARCHAR},
            </if>
            <if test="tmpPayRelaNo != null" >
                #{tmpPayRelaNo,jdbcType=VARCHAR},
            </if>
            <if test="orgnConsNo != null" >
                #{orgnConsNo,jdbcType=VARCHAR},
            </if>
            <if test="consSortCode != null" >
                #{consSortCode,jdbcType=VARCHAR},
            </if>
            <if test="elecAddr != null" >
                #{elecAddr,jdbcType=VARCHAR},
            </if>
            <if test="tradeCode != null" >
                #{tradeCode,jdbcType=VARCHAR},
            </if>
            <if test="elecTypeCode != null" >
                #{elecTypeCode,jdbcType=VARCHAR},
            </if>
            <if test="contractCap != null" >
                #{contractCap,jdbcType=DECIMAL},
            </if>
            <if test="runCap != null" >
                #{runCap,jdbcType=DECIMAL},
            </if>
            <if test="shiftNo != null" >
                #{shiftNo,jdbcType=VARCHAR},
            </if>
            <if test="lodeAttrCode != null" >
                #{lodeAttrCode,jdbcType=VARCHAR},
            </if>
            <if test="voltCode != null" >
                #{voltCode,jdbcType=VARCHAR},
            </if>
            <if test="hecIndustryCode != null" >
                #{hecIndustryCode,jdbcType=VARCHAR},
            </if>
            <if test="holiday != null" >
                #{holiday,jdbcType=VARCHAR},
            </if>
            <if test="buildDate != null" >
                #{buildDate,jdbcType=DATE},
            </if>
            <if test="psDate != null" >
                #{psDate,jdbcType=DATE},
            </if>
            <if test="cancelDate != null" >
                #{cancelDate,jdbcType=DATE},
            </if>
            <if test="dueDate != null" >
                #{dueDate,jdbcType=DATE},
            </if>
            <if test="notifyMode != null" >
                #{notifyMode,jdbcType=VARCHAR},
            </if>
            <if test="settleMode != null" >
                #{settleMode,jdbcType=VARCHAR},
            </if>
            <if test="statusCode != null" >
                #{statusCode,jdbcType=VARCHAR},
            </if>
            <if test="orgNo != null" >
                #{orgNo,jdbcType=VARCHAR},
            </if>
            <if test="rrioCode != null" >
                #{rrioCode,jdbcType=VARCHAR},
            </if>
            <if test="chkCycle != null" >
                #{chkCycle,jdbcType=BIGINT},
            </if>
            <if test="lastChkDate != null" >
                #{lastChkDate,jdbcType=DATE},
            </if>
            <if test="checkerNo != null" >
                #{checkerNo,jdbcType=VARCHAR},
            </if>
            <if test="poweroffCode != null" >
                #{poweroffCode,jdbcType=VARCHAR},
            </if>
            <if test="transferCode != null" >
                #{transferCode,jdbcType=VARCHAR},
            </if>
            <if test="mrSectNo != null" >
                #{mrSectNo,jdbcType=VARCHAR},
            </if>
            <if test="noteTypeCode != null" >
                #{noteTypeCode,jdbcType=VARCHAR},
            </if>
            <if test="tmpFlag != null" >
                #{tmpFlag,jdbcType=VARCHAR},
            </if>
            <if test="tmpDate != null" >
                #{tmpDate,jdbcType=DATE},
            </if>
            <if test="measMode != null" >
                #{measMode,jdbcType=VARCHAR},
            </if>
            <if test="dbTimestamp != null" >
                #{dbTimestamp,jdbcType=DATE},
            </if>
            <if test="cardNo != null" >
                #{cardNo,jdbcType=VARCHAR},
            </if>
            <if test="chargeNum != null" >
                #{chargeNum,jdbcType=DECIMAL},
            </if>
            <if test="prioCode != null" >
                #{prioCode,jdbcType=VARCHAR},
            </if>
            <if test="remindSectNo != null" >
                #{remindSectNo,jdbcType=VARCHAR},
            </if>
            <if test="amtCalcId != null" >
                #{amtCalcId,jdbcType=DECIMAL},
            </if>
            <if test="urbanRuralFlag != null" >
                #{urbanRuralFlag,jdbcType=VARCHAR},
            </if>
            <if test="openCapFlag != null" >
                #{openCapFlag,jdbcType=VARCHAR},
            </if>
            <if test="loadFeatureCode != null" >
                #{loadFeatureCode,jdbcType=VARCHAR},
            </if>
            <if test="securityCap != null" >
                #{securityCap,jdbcType=DECIMAL},
            </if>
            <if test="marketPropSort != null" >
                #{marketPropSort,jdbcType=VARCHAR},
            </if>
        </trim>
    </insert>



    <select id="selectByconsId" resultType="java.lang.Integer">
        select count(*) from c_cons where cons_id=#{consId}
    </select>


    <select id="selectCConTact" resultType="org.dfzt.entity.po.CContact">
        select contact_id, cust_id, contact_mode, contact_source, contact_prio, contact_name,
        gender, dept_no, title, office_tel, homephone, mobile, fax_no, addr, postalcode, email,
        family_addr, interest, "work", contact_remark
        from c_contact where cust_id=#{custId,jdbcType=DECIMAL}
    </select>
    <select id="selectCustIdList" resultType="java.math.BigDecimal">
        select cust_id from c_cons
    </select>


    <insert id="insertCContact" parameterType="org.dfzt.entity.po.CContact">
        insert into c_contact
        <trim prefix="(" suffix=")" suffixOverrides=",">
            <if test="keyId != null"> key_id, </if>
            <if test="contactId != null"> contact_id, </if>
            <if test="custId != null"> cust_id, </if>
            <if test="contactMode != null"> contact_mode, </if>
            <if test="contactSource != null"> contact_source, </if>
            <if test="contactPrio != null"> contact_prio, </if>
            <if test="contactName != null"> contact_name, </if>
            <if test="gender != null"> gender, </if>
            <if test="deptNo != null"> dept_no, </if>
            <if test="title != null"> title, </if>
            <if test="officeTel != null"> office_tel, </if>
            <if test="homephone != null"> homephone, </if>
            <if test="mobile != null"> mobile, </if>
            <if test="faxNo != null"> fax_no, </if>
            <if test="addr != null"> addr, </if>
            <if test="postalcode != null"> postalcode, </if>
            <if test="email != null"> email, </if>
            <if test="familyAddr != null"> family_addr, </if>
            <if test="interest != null">interest,</if>
            <if test="work != null">"work",</if>
            <if test="contactRemark != null"> contact_remark, </if>
<!--            <if test="birthday != null"> birthday, </if>-->
<!--            <if test="consNo != null"> cons_no, </if>-->
        </trim>
        <trim prefix="values (" suffix=")" suffixOverrides=",">
            <if test="keyId != null"> #{keyId,jdbcType=VARCHAR}, </if>
            <if test="contactId != null"> #{contactId,jdbcType=DECIMAL}, </if>
            <if test="custId != null"> #{custId,jdbcType=DECIMAL}, </if>
            <if test="contactMode != null"> #{contactMode,jdbcType=VARCHAR}, </if>
            <if test="contactSource != null"> #{contactSource,jdbcType=VARCHAR}, </if>
            <if test="contactPrio != null"> #{contactPrio,jdbcType=DECIMAL}, </if>
            <if test="contactName != null"> #{contactName,jdbcType=VARCHAR}, </if>
            <if test="gender != null"> #{gender,jdbcType=VARCHAR}, </if>
            <if test="deptNo != null"> #{deptNo,jdbcType=VARCHAR}, </if>
            <if test="title != null"> #{title,jdbcType=VARCHAR}, </if>
            <if test="officeTel != null"> #{officeTel,jdbcType=VARCHAR}, </if>
            <if test="homephone != null"> #{homephone,jdbcType=VARCHAR}, </if>
            <if test="mobile != null"> #{mobile,jdbcType=VARCHAR}, </if>
            <if test="faxNo != null"> #{faxNo,jdbcType=VARCHAR}, </if>
            <if test="addr != null"> #{addr,jdbcType=VARCHAR}, </if>
            <if test="postalcode != null"> #{postalcode,jdbcType=VARCHAR}, </if>
            <if test="email != null"> #{email,jdbcType=VARCHAR}, </if>
            <if test="familyAddr != null"> #{familyAddr,jdbcType=VARCHAR}, </if>
            <if test="interest != null"> #{interest,jdbcType=VARCHAR}, </if>
            <if test="work != null"> #{work,jdbcType=VARCHAR}, </if>
            <if test="contactRemark != null"> #{contactRemark,jdbcType=VARCHAR}, </if>
<!--            <if test="birthday != null"> #{birthday,jdbcType=TIMESTAMP}, </if>-->
<!--            <if test="consNo != null"> #{consNo,jdbcType=VARCHAR}, </if>-->
        </trim>
    </insert>

<!--    <select id="selectBycontactId" resultType="java.lang.Integer">-->

<!--    </select>-->
</mapper>
