<?xml version="1.0" encoding="UTF-8"?>
<!DOCTYPE mapper PUBLIC "-//mybatis.org//DTD Mapper 3.0//EN" "http://mybatis.org/dtd/mybatis-3-mapper.dtd">
<mapper namespace="org.dfzt.mapper.CConsMapper">

    <!-- 通用查询映射结果 -->
    <resultMap id="BaseResultMap" type="org.dfzt.entity.po.CCons">
        <id column="id" property="id" />
        <result column="cons_id" property="consId" />
        <result column="cust_id" property="custId" />
        <result column="cons_no" property="consNo" />
        <result column="cons_name" property="consName" />
        <result column="cust_query_no" property="custQueryNo" />
        <result column="tmp_pay_rela_no" property="tmpPayRelaNo" />
        <result column="orgn_cons_no" property="orgnConsNo" />
        <result column="cons_sort_code" property="consSortCode" />
        <result column="elec_addr" property="elecAddr" />
        <result column="trade_code" property="tradeCode" />
        <result column="elec_type_code" property="elecTypeCode" />
        <result column="contract_cap" property="contractCap" />
        <result column="run_cap" property="runCap" />
        <result column="shift_no" property="shiftNo" />
        <result column="lode_attr_code" property="lodeAttrCode" />
        <result column="volt_code" property="voltCode" />
        <result column="hec_industry_code" property="hecIndustryCode" />
        <result column="holiday" property="holiday" />
        <result column="build_date" property="buildDate" />
        <result column="ps_date" property="psDate" />
        <result column="cancel_date" property="cancelDate" />
        <result column="due_date" property="dueDate" />
        <result column="notify_mode" property="notifyMode" />
        <result column="settle_mode" property="settleMode" />
        <result column="status_code" property="statusCode" />
        <result column="org_no" property="orgNo" />
        <result column="rrio_code" property="rrioCode" />
        <result column="chk_cycle" property="chkCycle" />
        <result column="last_chk_date" property="lastChkDate" />
        <result column="checker_no" property="checkerNo" />
        <result column="poweroff_code" property="poweroffCode" />
        <result column="transfer_code" property="transferCode" />
        <result column="mr_sect_no" property="mrSectNo" />
        <result column="note_type_code" property="noteTypeCode" />
        <result column="tmp_flag" property="tmpFlag" />
        <result column="tmp_date" property="tmpDate" />
        <result column="meas_mode" property="measMode" />
        <result column="db_timestamp" property="dbTimestamp" />
        <result column="card_no" property="cardNo" />
        <result column="charge_num" property="chargeNum" />
        <result column="prio_code" property="prioCode" />
        <result column="remind_sect_no" property="remindSectNo" />
        <result column="amt_calc_id" property="amtCalcId" />
        <result column="urban_rural_flag" property="urbanRuralFlag" />
        <result column="open_cap_flag" property="openCapFlag" />
        <result column="load_feature_code" property="loadFeatureCode" />
        <result column="security_cap" property="securityCap" />
        <result column="market_prop_sort" property="marketPropSort" />
        <result column="whether_sensitivity" property="whetherSensitivity" />
    </resultMap>

    <!-- 通用查询结果列 -->
    <sql id="Base_Column_List">
        id, cons_id, cust_id, cons_no, cons_name, cust_query_no, tmp_pay_rela_no, orgn_cons_no, cons_sort_code, elec_addr, trade_code, elec_type_code, contract_cap, run_cap, shift_no, lode_attr_code, volt_code, hec_industry_code, holiday, build_date, ps_date, cancel_date, due_date, notify_mode, settle_mode, status_code, org_no, rrio_code, chk_cycle, last_chk_date, checker_no, poweroff_code, transfer_code, mr_sect_no, note_type_code, tmp_flag, tmp_date, meas_mode, db_timestamp, card_no, charge_num, prio_code, remind_sect_no, amt_calc_id, urban_rural_flag, open_cap_flag, load_feature_code, security_cap, market_prop_sort
    </sql>
   <!-- 查询出cust_id,-->
    <select id="selectone" resultType="java.lang.String">
        SELECT  cust_id   FROM  c_cons where cons_no =#{cons_no}
    </select>

    <!--三表联查返回org_no-->
    <select id="selectByid" resultType="java.lang.String">
        SELECT org_no from o_dept o JOIN
                (
                SELECT cc.dept_no FROM c_cons  c JOIN c_contact  cc on c.cust_id= cc.cust_id and cc.cust_id=#{cust_id}
                )
                  AS oo
                     ON oo.dept_no = o.dept_no
    </select>

    <!--近三天的用电量-->
    <select id="queryone" resultType="java.lang.Integer">
        select  count(pap_r) from e_mp_day_read
        where org_no=#{orgid} and rec_time
            BETWEEN  #{startime} and #{endtime}
          and pap_r&gt;0.0
    </select>


<!--select * from user_bas_infor where app_type='1' and concat(`cons_no`,`cons_name`,`cons_addr`,`asset_number`) like concat('%',#{one},'%')-->
    <select id="selectUserAll" resultType="org.dfzt.entity.po.CCons">
        select
        cc.*,
        s.whether_sensitivity
        from c_cons as cc
        left join superior_work_order as s
        on cc.cons_no  = s.relation_id
        where concat(`cons_no`,`cons_name`,`elec_addr`) like concat('%',#{one},'%')
<!--        <where>-->
<!--        1=1-->
<!--            <if test="whetherSensitivity != null and whetherSensitivity != ''">-->
<!--                and s.whether_sensitivity = '是'-->
<!--            </if>-->
<!--            <if test = "consNo != null">-->
<!--                and cc.cons_no like concat('%',#{one},'%')-->
<!--            </if>-->
<!--            <if test = "consName != null">-->
<!--                and cc.cons_name like concat('%',#{one},'%')-->
<!--            </if>-->
<!--            <if test = "elecAddr != null">-->
<!--                and cc.elec_addr like concat('%',#{one},'%')-->
<!--            </if>-->
<!--        </where>-->
    </select>

    <select id="selectCcon" resultType="org.dfzt.entity.po.OStaff">
        select * from o_staff where emp_on=#{empOn}
    </select>

    <select id="selectElec" resultType="org.dfzt.entity.po.ElectricityPrice">
        select * from electricity_price where cons_no=#{consNo}
    </select>

    <select id="selectInfor" resultType="org.dfzt.entity.po.CInformation">
        select * from c_information where cons_no=#{consNo}
    </select>




</mapper>
