<?xml version="1.0" encoding="UTF-8"?>
<!DOCTYPE mapper PUBLIC "-//mybatis.org//DTD Mapper 3.0//EN" "http://mybatis.org/dtd/mybatis-3-mapper.dtd">
<mapper namespace="org.dfzt.mapper.CElecAddrMapper">
  <resultMap id="BaseResultMap" type="org.dfzt.entity.po.CElecAddr">
    <!--@mbg.generated-->
    <!--@Table c_elec_addr-->
    <id column="id" jdbcType="INTEGER" property="id" />
    <result column="csa_id" jdbcType="DECIMAL" property="csaId" />
    <result column="cons_id" jdbcType="DECIMAL" property="consId" />
    <result column="province_code" jdbcType="VARCHAR" property="provinceCode" />
    <result column="city_code" jdbcType="VARCHAR" property="cityCode" />
    <result column="county_code" jdbcType="VARCHAR" property="countyCode" />
    <result column="street_code" jdbcType="VARCHAR" property="streetCode" />
    <result column="village_code" jdbcType="VARCHAR" property="villageCode" />
    <result column="road_code" jdbcType="VARCHAR" property="roadCode" />
    <result column="community_code" jdbcType="VARCHAR" property="communityCode" />
    <result column="plate_no" jdbcType="VARCHAR" property="plateNo" />
    <result column="street_name" jdbcType="VARCHAR" property="streetName" />
    <result column="village_name" jdbcType="VARCHAR" property="villageName" />
    <result column="road_name" jdbcType="VARCHAR" property="roadName" />
    <result column="community_name" jdbcType="VARCHAR" property="communityName" />
    <result column="org_no" jdbcType="VARCHAR" property="orgNo" />
    <result column="building" jdbcType="VARCHAR" property="building" />
    <result column="pos_x" jdbcType="VARCHAR" property="posX" />
    <result column="pos_y" jdbcType="VARCHAR" property="posY" />
    <result column="pos_z" jdbcType="VARCHAR" property="posZ" />
  </resultMap>
  <sql id="Base_Column_List">
    <!--@mbg.generated-->
    id, csa_id, cons_id, province_code, city_code, county_code, street_code, village_code, 
    road_code, community_code, plate_no, street_name, village_name, road_name, community_name, 
    org_no, building,pos_x,pos_x,pos_z
  </sql>

  <select id="selectCElecAddr" resultType="org.dfzt.entity.po.CElecAddr">
    select csa_id, cons_id, province_code, city_code, county_code, street_code, village_code,
    road_code, community_code, plate_no, street_name, village_name, road_name, community_name,
    org_no, building,pos_x,pos_x,pos_z from c_elec_addr where org_no=#{orgNo}
  </select>

  <insert id="insertCElecAddr" parameterType="org.dfzt.entity.po.CElecAddr" >
    insert into c_elec_addr
    <trim prefix="(" suffix=")" suffixOverrides="," >
      <if test="id != null" >
        id,
      </if>
      <if test="csaId != null" >
        csa_id,
      </if>
      <if test="consId != null" >
        cons_id,
      </if>
      <if test="provinceCode != null" >
        province_code,
      </if>
      <if test="cityCode != null" >
        city_code,
      </if>
      <if test="countyCode != null" >
        county_code,
      </if>
      <if test="streetCode != null" >
        street_code,
      </if>
      <if test="villageCode != null" >
        village_code,
      </if>
      <if test="roadCode != null" >
        road_code,
      </if>
      <if test="communityCode != null" >
        community_code,
      </if>
      <if test="plateNo != null" >
        plate_no,
      </if>
      <if test="streetName != null" >
        street_name,
      </if>
      <if test="villageName != null" >
        village_name,
      </if>
      <if test="roadName != null" >
        road_name,
      </if>
      <if test="communityName != null" >
        community_name,
      </if>
      <if test="orgNo != null" >
        org_no,
      </if>
      <if test="building != null" >
        building,
      </if>
    </trim>
    <trim prefix="values (" suffix=")" suffixOverrides="," >
      <if test="id != null" >
        #{id,jdbcType=INTEGER},
      </if>
      <if test="csaId != null" >
        #{csaId,jdbcType=INTEGER},
      </if>
      <if test="consId != null" >
        #{consId,jdbcType=INTEGER},
      </if>
      <if test="provinceCode != null" >
        #{provinceCode,jdbcType=VARCHAR},
      </if>
      <if test="cityCode != null" >
        #{cityCode,jdbcType=VARCHAR},
      </if>
      <if test="countyCode != null" >
        #{countyCode,jdbcType=VARCHAR},
      </if>
      <if test="streetCode != null" >
        #{streetCode,jdbcType=VARCHAR},
      </if>
      <if test="villageCode != null" >
        #{villageCode,jdbcType=VARCHAR},
      </if>
      <if test="roadCode != null" >
        #{roadCode,jdbcType=VARCHAR},
      </if>
      <if test="communityCode != null" >
        #{communityCode,jdbcType=VARCHAR},
      </if>
      <if test="plateNo != null" >
        #{plateNo,jdbcType=VARCHAR},
      </if>
      <if test="streetName != null" >
        #{streetName,jdbcType=VARCHAR},
      </if>
      <if test="villageName != null" >
        #{villageName,jdbcType=VARCHAR},
      </if>
      <if test="roadName != null" >
        #{roadName,jdbcType=VARCHAR},
      </if>
      <if test="communityName != null" >
        #{communityName,jdbcType=VARCHAR},
      </if>
      <if test="orgNo != null" >
        #{orgNo,jdbcType=VARCHAR},
      </if>
      <if test="building != null" >
        #{building,jdbcType=VARCHAR},
      </if>
    </trim>
  </insert>

  <select id="selectByconsId" resultType="java.lang.Integer">
        select count(*) from c_elec_addr where cons_id=#{consId}
    </select>
</mapper>