<?xml version="1.0" encoding="UTF-8"?>
<!DOCTYPE mapper PUBLIC "-//mybatis.org//DTD Mapper 3.0//EN" "http://mybatis.org/dtd/mybatis-3-mapper.dtd">
<mapper namespace="org.dfzt.mapper.CInformationMapper">

    <!-- 通用查询映射结果 -->
    <resultMap id="BaseResultMap" type="org.dfzt.entity.po.CInformation">
        <id column="key_id" property="keyId" />
        <result column="ele_name" property="eleName" />
        <result column="num_of_power_supplies" property="numOfPowerSupplies" />
        <result column="cons_no" property="consNo" />
        <result column="power_point_no" property="powerPointNo" />
    </resultMap>

    <!-- 通用查询结果列 -->
    <sql id="Base_Column_List">
        key_id, ele_name, num_of_power_supplies,cons_no,power_point_no
    </sql>

    <select id="selectScp" resultType="org.dfzt.entity.po.CSp">
        select sp_id,sp_name,ps_num_code,cons_id from c_sp where cons_id=#{consId}
    </select>

    <select id="selectConsIdList" resultType="java.math.BigDecimal">
        select cons_id from c_cons
    </select>

    <insert id="insertSCP" parameterType="org.dfzt.entity.po.CInformation">
        insert into c_information
        <trim prefix="(" suffix=")" suffixOverrides=",">
            <if test="keyId != null"> key_id, </if>
            <if test="eleName != null"> ele_name, </if>
            <if test="numOfPowerSupplies != null"> num_of_power_supplies, </if>
            <if test="consNo != null"> cons_no, </if>
            <if test="powerPointNo != null"> power_point_no, </if>
        </trim>
        <trim prefix="values (" suffix=")" suffixOverrides=",">
            <if test="keyId != null"> #{keyId,jdbcType=INTEGER}, </if>
            <if test="eleName != null"> #{eleName,jdbcType=VARCHAR}, </if>
            <if test="numOfPowerSupplies != null"> #{numOfPowerSupplies,jdbcType=VARCHAR}, </if>
            <if test="consNo != null"> #{consNo,jdbcType=VARCHAR}, </if>
            <if test="powerPointNo != null"> #{powerPointNo,jdbcType=VARCHAR}, </if>
        </trim>
    </insert>

</mapper>
