<?xml version="1.0" encoding="UTF-8"?>
<!DOCTYPE mapper PUBLIC "-//mybatis.org//DTD Mapper 3.0//EN" "http://mybatis.org/dtd/mybatis-3-mapper.dtd">
<mapper namespace="org.dfzt.mapper.CMpItRelaMapper">

    <resultMap type="org.dfzt.entity.po.CMpItRela" id="CMpItRelaMap">
        <result property="id" column="id" jdbcType="INTEGER"/>
        <result property="relationType" column="relation_type" jdbcType="VARCHAR"/>
        <result property="mpName" column="mp_name" jdbcType="VARCHAR"/>
        <result property="mpNo" column="mp_no" jdbcType="VARCHAR"/>
        <result property="consName" column="cons_name" jdbcType="VARCHAR"/>
        <result property="relationTsg" column="relation_tsg" jdbcType="NUMERIC"/>
        <result property="consNo" column="cons_no" jdbcType="VARCHAR"/>
        <result property="mpDirectionCode" column="mp_direction_code" jdbcType="VARCHAR"/>
    </resultMap>

    <!-- 批量插入 -->
    <insert id="insertBatch" keyProperty="id" useGeneratedKeys="true">
        insert into dfzt_boot.c_mp_it_rela(relation_type, mp_name, mp_no, cons_name, relation_tsg, cons_no,
        mp_direction_code)
        values
        <foreach collection="entities" item="entity" separator=",">
            (#{entity.relationType}, #{entity.mpName}, #{entity.mpNo}, #{entity.consName}, #{entity.relationTsg},
            #{entity.consNo}, #{entity.mpDirectionCode})
        </foreach>
    </insert>
    <!-- 批量插入或按主键更新 -->
    <insert id="insertOrUpdateBatch" keyProperty="id" useGeneratedKeys="true">
        insert into dfzt_boot.c_mp_it_rela(relation_type, mp_name, mp_no, cons_name, relation_tsg, cons_no,
        mp_direction_code)
        values
        <foreach collection="entities" item="entity" separator=",">
            (#{entity.relationType}, #{entity.mpName}, #{entity.mpNo}, #{entity.consName}, #{entity.relationTsg},
            #{entity.consNo}, #{entity.mpDirectionCode})
        </foreach>
        on duplicate key update
        relation_type = values(relation_type) , mp_name = values(mp_name) , mp_no = values(mp_no) , cons_name =
        values(cons_name) , relation_tsg = values(relation_tsg) , cons_no = values(cons_no) , mp_direction_code =
        values(mp_direction_code)
    </insert>

</mapper>

