<?xml version="1.0" encoding="UTF-8"?>
<!DOCTYPE mapper PUBLIC "-//mybatis.org//DTD Mapper 3.0//EN" "http://mybatis.org/dtd/mybatis-3-mapper.dtd">
<mapper namespace="org.dfzt.mapper.CMpMapper">

    <resultMap type="org.dfzt.entity.po.CMp" id="CMpMap">
        <result property="id" column="id" jdbcType="INTEGER"/>
        <result property="mpNo" column="mp_no" jdbcType="VARCHAR"/>
        <result property="mpCap" column="mp_cap" jdbcType="NUMERIC"/>
        <result property="voltCode" column="volt_code" jdbcType="VARCHAR"/>
        <result property="kwhPrc" column="kwh_prc" jdbcType="NUMERIC"/>
        <result property="catPrcName" column="cat_prc_name" jdbcType="VARCHAR"/>
        <result property="calcMode" column="calc_mode" jdbcType="VARCHAR"/>
        <result property="fqrValue" column="fqr_value" jdbcType="NUMERIC"/>
        <result property="frDeductFlag" column="fr_deduct_flag" jdbcType="VARCHAR"/>
        <result property="measMode" column="meas_mode" jdbcType="VARCHAR"/>
        <result property="tlBillFlag" column="tl_bill_flag" jdbcType="VARCHAR"/>
        <result property="tlShareFlag" column="tl_share_flag" jdbcType="VARCHAR"/>
        <result property="llBillFlag" column="ll_bill_flag" jdbcType="VARCHAR"/>
        <result property="llCalcMode" column="ll_calc_mode" jdbcType="VARCHAR"/>
        <result property="llShareFlag" column="ll_share_flag" jdbcType="VARCHAR"/>
        <result property="statusCode" column="status_code" jdbcType="VARCHAR"/>
        <result property="tgId" column="tg_id" jdbcType="VARCHAR"/>
        <result property="tgName" column="tg_name" jdbcType="VARCHAR"/>
        <result property="lineId" column="line_id" jdbcType="VARCHAR"/>
        <result property="lineName" column="line_name" jdbcType="VARCHAR"/>
        <result property="wiringMode" column="wiring_mode" jdbcType="VARCHAR"/>
        <result property="marketType" column="market_type" jdbcType="VARCHAR"/>
        <result property="terminalAddr" column="terminal_addr" jdbcType="VARCHAR"/>
        <result property="powerPointNo" column="power_point_no" jdbcType="VARCHAR"/>
        <result property="mpAddr" column="mp_addr" jdbcType="VARCHAR"/>
    </resultMap>

    <!-- 批量插入 -->
    <insert id="insertBatch" keyProperty="id" useGeneratedKeys="true">
        insert into dfzt_boot.c_mp(mp_no, mp_cap, volt_code, kwh_prc, cat_prc_name, calc_mode, fqr_value,
        fr_deduct_flag, meas_mode, tl_bill_flag, tl_share_flag, ll_bill_flag, ll_calc_mode, ll_share_flag, status_code,
        tg_id, tg_name, line_id, line_name, wiring_mode, market_type, terminal_addr, power_point_no,mp_addr)
        values
        <foreach collection="entities" item="entity" separator=",">
            (#{entity.mpNo}, #{entity.mpCap}, #{entity.voltCode}, #{entity.kwhPrc}, #{entity.catPrcName},
            #{entity.calcMode}, #{entity.fqrValue}, #{entity.frDeductFlag}, #{entity.measMode}, #{entity.tlBillFlag},
            #{entity.tlShareFlag}, #{entity.llBillFlag}, #{entity.llCalcMode}, #{entity.llShareFlag},
            #{entity.statusCode}, #{entity.tgId}, #{entity.tgName}, #{entity.lineId}, #{entity.lineName},
            #{entity.wiringMode}, #{entity.marketType}, #{entity.terminalAddr}, #{entity.powerPointNo}, #{entity.mpAddr})
        </foreach>
    </insert>
    <!-- 批量插入或按主键更新 -->
    <insert id="insertOrUpdateBatch" keyProperty="id" useGeneratedKeys="true">
        insert into dfzt_boot.c_mp(mp_no, mp_cap, volt_code, kwh_prc, cat_prc_name, calc_mode, fqr_value,
        fr_deduct_flag, meas_mode, tl_bill_flag, tl_share_flag, ll_bill_flag, ll_calc_mode, ll_share_flag, status_code,
        tg_id, tg_name, line_id, line_name, wiring_mode, market_type, terminal_addr, power_point_no,mp_addr)
        values
        <foreach collection="entities" item="entity" separator=",">
            (#{entity.mpNo}, #{entity.mpCap}, #{entity.voltCode}, #{entity.kwhPrc}, #{entity.catPrcName},
            #{entity.calcMode}, #{entity.fqrValue}, #{entity.frDeductFlag}, #{entity.measMode}, #{entity.tlBillFlag},
            #{entity.tlShareFlag}, #{entity.llBillFlag}, #{entity.llCalcMode}, #{entity.llShareFlag},
            #{entity.statusCode}, #{entity.tgId}, #{entity.tgName}, #{entity.lineId}, #{entity.lineName},
            #{entity.wiringMode}, #{entity.marketType}, #{entity.terminalAddr}, #{entity.powerPointNo}, #{entity.mpAddr})
        </foreach>
        on duplicate key update
        mp_no = values(mp_no) , mp_cap = values(mp_cap) , volt_code = values(volt_code) , kwh_prc = values(kwh_prc) ,
        cat_prc_name = values(cat_prc_name) , calc_mode = values(calc_mode) , fqr_value = values(fqr_value) ,
        fr_deduct_flag = values(fr_deduct_flag) , meas_mode = values(meas_mode) , tl_bill_flag = values(tl_bill_flag) ,
        tl_share_flag = values(tl_share_flag) , ll_bill_flag = values(ll_bill_flag) , ll_calc_mode =
        values(ll_calc_mode) , ll_share_flag = values(ll_share_flag) , status_code = values(status_code) , tg_id =
        values(tg_id) , tg_name = values(tg_name) , line_id = values(line_id) , line_name = values(line_name) ,
        wiring_mode = values(wiring_mode) , market_type = values(market_type) , terminal_addr = values(terminal_addr) ,
        power_point_no = values(power_point_no),mp_addr = values(mp_addr)
    </insert>

    <select id="selectCMpList" resultType="org.dfzt.entity.po.CMp">
        select mp_no,volt_code,tariff_id,mp_cap,calc_mode,fr_deduct_flag,meas_mode,tl_share_flag,
        ll_bill_flag,ll_share_flag,fqr_value,tl_bill_flag,ll_calc_mode,mp_id,wiring_mode,status_code,market_type
        where org_no=15421 or org_no=1542121 or org_no=1542122 or org_no=154212101 or org_no=154212102 or
        org_no=154212103 or org_no=1542104 or org_no=1542105 or org_no=154212201 or org_no=154212206 or org_no=154212201
        or org_no=154212202 or org_no=154212203 or org_no=154212204 or org_no=154212205 or org_no=154212206
    </select>
</mapper>

