<?xml version="1.0" encoding="UTF-8"?>
<!DOCTYPE mapper
        PUBLIC "-//mybatis.org//DTD Mapper 3.0//EN"
        "http://mybatis.org/dtd/mybatis-3-mapper.dtd">
<mapper namespace="org.dfzt.mapper.CollectInformaMapper">

    <resultMap id="BaseResultMap" type="org.dfzt.entity.po.CollectInforma">
            <id property="id" column="id" jdbcType="INTEGER"/>
            <result property="upOrgName" column="up_org_name" jdbcType="VARCHAR"/>
            <result property="orgName" column="org_name" jdbcType="VARCHAR"/>
            <result property="consNo" column="cons_no" jdbcType="VARCHAR"/>
            <result property="consName" column="cons_name" jdbcType="VARCHAR"/>
            <result property="abnormalData" column="abnormal_data" jdbcType="VARCHAR"/>
            <result property="elecmeterAssetNum" column="elecmeter_asset_num" jdbcType="VARCHAR"/>
            <result property="elecmeterFactory" column="elecmeter_factory" jdbcType="VARCHAR"/>
            <result property="terminalFactory" column="terminal_factory" jdbcType="VARCHAR"/>
            <result property="elecmeterContype" column="elecmeter_contype" jdbcType="VARCHAR"/>
            <result property="tgId" column="tg_id" jdbcType="VARCHAR"/>
            <result property="tgName" column="tg_name" jdbcType="VARCHAR"/>
            <result property="tFactor" column="t_factor" jdbcType="INTEGER"/>
            <result property="papE" column="pap_e" jdbcType="DECIMAL"/>
            <result property="rateOne" column="rate_one" jdbcType="DECIMAL"/>
            <result property="rateTwo" column="rate_two" jdbcType="DECIMAL"/>
            <result property="rateThree" column="rate_three" jdbcType="DECIMAL"/>
            <result property="rateFour" column="rate_four" jdbcType="DECIMAL"/>
            <result property="rrpE" column="rrp_e" jdbcType="DECIMAL"/>
            <result property="prpE" column="prp_e" jdbcType="DECIMAL"/>
            <result property="rapE" column="rap_e" jdbcType="DECIMAL"/>
            <result property="oneQuadrantReactivePower" column="one_quadrant_reactive_power" jdbcType="DECIMAL"/>
            <result property="twoQuadrantReactivePower" column="two_quadrant_reactive_power" jdbcType="DECIMAL"/>
            <result property="threeQuadrantReactivePower" column="three_quadrant_reactive_power" jdbcType="DECIMAL"/>
            <result property="fourQuadrantReactivePower" column="four_quadrant_reactive_power" jdbcType="DECIMAL"/>
            <result property="elecAddr" column="elec_addr" jdbcType="VARCHAR"/>
            <result property="terminalAddr" column="terminal_addr" jdbcType="VARCHAR"/>
            <result property="sendTime" column="send_time" jdbcType="TIMESTAMP"/>
            <result property="terMeterReadtime" column="ter_meter_readtime" jdbcType="TIMESTAMP"/>
            <result property="measurPnumber" column="measur_pnumber" jdbcType="INTEGER"/>
            <result property="meterReadNo" column="meter_read_no" jdbcType="INTEGER"/>
            <result property="terAssetNo" column="ter_asset_no" jdbcType="VARCHAR"/>
            <result property="meterReadInfo" column="meter_read_info" jdbcType="VARCHAR"/>
            <result property="synchro" column="synchro" jdbcType="VARCHAR"/>
            <result property="synchroDep" column="synchro_dep" jdbcType="VARCHAR"/>
            <result property="synchroTime" column="synchro_time" jdbcType="TIMESTAMP"/>
            <result property="synchroMode" column="synchro_mode" jdbcType="VARCHAR"/>
            <result property="userType" column="user_type" jdbcType="VARCHAR"/>
            <result property="createTime" column="create_time" jdbcType="TIMESTAMP"/>
            <result property="tgManager" column="tg_manager" jdbcType="VARCHAR"/>
            <result property="mobile" column="mobile" jdbcType="VARCHAR"/>
            <result property="colSign" column="col_sign" jdbcType="VARCHAR"/>
            <result property="elecmeterCode" column="elecmeter_code" jdbcType="VARCHAR"/>
    </resultMap>

    <sql id="Base_Column_List">
        id,up_org_name,org_name,
        cons_no,cons_name,abnormal_data,
        elecmeter_asset_num,elecmeter_factory,terminal_factory,
        elecmeter_contype,tg_id,tg_name,
        t_factor,pap_e,rate_one,
        rate_two,rate_three,rate_four,
        rrp_e,prp_e,rap_e,
        one_quadrant_reactive_power,two_quadrant_reactive_power,three_quadrant_reactive_power,
        four_quadrant_reactive_power,elec_addr,terminal_addr,
        send_time,ter_meter_readtime,measur_pnumber,
        meter_read_no,ter_asset_no,meter_read_info,
        synchro,synchro_dep,synchro_time,
        synchro_mode,user_type,create_time,
        tg_manager,mobile,col_sign,
        elecmeter_code
    </sql>
</mapper>
