<?xml version="1.0" encoding="UTF-8" ?>
<!DOCTYPE mapper PUBLIC "-//mybatis.org//DTD Mapper 3.0//EN" "http://mybatis.org/dtd/mybatis-3-mapper.dtd" >
<mapper namespace="org.dfzt.mapper.CollectWorkOrderInforMapper" >
  <resultMap id="BaseResultMap" type="org.dfzt.entity.po.CollectWorkOrderInfor" >
    <id column="id" property="id" jdbcType="INTEGER" />
    <result column="p_time" property="pTime" jdbcType="TIMESTAMP" />
    <result column="p_status" property="pStatus" jdbcType="VARCHAR" />
    <result column="live_situation" property="liveSituation" jdbcType="VARCHAR" />
    <result column="live_photos" property="livePhotos" jdbcType="VARCHAR" />
    <result column="work_order_no" property="workOrderNo" jdbcType="VARCHAR" />

  </resultMap>
  <resultMap id="ResultMapWithBLOBs" type="org.dfzt.entity.po.CollectWorkOrderInfor" extends="BaseResultMap" >
    <result column="live_video" property="liveVideo" jdbcType="VARCHAR" />
  </resultMap>
  <sql id="Base_Column_List" >
    id, p_time, p_status, live_situation, live_photos,work_order_no
  </sql>
  <sql id="Blob_Column_List" >
    live_video
  </sql>
  <select id="selectByPrimaryKey" resultMap="ResultMapWithBLOBs" parameterType="java.lang.Integer" >
    select 
    <include refid="Base_Column_List" />
    ,
    <include refid="Blob_Column_List" />
    from work_order_infor
    where id = #{id,jdbcType=INTEGER}
  </select>
  <delete id="deleteByPrimaryKey" parameterType="java.lang.Integer" >
    delete from work_order_infor
    where id = #{id,jdbcType=INTEGER}
  </delete>
  <insert id="insert" parameterType="org.dfzt.entity.po.CollectWorkOrderInfor" >
    insert into work_order_infor (id, p_time, p_status,
      live_situation, live_photos, live_video,work_order_no
      )
    values (#{id,jdbcType=INTEGER}, #{pTime,jdbcType=TIMESTAMP}, #{pStatus,jdbcType=VARCHAR}, 
      #{liveSituation,jdbcType=VARCHAR}, #{livePhotos,jdbcType=VARCHAR}, #{liveVideo,jdbcType=VARCHAR},#{workOrderNo,jdbcType=VARCHAR}
      )
  </insert>
  <insert id="insertSelective" useGeneratedKeys="true" keyProperty="id" parameterType="org.dfzt.entity.po.CollectWorkOrderInfor" >
    insert into work_order_infor
    <trim prefix="(" suffix=")" suffixOverrides="," >
      <if test="id != null" >
        id,
      </if>
      <if test="pTime != null" >
        p_time,
      </if>
      <if test="pStatus != null" >
        p_status,
      </if>
      <if test="liveSituation != null" >
        live_situation,
      </if>
      <if test="livePhotos != null" >
        live_photos,
      </if>
      <if test="liveVideo != null" >
        live_video,
      </if>
      <if test="workOrderNo != null" >
        work_order_no,
      </if>
    </trim>
    <trim prefix="values (" suffix=")" suffixOverrides="," >
      <if test="id != null" >
        #{id,jdbcType=INTEGER},
      </if>
      <if test="pTime != null" >
        #{pTime,jdbcType=TIMESTAMP},
      </if>
      <if test="pStatus != null" >
        #{pStatus,jdbcType=VARCHAR},
      </if>
      <if test="liveSituation != null" >
        #{liveSituation,jdbcType=VARCHAR},
      </if>
      <if test="livePhotos != null" >
        #{livePhotos,jdbcType=VARCHAR},
      </if>
      <if test="liveVideo != null" >
        #{liveVideo,jdbcType=VARCHAR},
      </if>
      <if test="workOrderNo != null" >
        #{workOrderNo,jdbcType=VARCHAR},
      </if>
    </trim>
  </insert>
  <update id="updateByPrimaryKeySelective" parameterType="org.dfzt.entity.po.CollectWorkOrderInfor" >
    update work_order_infor
    <set >
      <if test="pTime != null" >
        p_time = #{pTime,jdbcType=TIMESTAMP},
      </if>
      <if test="pStatus != null" >
        p_status = #{pStatus,jdbcType=VARCHAR},
      </if>
      <if test="liveSituation != null" >
        live_situation = #{liveSituation,jdbcType=VARCHAR},
      </if>
      <if test="livePhotos != null" >
        live_photos = #{livePhotos,jdbcType=VARCHAR},
      </if>
      <if test="liveVideo != null" >
        live_video = #{liveVideo,jdbcType=VARCHAR},
      </if>
      <if test="workOrderNo != null" >
        work_order_no = #{workOrderNo,jdbcType=VARCHAR},
      </if>
    </set>
    where id = #{id,jdbcType=INTEGER}
  </update>
  <update id="updateByPrimaryKeyWithBLOBs" parameterType="org.dfzt.entity.po.CollectWorkOrderInfor" >
    update work_order_infor
    set p_time = #{pTime,jdbcType=TIMESTAMP},
      p_status = #{pStatus,jdbcType=VARCHAR},
      live_situation = #{liveSituation,jdbcType=VARCHAR},
      live_photos = #{livePhotos,jdbcType=VARCHAR},
      live_video = #{liveVideo,jdbcType=VARCHAR},
      work_order_no = #{workOrderNo,jdbcType=VARCHAR},
    where id = #{id,jdbcType=INTEGER}
  </update>
  <update id="updateByPrimaryKey" parameterType="org.dfzt.entity.po.CollectWorkOrderInfor" >
    update work_order_infor
    set p_time = #{pTime,jdbcType=TIMESTAMP},
      p_status = #{pStatus,jdbcType=VARCHAR},
      live_situation = #{liveSituation,jdbcType=VARCHAR},
      live_photos = #{livePhotos,jdbcType=VARCHAR},
      work_order_no = #{workOrderNo,jdbcType=VARCHAR}
    where id = #{id,jdbcType=INTEGER}
  </update>

  <select id="SelectVandP" resultType="org.dfzt.entity.po.CollectWorkOrderInfor">
    select * from work_order_infor where work_order_no = #{workOrderNo}
  </select>

  <select id="selectlineVandP" resultType="org.dfzt.entity.po.CollectWorkOrderInfor">
    select * from work_order_infor where work_order_no=#{workOrderNo}
  </select>


</mapper>










