<?xml version="1.0" encoding="UTF-8" ?>
<!DOCTYPE mapper PUBLIC "-//mybatis.org//DTD Mapper 3.0//EN" "http://mybatis.org/dtd/mybatis-3-mapper.dtd" >
<mapper namespace="org.dfzt.mapper.CollectWorkOrderMapper" >
  <resultMap id="BaseResultMap" type="org.dfzt.entity.po.CollectWorkOrder" >
    <id column="id" property="id" jdbcType="INTEGER" />
    <result column="not_connect_id" property="notConnectId" jdbcType="INTEGER" />
    <result column="col_infor_id" property="colInforId" jdbcType="INTEGER" />
    <result column="fail_details_id" property="failDetailsId" jdbcType="INTEGER" />
    <result column="work_order_no" property="workOrderNo" jdbcType="VARCHAR" />
    <result column="tg_manager" property="tgManager" jdbcType="VARCHAR" />
    <result column="tg_id" property="tgId" jdbcType="VARCHAR" />
    <result column="tg_name" property="tgName" jdbcType="VARCHAR" />
    <result column="org_name" property="orgName" jdbcType="VARCHAR" />
    <result column="p_org_name" property="pOrgName" jdbcType="VARCHAR" />
    <result column="cons_name" property="consName" jdbcType="VARCHAR" />
    <result column="cons_no" property="consNo" jdbcType="VARCHAR" />
    <result column="elec_addr" property="elecAddr" jdbcType="VARCHAR" />
    <result column="gps_longitude" property="gpsLongitude" jdbcType="DECIMAL" />
    <result column="gps_latitude" property="gpsLatitude" jdbcType="DECIMAL" />
    <result column="mobile" property="mobile" jdbcType="VARCHAR" />
    <result column="meter_asset_no" property="meterAssetNo" jdbcType="VARCHAR" />
    <result column="meter_bar_code" property="meterBarCode" jdbcType="VARCHAR" />
    <result column="met_manufacturer" property="metManufacturer" jdbcType="VARCHAR" />
    <result column="terminal_addr" property="terminalAddr" jdbcType="VARCHAR" />
    <result column="event_type" property="eventType" jdbcType="VARCHAR" />
    <result column="event_reason" property="eventReason" jdbcType="VARCHAR" />
    <result column="work_order_status" property="workOrderStatus" jdbcType="VARCHAR" />
    <result column="work_order_creator" property="workOrderCreator" jdbcType="VARCHAR" />
    <result column="work_order_ctime" property="workOrderCtime" jdbcType="TIMESTAMP" />
    <result column="work_order_ctime1" property="workOrderCtime" jdbcType="VARCHAR" />
    <result column="work_order_utime" property="workOrderUtime" jdbcType="VARCHAR" />
    <result column="work_order_stime" property="workOrderStime" jdbcType="TIMESTAMP" />
    <result column="work_order_ftime" property="workOrderFtime" jdbcType="TIMESTAMP" />
    <result column="handler" property="handler" jdbcType="VARCHAR" />
    <result column="handler_rtime" property="handlerRtime" jdbcType="TIMESTAMP" />
    <result column="hwork_order_handler" property="hworkOrderHandler" jdbcType="VARCHAR" />
    <result column="hwork_order_handler_rtime" property="hworkOrderHandlerRtime" jdbcType="TIMESTAMP" />
    <result column="hwork_order_handler_ttime" property="hworkOrderHandlerTtime" jdbcType="TIMESTAMP" />
    <result column="work_order_cycle" property="workOrderCycle" jdbcType="VARCHAR" />
    <result column="app_type" property="appType" jdbcType="VARCHAR" />
    <result column="cons_type" property="consType" jdbcType="VARCHAR" />
    <result column="addr_num" property="addrNum" jdbcType="VARCHAR" />
  </resultMap>
  <sql id="Base_Column_List" >
    id, not_connect_id, col_infor_id, fail_details_id, work_order_no, tg_manager,
    tg_id, tg_name, org_name,p_org_name, cons_name, cons_no, elec_addr, gps_longitude, gps_latitude,
    mobile, meter_asset_no, meter_bar_code, met_manufacturer,terminal_addr, event_type, event_reason,
    work_order_status, work_order_creator, work_order_ctime, work_order_utime, work_order_stime,
    work_order_ftime, handler, handler_rtime, hwork_order_handler, hwork_order_handler_rtime,
    hwork_order_handler_ttime, work_order_cycle,app_type,cons_type,addr_num
  </sql>
  <insert id="insertSelective" parameterType="org.dfzt.entity.po.CollectWorkOrder" >
    insert into collect_work_order
    <trim prefix="(" suffix=")" suffixOverrides="," >
      <if test="id != null" >
        id,
      </if>
      <if test="notConnectId != null" >
        not_connect_id,
      </if>
      <if test="colInforId != null" >
        col_infor_id,
      </if>
      <if test="failDetailsId != null" >
        fail_details_id,
      </if>
      <if test="workOrderNo != null" >
        work_order_no,
      </if>
      <if test="tgManager != null" >
        tg_manager,
      </if>
      <if test="tgId != null" >
        tg_id,
      </if>
      <if test="tgName != null" >
        tg_name,
      </if>
      <if test="orgName != null" >
        org_name,
      </if>
      <if test="pOrgName != null" >
        p_org_name,
      </if>
      <if test="consName != null" >
        cons_name,
      </if>
      <if test="consNo != null" >
        cons_no,
      </if>
      <if test="elecAddr != null" >
        elec_addr,
      </if>
      <if test="gpsLongitude != null" >
        gps_longitude,
      </if>
      <if test="gpsLatitude != null" >
        gps_latitude,
      </if>
      <if test="mobile != null" >
        mobile,
      </if>
      <if test="meterAssetNo != null" >
        meter_asset_no,
      </if>
      <if test="meterBarCode != null" >
        meter_bar_code,
      </if>
      <if test="metManufacturer != null" >
        met_manufacturer,
      </if>
      <if test="terminalAddr != null" >
        terminal_addr,
      </if>
      <if test="eventType != null" >
        event_type,
      </if>
      <if test="eventReason != null" >
        event_reason,
      </if>
      <if test="workOrderStatus != null" >
        work_order_status,
      </if>
      <if test="workOrderCreator != null" >
        work_order_creator,
      </if>
      <if test="workOrderCtime != null" >
        work_order_ctime,
      </if>
      <if test="workOrderCtime1 != null" >
        work_order_ctime1,
      </if>
      <if test="workOrderUtime != null" >
        work_order_utime,
      </if>
      <if test="workOrderStime != null" >
        work_order_stime,
      </if>
      <if test="workOrderFtime != null" >
        work_order_ftime,
      </if>
      <if test="handler != null" >
        handler,
      </if>
      <if test="handlerRtime != null" >
        handler_rtime,
      </if>
      <if test="hworkOrderHandler != null" >
        hwork_order_handler,
      </if>
      <if test="hworkOrderHandlerRtime != null" >
        hwork_order_handler_rtime,
      </if>
      <if test="hworkOrderHandlerTtime != null" >
        hwork_order_handler_ttime,
      </if>
      <if test="workOrderCycle != null" >
        work_order_cycle,
      </if>
      <if test="appType != null" >
        app_type,
      </if>
      <if test="consType != null" >
        cons_type,
      </if>
      <if test="addrNum != null" >
        addr_num,
      </if>
    </trim>
    <trim prefix="values (" suffix=")" suffixOverrides="," >
      <if test="id != null" >
        #{id,jdbcType=INTEGER},
      </if>
      <if test="notConnectId != null" >
        #{notConnectId,jdbcType=INTEGER},
      </if>
      <if test="colInforId != null" >
        #{colInforId,jdbcType=INTEGER},
      </if>
      <if test="failDetailsId != null" >
        #{failDetailsId,jdbcType=INTEGER},
      </if>
      <if test="workOrderNo != null" >
        #{workOrderNo,jdbcType=VARCHAR},
      </if>
      <if test="tgManager != null" >
        #{tgManager,jdbcType=VARCHAR},
      </if>
      <if test="tgId != null" >
        #{tgId,jdbcType=VARCHAR},
      </if>
      <if test="tgName != null" >
        #{tgName,jdbcType=VARCHAR},
      </if>
      <if test="orgName != null" >
        #{orgName,jdbcType=VARCHAR},
      </if>
      <if test="pOrgName != null" >
        #{pOrgName,jdbcType=VARCHAR},
      </if>
      <if test="consName != null" >
        #{consName,jdbcType=VARCHAR},
      </if>
      <if test="consNo != null" >
        #{consNo,jdbcType=VARCHAR},
      </if>
      <if test="elecAddr != null" >
        #{elecAddr,jdbcType=VARCHAR},
      </if>
      <if test="gpsLongitude != null" >
        #{gpsLongitude,jdbcType=DECIMAL},
      </if>
      <if test="gpsLatitude != null" >
        #{gpsLatitude,jdbcType=DECIMAL},
      </if>
      <if test="mobile != null" >
        #{mobile,jdbcType=VARCHAR},
      </if>
      <if test="meterAssetNo != null" >
        #{meterAssetNo,jdbcType=VARCHAR},
      </if>
      <if test="meterBarCode != null" >
        #{meterBarCode,jdbcType=VARCHAR},
      </if>
      <if test="metManufacturer != null" >
        #{metManufacturer,jdbcType=VARCHAR},
      </if>
      <if test="terminalAddr != null" >
        #{terminalAddr,jdbcType=VARCHAR},
      </if>
      <if test="eventType != null" >
        #{eventType,jdbcType=VARCHAR},
      </if>
      <if test="eventReason != null" >
        #{eventReason,jdbcType=VARCHAR},
      </if>
      <if test="workOrderStatus != null" >
        #{workOrderStatus,jdbcType=VARCHAR},
      </if>
      <if test="workOrderCreator != null" >
        #{workOrderCreator,jdbcType=VARCHAR},
      </if>
      <if test="workOrderCtime != null" >
        #{workOrderCtime,jdbcType=TIMESTAMP},
      </if>
       <if test="workOrderCtime1 != null" >
        #{workOrderCtime1,jdbcType=VARCHAR},
      </if>
      <if test="workOrderUtime != null" >
        #{workOrderUtime,jdbcType=VARCHAR},
      </if>
      <if test="workOrderStime != null" >
        #{workOrderStime,jdbcType=TIMESTAMP},
      </if>
      <if test="workOrderFtime != null" >
        #{workOrderFtime,jdbcType=TIMESTAMP},
      </if>
      <if test="handler != null" >
        #{handler,jdbcType=VARCHAR},
      </if>
      <if test="handlerRtime != null" >
        #{handlerRtime,jdbcType=TIMESTAMP},
      </if>
      <if test="hworkOrderHandler != null" >
        #{hworkOrderHandler,jdbcType=VARCHAR},
      </if>
      <if test="hworkOrderHandlerRtime != null" >
        #{hworkOrderHandlerRtime,jdbcType=TIMESTAMP},
      </if>
      <if test="hworkOrderHandlerTtime != null" >
        #{hworkOrderHandlerTtime,jdbcType=TIMESTAMP},
      </if>
      <if test="workOrderCycle != null" >
        #{workOrderCycle,jdbcType=VARCHAR},
      </if>
      <if test="appType != null" >
        #{appType,jdbcType=VARCHAR},
      </if>
      <if test="consType != null" >
        #{consType,jdbcType=VARCHAR},
      </if>
      <if test="addrNum != null" >
        #{addrNum,jdbcType=VARCHAR},
      </if>
    </trim>
  </insert>

  <select id="selectByPrimaryKey" resultType="org.dfzt.entity.po.CollectWorkOrder">
    select *
    from collect_work_order
    where id = #{id}
  </select>
  <delete id="deleteByPrimaryKey" parameterType="java.lang.Integer" >
    delete from collect_work_order
    where id = #{id,jdbcType=INTEGER}
  </delete>

  <update id="updateStatus2">
    update collect_work_order
    set work_order_status = '2'
    where id = #{id,jdbcType=INTEGER}
  </update>

  <update id="updateStatus3">
    update collect_work_order
    set work_order_status = '3'
    where work_order_no = #{workOrderNo,jdbcType=INTEGER}
  </update>

  <update id="updateStatus1">
    update collect_work_order
    set work_order_status = '1'
    where id = #{id,jdbcType=INTEGER}
  </update>

  <update id="updateStatus4">
    update collect_work_order
    set work_order_status = '4'
    where id = #{id,jdbcType=INTEGER}
  </update>

  <select id="selectAllYWO1" resultType="org.dfzt.entity.po.CollectWorkOrder">
    select * from collect_work_order order by work_order_cycle desc,work_order_ctime asc
  </select>

  <select id="selectByeleNum" resultType="org.dfzt.entity.po.CollectWorkOrder">
    select * from collect_work_order
    where meter_asset_no =#{meterAssetNo,jdbcType=VARCHAR}
    order by work_order_ctime desc
  </select>

  <update id="updateWorkCycle">
    update collect_work_order set work_order_cycle = #{workOrderCycle} where id =#{id,jdbcType=INTEGER}
  </update>

  <select id="selectAllYWO" resultType="org.dfzt.entity.po.CollectWorkOrder">
    select * from collect_work_order
    order by work_order_cycle desc,work_order_ctime asc;
  </select>

  <select id="selectRole" resultType="java.lang.String">
    select user_role from sys_user where login_name=#{username}
  </select>

  <select id="selectOrgNoByrole" resultType="java.lang.String">
    select org_no from user_role where user_name=#{username}
  </select>


  <select id="selectList1" parameterType="org.dfzt.entity.po.CollectWorkOrder" resultType="org.dfzt.entity.po.CollectWorkOrder">
    select * from collect_work_order where 1=1
    <if test="c.workOrderNo != null" >
      and work_order_no like concat('%',#{c.workOrderNo},'%')
    </if>
    <if test="c.consName != null" >
      and cons_name like concat('%',#{c.consName},'%')
    </if>
<!--    <if test="orgName != null" >-->
<!--      and org_name like concat('%',#{orgName},'%')-->
<!--    </if>-->
    <if test="username != null" >
      and tg_manager like concat('%',#{username},'%')
    </if>
    <if test="c.tgName != null" >
      and tg_name like concat('%',#{c.tgName},'%')
    </if>
    <if test="c.tgId != null" >
      and tg_id like concat('%',#{c.tgId},'%')
    </if>
    <if test="c.workOrderCtime1 != null" >
      and work_order_ctime1 like concat('%',#{c.workOrderCtime1},'%')
    </if>
    <if test="status != null">
        and work_order_status in (${status})
    </if>
    order by work_order_ctime desc
    limit #{pageNo},#{pageSize}
  </select>

  <select id="selectExcel1" resultType="org.dfzt.entity.po.CollectWorkOrder">
    select * from collect_work_order where id in (${ids})
  </select>

  <select id="selectExcel2" resultType="org.dfzt.entity.po.MeterWorkOrder">
    select * from meter_work_order where id in (${ids})
  </select>

  <select id="selectExcel3" resultType="org.dfzt.entity.po.LinelossWorkOrder">
    select * from lineloss_work_order where id in (${ids})
  </select>

  <select id="selectExcel4" resultType="org.dfzt.entity.po.FeecontrolWorkOrder">
    select * from feecontrol_work_order where id in (${ids})
  </select>

  <select id="selectExcel5" resultType="org.dfzt.entity.po.RecycleWorkOrder">
    select * from recycle_work_order where id in (${ids})
  </select>

  <select id="selectExcel6" resultType="org.dfzt.entity.vo.RunWorkOrder">
    select * from run_work_order where id in (${ids})
  </select>



  <select id="selectList3" parameterType="org.dfzt.entity.po.CollectWorkOrder" resultType="org.dfzt.entity.po.CollectWorkOrder">
    select * from collect_work_order where 1=1
    <if test="c.workOrderNo != null" >
      and work_order_no like concat('%',#{c.workOrderNo},'%')
    </if>
    <if test="c.consName != null" >
      and cons_name like concat('%',#{c.consName},'%')
    </if>
<!--    <if test="orgName != null" >-->
<!--      and org_name like concat('%',#{orgName},'%')-->
<!--    </if>-->
    <if test="c.tgManager != null" >
      and tg_manager like concat('%',#{c.tgManager},'%')
    </if>
    <if test="c.tgName != null" >
      and tg_name like concat('%',#{c.tgName},'%')
    </if>
    <if test="c.tgId != null" >
      and tg_id like concat('%',#{c.tgId},'%')
    </if>
    <if test="c.workOrderCtime1 != null" >
      and work_order_ctime1 like concat('%',#{c.workOrderCtime1},'%')
    </if>
    <if test="status != null">
      and work_order_status in (${status})
    </if>
    <if test="orgNames != null and orgNames.size() > 0">
      and org_name in
      <foreach item="item" collection="orgNames" separator="," open="(" close=")" index="">
        #{item}
      </foreach>
    </if>
    order by work_order_ctime desc
    limit #{pageNo},#{pageSize}
  </select>

  <select id="selectList2" resultType="org.dfzt.entity.po.CollectWorkOrder">
    select * from collect_work_order where 1=1
    <if test="one !=null">
        and concat(`work_order_no`,`cons_name`,`org_name`,`tg_name`,`work_order_status`)
        like concat('%',#{one},'%')
    </if>
    and work_order_status =#{workOrderStatus}
<!--    <if test="username != null">-->
<!--        and tg_manager in ${readNames}-->
<!--    </if>-->
    <if test="readNames != null and readNames.size() > 0">
      and tg_manager in
      <foreach item="item" collection="readNames" separator="," open="(" close=")" index="">
        #{item}
      </foreach>
    </if>
    order by work_order_ctime desc
      limit #{pageNo},#{pageSize}
  </select>

<!--  work_order_cycle in ('1','2')-->
  <select id="selectList4" resultType="org.dfzt.entity.po.CollectWorkOrder">
    select * from collect_work_order where 1=1 and concat(`work_order_no`,`cons_name`,`org_name`,`tg_name`,`work_order_status`)
    like concat('%',#{one},'%')
    and work_order_status =#{workOrderStatus}
    <if test="username != null">
      or tg_manager=#{username}
    </if>
    <if test="orgName != null and orgName.size() > 0">
      and org_name in
      <foreach item="item" collection="orgName" separator="," open="(" close=")" index="">
        #{item}
      </foreach>
    </if>
    order by work_order_ctime desc
    limit #{pageNo},#{pageSize}
  </select>

  <select id="selectTest" resultType="org.dfzt.entity.po.CollectWorkOrder">
    select * from collect_work_order limit #{pageNo},#{pageSize}
  </select>

  <select id="selectAllYWOapp" resultType="org.dfzt.entity.po.CollectWorkOrder">
    select * from collect_work_order where app_type='1'
    order by work_order_cycle desc,work_order_ctime asc
  </select>

  <select id="selectByPrimaryKeyf" resultType="org.dfzt.entity.po.CollectFailure">
    select *
    from collect_failure
    where id = #{id,jdbcType=INTEGER}
  </select>
  <select id="selectByPrimaryKeyi" resultType="org.dfzt.entity.po.CollectInforma">
    select *
    from collect_informa
    where id = #{id,jdbcType=INTEGER}
  </select>
  <select id="selectByPrimaryKeyn" resultType="org.dfzt.entity.po.CollectNotcon">
    select *
    from collect_notcon
    where id = #{id,jdbcType=INTEGER}
  </select>

  <select id="selectStatus1" resultType="java.lang.Long">
    select count(*) from collect_work_order where work_order_status ='1'
  </select>

  <select id="selectStatus2" resultType="java.lang.Long">
    select count(*) from collect_work_order where work_order_status ='2'
  </select>

  <select id="selectStatus3" resultType="java.lang.Long">
    select count(*) from collect_work_order where work_order_status ='3'
  </select>

  <select id="selectStatus4" resultType="java.lang.Long">
    select count(*) from collect_work_order where work_order_status ='4'
  </select>

  <select id="selectStatus5" resultType="java.lang.Long">
    select count(*) from collect_work_order where work_order_cycle ='1'
  </select>

  <select id="selectStatus6" resultType="java.lang.Long">
    select count(*) from collect_work_order where work_order_cycle ='2'
  </select>

  <select id="selectfailfin" resultType="java.lang.String">
    select meter_asset_no from collect_work_order where work_order_status !='4' and work_order_ctime like concat(#{todaytime},'%')
  </select>

  <select id="selectnotcfin" resultType="java.lang.String">
    select meter_asset_no from collect_notcon
  </select>

  <!--where mr_date like concat(#{todaytime},'%')-->

  <update id="UpdatefinStatus">
    update collect_work_order set work_order_status='4' where meter_asset_no=#{massetNo} and work_order_ctime like concat(#{todaytime},'%')
  </update>

  <insert id="insertCollfail" parameterType="org.dfzt.entity.po.CollectFailure" useGeneratedKeys="true" keyProperty="id">
    insert into collect_failure
    <trim prefix="(" suffix=")" suffixOverrides=",">
      <if test="id != null"> id, </if>
      <if test="upOrgName != null"> up_org_name, </if>
      <if test="orgName != null"> org_name, </if>
      <if test="consNo != null"> cons_no, </if>
      <if test="consName != null"> cons_name, </if>
      <if test="elecAddr != null"> elec_addr, </if>
      <if test="meterAssetNo != null"> meter_asset_no, </if>
      <if test="elecmeterContype != null"> elecmeter_contype, </if>
      <if test="elecmeterStatute != null"> elecmeter_statute, </if>
      <if test="elecmeterFactory != null"> elecmeter_factory, </if>
      <if test="tgId != null"> tg_id, </if>
      <if test="tgName != null"> tg_name, </if>
      <if test="terminalAddr != null"> terminal_addr, </if>
      <if test="terminalStatute != null"> terminal_statute, </if>
      <if test="terminalFactory != null"> terminal_factory, </if>
      <if test="terminalState != null"> terminal_state, </if>
      <if test="mpSn != null"> mp_sn, </if>
      <if test="meterReader != null"> meter_reader, </if>
      <if test="synchro != null"> synchro, </if>
      <if test="synchroDep != null"> synchro_dep, </if>
      <if test="mrDate != null"> mr_date, </if>
      <if test="synchroTime != null"> synchro_time, </if>
      <if test="synchroMode != null"> synchro_mode, </if>
      <if test="tgManager != null"> tg_manager, </if>
      <if test="mobile != null"> mobile, </if>
      <if test="colSign != null"> col_sign, </if>
      <if test="elecmeterCode != null"> elecmeter_code, </if>
      <if test="userType != null"> user_type, </if>
    </trim>
    <trim prefix="values (" suffix=")" suffixOverrides=",">
      <if test="id != null"> #{id,jdbcType=INTEGER}, </if>
      <if test="upOrgName != null"> #{upOrgName,jdbcType=VARCHAR}, </if>
      <if test="orgName != null"> #{orgName,jdbcType=VARCHAR}, </if>
      <if test="consNo != null"> #{consNo,jdbcType=VARCHAR}, </if>
      <if test="consName != null"> #{consName,jdbcType=VARCHAR}, </if>
      <if test="elecAddr != null"> #{elecAddr,jdbcType=VARCHAR}, </if>
      <if test="meterAssetNo != null"> #{meterAssetNo,jdbcType=VARCHAR}, </if>
      <if test="elecmeterContype != null"> #{elecmeterContype,jdbcType=VARCHAR}, </if>
      <if test="elecmeterStatute != null"> #{elecmeterStatute,jdbcType=VARCHAR}, </if>
      <if test="elecmeterFactory != null"> #{elecmeterFactory,jdbcType=VARCHAR}, </if>
      <if test="tgId != null"> #{tgId,jdbcType=VARCHAR}, </if>
      <if test="tgName != null"> #{tgName,jdbcType=VARCHAR}, </if>
      <if test="terminalAddr != null"> #{terminalAddr,jdbcType=VARCHAR}, </if>
      <if test="terminalStatute != null"> #{terminalStatute,jdbcType=VARCHAR}, </if>
      <if test="terminalFactory != null"> #{terminalFactory,jdbcType=VARCHAR}, </if>
      <if test="terminalState != null"> #{terminalState,jdbcType=VARCHAR}, </if>
      <if test="mpSn != null"> #{mpSn,jdbcType=INTEGER}, </if>
      <if test="meterReader != null"> #{meterReader,jdbcType=VARCHAR}, </if>
      <if test="synchro != null"> #{synchro,jdbcType=VARCHAR}, </if>
      <if test="synchroDep != null"> #{synchroDep,jdbcType=VARCHAR}, </if>
      <if test="mrDate != null"> #{mrDate,jdbcType=VARCHAR}, </if>
      <if test="synchroTime != null"> #{synchroTime,jdbcType=TIMESTAMP}, </if>
      <if test="synchroMode != null"> #{synchroMode,jdbcType=VARCHAR}, </if>
      <if test="tgManager != null"> #{tgManager,jdbcType=VARCHAR}, </if>
      <if test="mobile != null"> #{mobile,jdbcType=VARCHAR}, </if>
      <if test="colSign != null"> #{colSign,jdbcType=VARCHAR}, </if>
      <if test="elecmeterCode != null"> #{elecmeterCode,jdbcType=VARCHAR}, </if>
      <if test="userType != null"> #{userType,jdbcType=VARCHAR}, </if>
    </trim>
  </insert>


  <insert id="insertCollinfo" parameterType="org.dfzt.entity.po.CollectInforma" useGeneratedKeys="true" keyProperty="id">
  insert into collect_informa
  <trim prefix="(" suffix=")" suffixOverrides=",">
    <if test="id != null"> id, </if>
    <if test="upOrgName != null"> up_org_name, </if>
    <if test="orgName != null"> org_name, </if>
    <if test="consNo != null"> cons_no, </if>
    <if test="consName != null"> cons_name, </if>
    <if test="abnormalData != null"> abnormal_data, </if>
    <if test="meterAssetNo != null"> meter_asset_no, </if>
    <if test="elecmeterFactory != null"> elecmeter_factory, </if>
    <if test="terminalFactory != null"> terminal_factory, </if>
    <if test="elecmeterContype != null"> elecmeter_contype, </if>
    <if test="tgId != null"> tg_id, </if>
    <if test="tgName != null"> tg_name, </if>
    <if test="tFactor != null"> t_factor, </if>
    <if test="papE != null"> pap_e, </if>
    <if test="rateOne != null"> rate_one, </if>
    <if test="rateTwo != null"> rate_two, </if>
    <if test="rateThree != null"> rate_three, </if>
    <if test="rateFour != null"> rate_four, </if>
    <if test="rrpE != null"> rrp_e, </if>
    <if test="prpE != null"> prp_e, </if>
    <if test="rapE != null"> rap_e, </if>
    <if test="rp1R != null"> rp1_r, </if>
    <if test="rp2R != null"> rp2_r, </if>
    <if test="rp3R != null"> rp3_r, </if>
    <if test="rp4R != null"> rp4_r, </if>
    <if test="elecAddr != null"> elec_addr, </if>
    <if test="terminalAddr != null"> terminal_addr, </if>
    <if test="recTime != null"> rec_time, </if>
    <if test="statDate != null"> stat_date, </if>
    <if test="mpSn != null"> mp_sn, </if>
    <if test="mrSectNo != null"> mr_sect_no, </if>
    <if test="tmnlAssetNo != null"> tmnl_asset_no, </if>
    <if test="readerName != null"> reader_name, </if>
    <if test="synchro != null"> synchro, </if>
    <if test="synchroDep != null"> synchro_dep, </if>
    <if test="synchroTime != null"> synchro_time, </if>
    <if test="synchroMode != null"> synchro_mode, </if>
    <if test="userType != null"> user_type, </if>
    <if test="consType != null"> cons_type, </if>
    <if test="createTime != null"> create_time, </if>
    <if test="tgManager != null"> tg_manager, </if>
    <if test="mobile != null"> mobile, </if>
    <if test="colSign != null"> col_sign, </if>
    <if test="elecmeterCode != null"> elecmeter_code, </if>
  </trim>
  <trim prefix="values (" suffix=")" suffixOverrides=",">
    <if test="id != null"> #{id,jdbcType=INTEGER}, </if>
    <if test="upOrgName != null"> #{upOrgName,jdbcType=VARCHAR}, </if>
    <if test="orgName != null"> #{orgName,jdbcType=VARCHAR}, </if>
    <if test="consNo != null"> #{consNo,jdbcType=VARCHAR}, </if>
    <if test="consName != null"> #{consName,jdbcType=VARCHAR}, </if>
    <if test="abnormalData != null"> #{abnormalData,jdbcType=VARCHAR}, </if>
    <if test="meterAssetNo != null"> #{meterAssetNo,jdbcType=VARCHAR}, </if>
    <if test="elecmeterFactory != null"> #{elecmeterFactory,jdbcType=VARCHAR}, </if>
    <if test="terminalFactory != null"> #{terminalFactory,jdbcType=VARCHAR}, </if>
    <if test="elecmeterContype != null"> #{elecmeterContype,jdbcType=VARCHAR}, </if>
    <if test="tgId != null"> #{tgId,jdbcType=VARCHAR}, </if>
    <if test="tgName != null"> #{tgName,jdbcType=VARCHAR}, </if>
    <if test="tFactor != null"> #{tFactor,jdbcType=VARCHAR}, </if>
    <if test="papE != null"> #{papE,jdbcType=DECIMAL}, </if>
    <if test="rateOne != null"> #{rateOne,jdbcType=DECIMAL}, </if>
    <if test="rateTwo != null"> #{rateTwo,jdbcType=DECIMAL}, </if>
    <if test="rateThree != null"> #{rateThree,jdbcType=DECIMAL}, </if>
    <if test="rateFour != null"> #{rateFour,jdbcType=DECIMAL}, </if>
    <if test="rrpE != null"> #{rrpE,jdbcType=DECIMAL}, </if>
    <if test="prpE != null"> #{prpE,jdbcType=DECIMAL}, </if>
    <if test="rapE != null"> #{rapE,jdbcType=DECIMAL}, </if>
    <if test="rp1R != null"> #{rp1R,jdbcType=DECIMAL}, </if>
    <if test="rp2R != null"> #{rp2R,jdbcType=DECIMAL}, </if>
    <if test="rp3R != null"> #{rp3R,jdbcType=DECIMAL}, </if>
    <if test="rp4R != null"> #{rp4R,jdbcType=DECIMAL}, </if>
    <if test="elecAddr != null"> #{elecAddr,jdbcType=VARCHAR}, </if>
    <if test="terminalAddr != null"> #{terminalAddr,jdbcType=VARCHAR}, </if>
    <if test="recTime != null"> #{recTime,jdbcType=TIMESTAMP}, </if>
    <if test="statDate != null"> #{statDate,jdbcType=TIMESTAMP}, </if>
    <if test="mpSn != null"> #{mpSn,jdbcType=VARCHAR}, </if>
    <if test="mrSectNo != null"> #{mrSectNo,jdbcType=VARCHAR}, </if>
    <if test="tmnlAssetNo != null"> #{tmnlAssetNo,jdbcType=VARCHAR}, </if>
    <if test="readerName != null"> #{readerName,jdbcType=VARCHAR}, </if>
    <if test="synchro != null"> #{synchro,jdbcType=VARCHAR}, </if>
    <if test="synchroDep != null"> #{synchroDep,jdbcType=VARCHAR}, </if>
    <if test="synchroTime != null"> #{synchroTime,jdbcType=TIMESTAMP}, </if>
    <if test="synchroMode != null"> #{synchroMode,jdbcType=VARCHAR}, </if>
    <if test="userType != null"> #{userType,jdbcType=VARCHAR}, </if>
    <if test="consType != null"> #{consType,jdbcType=VARCHAR}, </if>
    <if test="createTime != null"> #{createTime,jdbcType=TIMESTAMP}, </if>
    <if test="tgManager != null"> #{tgManager,jdbcType=VARCHAR}, </if>
    <if test="mobile != null"> #{mobile,jdbcType=VARCHAR}, </if>
    <if test="colSign != null"> #{colSign,jdbcType=VARCHAR}, </if>
    <if test="elecmeterCode != null"> #{elecmeterCode,jdbcType=VARCHAR}, </if>
  </trim>
  </insert>

  <insert id="insertCollnot" parameterType="org.dfzt.entity.po.CollectNotcon" useGeneratedKeys="true" keyProperty="id">
    insert into collect_notcon
    <trim prefix="(" suffix=")" suffixOverrides=",">
      <if test="id != null"> id, </if>
      <if test="powsupComp != null"> powsup_comp, </if>
      <if test="upOrgName != null"> up_org_name, </if>
      <if test="orgName != null"> org_name, </if>
      <if test="consNo != null"> cons_no, </if>
      <if test="consName != null"> cons_name, </if>
      <if test="meterreadNum != null"> meterread_num, </if>
      <if test="elecAddr != null"> elec_addr, </if>
      <if test="mpNo != null"> mp_no, </if>
      <if test="lineId != null"> line_id, </if>
      <if test="lineName != null"> line_name, </if>
      <if test="tgId != null"> tg_id, </if>
      <if test="tgName != null"> tg_name, </if>
      <if test="meterAssetNo != null"> meter_asset_no, </if>
      <if test="expoUserName != null"> expo_user_name, </if>
      <if test="expoUserDeptno != null"> expo_user_deptno, </if>
      <if test="expoUserTime != null"> expo_user_time, </if>
      <if test="synchro != null"> synchro, </if>
      <if test="synchroDep != null"> synchro_dep, </if>
      <if test="synchroTime != null"> synchro_time, </if>
      <if test="synchroMode != null"> synchro_mode, </if>
      <if test="tgManager != null"> tg_manager, </if>
      <if test="mobile != null"> mobile, </if>
      <if test="colSign != null"> col_sign, </if>
      <if test="elecmeterCode != null"> elecmeter_code, </if>
      <if test="terminalAddr != null"> terminal_addr, </if>
    </trim>
    <trim prefix="values (" suffix=")" suffixOverrides=",">
      <if test="id != null"> #{id,jdbcType=INTEGER}, </if>
      <if test="powsupComp != null"> #{powsupComp,jdbcType=VARCHAR}, </if>
      <if test="upOrgName != null"> #{upOrgName,jdbcType=VARCHAR}, </if>
      <if test="orgName != null"> #{orgName,jdbcType=VARCHAR}, </if>
      <if test="consNo != null"> #{consNo,jdbcType=VARCHAR}, </if>
      <if test="consName != null"> #{consName,jdbcType=VARCHAR}, </if>
      <if test="meterreadNum != null"> #{meterreadNum,jdbcType=VARCHAR}, </if>
      <if test="elecAddr != null"> #{elecAddr,jdbcType=VARCHAR}, </if>
      <if test="mpNo != null"> #{mpNo,jdbcType=VARCHAR}, </if>
      <if test="lineId != null"> #{lineId,jdbcType=VARCHAR}, </if>
      <if test="lineName != null"> #{lineName,jdbcType=VARCHAR}, </if>
      <if test="tgId != null"> #{tgId,jdbcType=VARCHAR}, </if>
      <if test="tgName != null"> #{tgName,jdbcType=VARCHAR}, </if>
      <if test="meterAssetNo != null"> #{meterAssetNo,jdbcType=VARCHAR}, </if>
      <if test="expoUserName != null"> #{expoUserName,jdbcType=VARCHAR}, </if>
      <if test="expoUserDeptno != null"> #{expoUserDeptno,jdbcType=INTEGER}, </if>
      <if test="expoUserTime != null"> #{expoUserTime,jdbcType=TIMESTAMP}, </if>
      <if test="synchro != null"> #{synchro,jdbcType=VARCHAR}, </if>
      <if test="synchroDep != null"> #{synchroDep,jdbcType=VARCHAR}, </if>
      <if test="synchroTime != null"> #{synchroTime,jdbcType=TIMESTAMP}, </if>
      <if test="synchroMode != null"> #{synchroMode,jdbcType=VARCHAR}, </if>
      <if test="tgManager != null"> #{tgManager,jdbcType=VARCHAR}, </if>
      <if test="mobile != null"> #{mobile,jdbcType=VARCHAR}, </if>
      <if test="colSign != null"> #{colSign,jdbcType=VARCHAR}, </if>
      <if test="elecmeterCode != null"> #{elecmeterCode,jdbcType=VARCHAR}, </if>
      <if test="terminalAddr != null"> #{terminalAddr,jdbcType=VARCHAR}, </if>
    </trim>
  </insert>

  <select id="selectTgNoList" resultType="java.lang.String">
    select tg_no from g_tg where run_status_code='01' and (org_no='154212206' or org_no='154212205' or org_no='154212204' or org_no='154212203' or org_no='154212201' or org_no='154212101' or org_no='154212102' or org_no='154212103' or org_no='154212104' or org_no='154212105' or org_no='154212106')
  </select>

  <select id="selectMdpg" resultType="java.lang.Object">
  select * from g_tg where tg_no='1800000186'
  </select>

  <select id="selectMCons" resultType="java.lang.Object">
  select * from c_cons where cons_no='3536277306'
  </select>

  <select id="selectCEAddrByconsId" resultType="org.dfzt.entity.po.CElecAddr">
    select * from c_elec_addr where cons_id=#{consId}
  </select>

  <select id="SelectCountterAdds" resultType="java.lang.Integer">
    select count(terminal_addr) from collect_failure where terminal_addr=#{terminalAddr} and mr_date like concat(#{today},'%')
  </select>

  <select id="selectOperator" resultType="java.lang.String">
    select OPERATOR_NO from r_oper_activity where act_code='03' and mr_sect_no=#{mrSectNo,jdbcType=VARCHAR}
  </select>

  <select id="selectOperatorMpg" resultType="java.lang.String">
    select OPERATOR_NO from r_oper_activity where act_code='03' and mr_sect_no=#{mrSectNo,jdbcType=VARCHAR}
  </select>

  <select id="selectTgManager" resultType="java.lang.String">
    select real_name from fro_cms_epsa_md.sa_user where user_id=#{userId}
  </select>

  <select id="selectTgManagerByLoginName" resultType="java.lang.String">
    select real_name from fro_cms_epsa_md.sa_user where user_name=#{userName}
  </select>

  <select id="selectOrgNoByuName" resultType="java.lang.String">
    select org_no from user_role where user_name=#{userName}
  </select>

  <select id="selectMrSectNo" resultType="java.lang.String">
    select mr_sect_no from c_cons where cons_no=#{consNo}
  </select>

  <select id="selectTgManage1" resultType="java.lang.String">
    select real_name from fro_cms_epsa_md.sa_user s1
    join fro_cms_epm_md.r_oper_activity s2 on s1.user_id=s2.operator_no
    join fro_cms_epm_md.c_cons s3 on s3.mr_sect_no = s2.mr_sect_no
    where s2.act_code='03' and s3.cons_no=#{consNo}
  </select>


  <select id="selectLinelossMan" resultType="java.lang.String">
    select mr_sect_no from c_mp where tg_id =(select tg_id from g_tg where tg_no=#{tgNo})
    limit 1
  </select>

  <select id="selectOrgNameByc" resultType="org.dfzt.entity.po.OrgNoName">
    select c2.org_no,c3.org_name from fro_cms_epm_md.c_cons c1
    join fro_cms_epm_md.c_mp c2 on c1.cons_id=c2.cons_id
    join fro_cms_epsa_md.sa_org c3 on c2.org_no = c3.org_no
    where c1.cons_no=#{consNo}
  </select>

  <select id="selectTgByConsno" resultType="org.dfzt.entity.po.GTg">
    select tg_id,org_no,tg_no,tg_name,tg_cap,pub_priv_flag,run_status_code from g_tg
    where tg_id=(select tg_id from c_mp where cons_no=#{consNo} limit 1)
  </select>

  <select id="selectOrgNo" resultType="java.lang.String">
    select org_name from fro_cms_epm_md.o_org where org_no=#{orgNo}
  </select>

  <select id="selectOrgNos" resultType="java.lang.String">
    select org_name from fro_cms_epm_md.o_org
    where p_org_no=#{orgNo} and org_no != '154212101'
  </select>

  <select id="selectOrgNos1" resultType="java.lang.String">
    select org_name from fro_cms_epsa_md.sa_org
    where p_org_no like '15421%' and is_delete != '1'
  </select>

  <select id="selectOrgnos" resultType="java.lang.String">
    select org_no from fro_cms_epm_md.o_org
    where p_org_no=#{orgNo} and org_no != '154212101'
  </select>

  <select id="selectTerminalAddr" resultType="java.lang.String">
    select terminal_addr from R_TMNL_RUN where status_code='01' and org_no like '15421%'
  </select>

  <select id="selectElecCode" resultType="java.lang.String">
    select elec_type_code from c_cons where cons_no=#{consNo}
  </select>

  <select id="selectElecName" resultType="java.lang.String">
    select name from fro_cms_epsa_md.sa_prop_list where code_type=#{codeType} and value=#{codeValue} and is_delete='0'
  </select>

  <select id="selectPropList" resultType="org.dfzt.entity.vo.PropListVo">
    select code_type,value,name,is_delete,order_id from fro_cms_epsa_md.sa_prop_list where code_type=#{codeType} and is_delete='0'
  </select>

  <select id="selectCustId" resultType="java.lang.String">
    select cons_no from c_cons where cust_id=#{custId}
  </select>

  <select id="selectAlltest" resultType="org.dfzt.entity.po.TgManList">
    select mr_sect_no,count(cons_no) as cons_num
    from c_cons
    where org_no=#{orgNo}
    group by mr_sect_no
  </select>

  <select id="selectTguserId" resultType="java.lang.String">
    select operator_no from r_oper_activity where mr_sect_no=#{mrSectNo} and act_code='03'
  </select>

  <select id="selectTwoRape" resultType="org.dfzt.entity.po.CollectInforma">
    select pap_e,rap_e from collect_informa where meter_asset_no=#{meterAssetNo}
    and (rec_time like concat(#{agoday},'%') or rec_time like concat(#{ago2day},'%'))
    order by rec_time asc
  </select>

  <select id="selectvandc" resultType="org.dfzt.entity.po.DMeter">
    select volt_code,rated_current from d_meter where asset_no=#{meterAssetNo}
  </select>

  <select id="selectCCons" resultType="org.dfzt.entity.po.consTg">
    select c1.cons_no,c1.cons_name,c1.mr_sect_no,c1.org_no,c4.org_name,c4.p_org_no,c2.tg_id,c3.tg_no,c3.tg_name,c3.pub_priv_flag,c6.real_name
    from c_cons as c1
        join c_mp as c2 on c1.mr_sect_no = c2.mr_sect_no
		join g_tg as c3 on c2.tg_id = c3.tg_id
		join o_org as c4 on c4.org_no = c1.org_no
		join r_oper_activity as c5 on c1.mr_sect_no = c5.mr_sect_no
		join fro_cms_epsa_md.sa_user as c6 on c5.operator_no = c6.user_id
    where c1.org_no =#{orgNo}
    and c1.status_code != '9'
    and c5.act_code='03'
    GROUP BY c1.cons_no,c1.cons_name,c1.mr_sect_no,c1.org_no,c4.org_name,c2.tg_id,c3.tg_no,c3.tg_name,c3.pub_priv_flag,c6.real_name,c4.p_org_no
  </select>

  <insert id="insertconsTg" parameterType="org.dfzt.entity.po.consTg">
    insert into cons_tg
    <trim prefix="(" suffix=")" suffixOverrides=",">
      <if test="id != null"> id, </if>
      <if test="consNo != null"> cons_no, </if>
      <if test="consName != null"> cons_name, </if>
      <if test="mrSectNo != null"> mr_sect_no, </if>
      <if test="mrSectName != null"> mr_sect_name, </if>
      <if test="orgNo != null"> org_no, </if>
      <if test="pOrgNo != null"> p_org_no, </if>
      <if test="orgName != null"> org_name, </if>
      <if test="pOrgName != null"> p_org_name, </if>
      <if test="tgId != null"> tg_id, </if>
      <if test="tgNo != null"> tg_no, </if>
      <if test="tgName != null"> tg_name, </if>
      <if test="pubPrivFlag != null"> pub_priv_flag, </if>
      <if test="realName != null"> real_name, </if>
    </trim>
    <trim prefix="values (" suffix=")" suffixOverrides=",">
      <if test="id != null"> #{id,jdbcType=INTEGER}, </if>
      <if test="consNo != null"> #{consNo,jdbcType=VARCHAR}, </if>
      <if test="consName != null"> #{consName,jdbcType=VARCHAR}, </if>
      <if test="mrSectNo != null"> #{mrSectNo,jdbcType=VARCHAR}, </if>
      <if test="mrSectName != null"> #{mrSectName,jdbcType=VARCHAR}, </if>
      <if test="orgNo != null"> #{orgNo,jdbcType=VARCHAR}, </if>
      <if test="pOrgNo != null"> #{pOrgNo,jdbcType=VARCHAR}, </if>
      <if test="orgName != null"> #{orgName,jdbcType=VARCHAR}, </if>
      <if test="pOrgName != null"> #{pOrgName,jdbcType=VARCHAR}, </if>
      <if test="tgId != null"> #{tgId,jdbcType=VARCHAR}, </if>
      <if test="tgNo != null"> #{tgNo,jdbcType=VARCHAR}, </if>
      <if test="tgName != null"> #{tgName,jdbcType=VARCHAR}, </if>
      <if test="pubPrivFlag != null"> #{pubPrivFlag,jdbcType=VARCHAR}, </if>
      <if test="realName != null"> #{realName,jdbcType=VARCHAR}, </if>
    </trim>
  </insert>


  <insert id="insertconsTgList">
    insert into cons_tg (cons_no,cons_name,mr_sect_no,org_no,p_org_no,tg_no,tg_name,pub_priv_flag,real_name)
    values
    <foreach collection="constgs" item="constg" separator=",">
      (#{constg.cons_no},#{constg.cons_name},#{constg.mr_sect_no},#{constg.org_no},#{constg.p_org_no},#{constg.tg_no},#{constg.tg_name},#{constg.pub_priv_flag},#{constg.real_name})
    </foreach>
  </insert>

  <select id="selectCollInfo" resultType="org.dfzt.entity.po.CollectInforma">
    select * from collect_informa where rec_time like concat(#{today},'%')
  </select>

  <select id="selectcollStaNum1" resultType="java.util.Map">
    select work_order_status,count('1') as statmum from collect_work_order
    where work_order_ctime like concat(#{today},'%')
    group by work_order_status
  </select>
  <select id="selectcollStaNum2" resultType="java.util.Map">
    select work_order_status,count('1') as statmum from meter_work_order
    where work_order_ctime like concat(#{today},'%')
    group by work_order_status
  </select>


  <select id="selectConsList" resultType="org.dfzt.entity.vo.ConsListPo">
    select c1.cons_no,c1.cons_name,c1.org_no,c1.elec_addr,c1.status_code,c1.cons_sort_code,c1.trade_code,
    c1.volt_code,c1.contract_cap,c1.tmp_flag,c1.mr_sect_no,c1.elec_type_code,c1.run_cap,c3.sp_id,c3.sp_name,
    c3.ps_num_code,c4.type_code,c4.ba_calc_mode,c4.dmd_spec_value,c4.pf_eval_mode,c6.real_name
    from c_cons c1 join c_sp c3 on c1.cons_id = c3.cons_id
                    join s_prc_tactic_scheme_det c4 on c1.cons_id = c4.cons_id
                    join r_oper_activity c5 on c1.mr_sect_no = c5.mr_sect_no
                    join fro_cms_epsa_md.sa_user c6 on c5.operator_no = c6.user_id
    where c1.cons_no=#{consNo} and c5.act_code='03'
  </select>

  <select id="selectConsListMobile" resultType="org.dfzt.entity.vo.ConsConMobile">
    select c2.contact_mode,c2.contact_name,c2.mobile
    from c_cons c1 join c_contact c2 on c1.cust_id=c2.cust_id
    where c1.cons_no=#{consNo}
  </select>


  <select id="selectConsListweb" resultType="org.dfzt.entity.vo.ConsListPo">
    select c1.cons_no,c1.cons_name,c1.org_no,c1.elec_addr,c1.status_code,c1.cons_sort_code,c1.trade_code,
    c1.volt_code,c1.contract_cap,c1.tmp_flag,c1.mr_sect_no,c1.elec_type_code,c1.run_cap,c3.sp_id,c3.sp_name,
    c3.ps_num_code,c4.type_code,c4.ba_calc_mode,c4.dmd_spec_value,c4.pf_eval_mode,c6.real_name,c7.org_name
    from c_cons c1 join c_sp c3 on c1.cons_id = c3.cons_id
                    join s_prc_tactic_scheme_det c4 on c1.cons_id = c4.cons_id
                    join r_oper_activity c5 on c1.mr_sect_no = c5.mr_sect_no
                    join fro_cms_epsa_md.sa_user c6 on c5.operator_no = c6.user_id
                    join o_org c7 on c1.org_no = c7.org_no
                    join fro_cms_epsa_md.sa_prop_list c8 on c8.value = c1.elec_type_code and c8.code_type='elec_type_code'
    where c5.act_code='03'
    <if test="consNo != null and consNo != ''" >
      and c1.cons_no like concat('%',#{consNo},'%')
    </if>
    <if test="consName != null and consName !=''">
      and c1.cons_name like concat('%',#{consName},'%')
    </if>
    <if test="orgName != null and orgName !=''">
      and c7.org_name like concat('%',#{orgName},'%')
    </if>
    <if test="elecTypeCode != null and elecTypeCode !=''">
      and c8.name like concat('%',#{elecTypeCode},'%')
    </if>
    limit 10 offset 0
  </select>

  <select id="selectConsListMobileweb" resultType="org.dfzt.entity.vo.ConsConMobile">
    select c2.contact_mode,c2.contact_name,c2.mobile
    from c_cons c1 join c_contact c2 on c1.cust_id=c2.cust_id
    where c1.cons_no=#{consNo}
  </select>






  <!--计量点档案-->
  <select id="selectMpList" resultType="org.dfzt.entity.po.MpListPo">
    select c1.mp_no,c1.volt_code,c1.mp_cap,c1.calc_mode,c1.fr_deduct_flag,c1.meas_mode,
    c1.tl_share_flag,c1.ll_bill_flag,c1.ll_share_flag,c1.fqr_value,c1.tl_bill_flag,c1.ll_calc_mode,
    c1.status_code,c1.wiring_mode,c1.market_type,c2.tg_no,c2.tg_name,c3.line_no,c3.line_name,
    c5.terminal_addr,c5.protocol_code,c5.terminal_type_code,c5.factory_code
    from c_mp c1 join g_tg c2 on c1.tg_id=c2.tg_id
    			join g_line c3 on c1.line_id=c3.line_id
    			join r_cp_mp_rela c4 on c4.mp_id = c1.mp_no
    			join r_tmnl_run c5 on c4.cp_no=c5.cp_no
    			join c_meter_mp_rela c6 on c6.mp_id = c1.mp_no
    			join d_meter c7 on c6.meter_id=c7.meter_id
    where 1=1
    <if test="mpId != null">
        and c1.mp_no=#{mpId}
    </if>
    <if test="assetNo != null">
        and c7.asset_no=#{assetNo}
    </if>
    limit 10 offset 0
  </select>


  <select id="selectMpListReal" resultType="org.dfzt.entity.po.RealMpPo">
    select distinct c1.mp_id,c1.rela_sort_code,c3.mp_name,c1.rela_cons_id,c2.cons_no,
    c2.cons_name,c1.mp_direction_code,c1.rela_ratio
    from arc_c_bill_rela c1
    join c_cons c2 on c1.rela_cons_id = c2.cons_no
    join c_mp c3 on c1.mp_id = c3.mp_id
    join c_meter_mp_rela c4 on c4.mp_id = c1.rela_mp_id
    join d_meter c5 on c4.meter_id = c5.meter_id
    where 1=1
    <if test="mpId != null">
      and rela_mp_id=#{mpId}
    </if>
    <if test="assetNo != null">
      and c5.asset_no=#{assetNo}
    </if>
  </select>

  <select id="selectDMeter" resultType="org.dfzt.entity.po.DMeterPo">
    select c1.meter_id,c2.asset_no,c3.t_factor,c3.ref_meter_flag,c2.volt_code,c2.rated_current,
    c2.ap_pre_level_code,c2.rp_pre_level_code,c2.wiring_mode,c2.con_mode,c2.manufacturer,c2.comm_prot_code
    from c_meter_mp_rela c1
    join d_meter c2 on c1.meter_id=c2.meter_id
    join c_meter c3 on c2.asset_no = c3.asset_no
    where 1=1
    <if test="mpId != null">
      and c1.mp_id=#{mpId}
    </if>
    <if test="assetNo != null">
      and c3.asset_no=#{assetNo}
    </if>
  </select>

  <select id="selectDItList" resultType="org.dfzt.entity.po.DItPo">
    select c2.asset_no,c2.sort_code,c2.rc_ratio_code,c3.current_ratio_code,c2.tv_pre_code,c2.manufacturer,c1.it_id
    from S_MI_RELA_SCHEME c1
    join d_it c2 on c1.it_id=c2.it_id
    join c_it_run c3 on c1.it_id = c3.it_id
    join c_meter_mp_rela c4 on c4.mp_id = c1.mp_id
    join d_meter c5 on c4.meter_id = c5.meter_id
    where 1=1
    <if test="mpId != null">
      and c1.mp_id=#{mpId}
    </if>
    <if test="assetNo != null">
      and c5.asset_no=#{assetNo}
    </if>
  </select>


  <select id="selectOrgList" resultType="java.lang.String">
    select org_no from fro_cms_epsa_md.sa_org
    where is_delete !='1' and p_org_no in (select org_no from fro_cms_epsa_md.sa_org where p_org_no='15421' and org_no != '1542105')
  </select>

  <select id="selectOrgList1" resultType="java.lang.String">
    select org_no from fro_cms_epsa_md.sa_org where p_org_no like '15421%' and is_delete !='1'
  </select>

  <select id="selectLists1" resultType="org.dfzt.entity.po.CollectWorkOrder">
    select * from collect_work_order where work_order_status in
    <foreach item="item" collection="lists" separator="," open="(" close=")" index="">
      #{item}
    </foreach>
  </select>


  <insert id="insertSerSuser" parameterType="org.dfzt.entity.po.SuperiorSensitivity">
    insert into superior_sensitivity
    <trim prefix="(" suffix=")" suffixOverrides=",">
      <if test="id != null"> id, </if>
      <if test="consNo != null"> cons_no, </if>
      <if test="consName != null"> cons_name, </if>
      <if test="mobile != null"> mobile, </if>
      <if test="elecAddr != null"> elec_addr, </if>
      <if test="tgNo != null"> tg_no, </if>
      <if test="tgName != null"> tg_name, </if>
      <if test="orgNo != null"> org_no, </if>
      <if test="labelTime != null"> label_time, </if>
      <if test="labelCause != null"> label_cause, </if>
      <if test="labelName != null"> label_name, </if>
      <if test="appType != null"> app_type, </if>
    </trim>
    <trim prefix="values (" suffix=")" suffixOverrides=",">
      <if test="id != null"> #{id,jdbcType=INTEGER}, </if>
      <if test="consNo != null"> #{consNo,jdbcType=VARCHAR}, </if>
      <if test="consName != null"> #{consName,jdbcType=VARCHAR}, </if>
      <if test="mobile != null"> #{mobile,jdbcType=VARCHAR}, </if>
      <if test="elecAddr != null"> #{elecAddr,jdbcType=VARCHAR}, </if>
      <if test="tgNo != null"> #{tgNo,jdbcType=VARCHAR}, </if>
      <if test="tgName != null"> #{tgName,jdbcType=VARCHAR}, </if>
      <if test="orgNo != null"> #{orgNo,jdbcType=VARCHAR}, </if>
      <if test="labelTime != null"> #{labelTime,jdbcType=TIMESTAMP}, </if>
      <if test="labelCause != null"> #{labelCause,jdbcType=VARCHAR}, </if>
      <if test="labelName != null"> #{labelName,jdbcType=VARCHAR}, </if>
      <if test="appType != null"> #{appType,jdbcType=VARCHAR}, </if>
    </trim>
  </insert>

<!--  <select id="selectOrgName" resultType="java.lang.String">-->
<!--    select org_name from o_org where org_no =#{orgNo}-->
<!--  </select>-->

  <select id="selectCounty" resultType="org.dfzt.entity.po.OrgNoName">
    select org_no,org_name from fro_cms_epsa_md.sa_org where p_org_no = '15421' and is_delete='0'
  </select>

  <select id="selectStation1" resultType="org.dfzt.entity.po.OrgNoName">
    select org_no,org_name from fro_cms_epsa_md.sa_org where p_org_no =#{orgNo}
  </select>

  <select id="selectAcManager" resultType="org.dfzt.entity.po.TdTgManager">
    select user_name1,read_name from user_role where org_no=#{orgNo}
  </select>

  <select id="selectCollByLoName1" resultType="org.dfzt.entity.po.CollectWorkOrder">
    select * from collect_work_order where tg_manager=#{loName2}
  </select>
  <select id="selectCollByLoName2" resultType="org.dfzt.entity.po.MeterWorkOrder">
    select * from collect_work_order where tg_manager=#{loName2}
  </select>

  <select id="selectPub1" resultType="java.lang.Integer"> <!--01公变  02专变-->
    select count(*) from g_tg where pub_priv_flag='01' and run_status_code='01' and org_no in
    <foreach item="item" collection="orgNos" separator="," open="(" close=")" index="">
      #{item}
    </foreach>
  </select>

  <select id="selectPub2" resultType="java.lang.Integer"> <!--01公变  02专变-->
    select count(*) from g_tg where pub_priv_flag='02' and run_status_code='01' and org_no in
    <foreach item="item" collection="orgNos" separator="," open="(" close=")" index="">
      #{item}
    </foreach>
  </select>

  <select id="selectCons1" resultType="java.lang.Integer"> <!--高压-->
    select count(*) from c_cons where volt_code not in ('AC02202','AC03802') and status_code!='9' and org_no in
    <foreach item="item" collection="orgNos" separator="," open="(" close=")" index="">
      #{item}
    </foreach>
  </select>

  <select id="selectCons2" resultType="java.lang.Integer"> <!--低压-->
    select count(*) from c_cons where volt_code in ('AC02202','AC03802') and status_code!='9' and org_no in
    <foreach item="item" collection="orgNos" separator="," open="(" close=")" index="">
      #{item}
    </foreach>
  </select>

  <select id="selectLine1" resultType="java.math.BigDecimal"> <!--10kv 03  0.4kv 08-->
    select sum(wire_len) from g_line where volt_code ='03' and run_status_code='01' and org_no in
    <foreach item="item" collection="orgNos" separator="," open="(" close=")" index="">
      #{item}
    </foreach>
  </select>

  <select id="selectLine2" resultType="java.math.BigDecimal"> <!--10kv 03  0.4kv 08-->
    select sum(wire_len) from g_line where volt_code ='08' and run_status_code='01' and org_no in
    <foreach item="item" collection="orgNos" separator="," open="(" close=")" index="">
      #{item}
    </foreach>
  </select>


  <select id="selectCMeter1" resultType="java.lang.Integer"> <!--在运电能表数量-->
    select count(*) from C_METER where org_no in
    <foreach item="item" collection="orgNos" separator="," open="(" close=")" index="">
      #{item}
    </foreach>
  </select>

  <select id="selectCMeter2" resultType="java.lang.Integer"> <!--在运采集终端数量-->
    select count(*) from R_TMNL_RUN where status_code ='01' and org_no in
    <foreach item="item" collection="orgNos" separator="," open="(" close=")" index="">
      #{item}
    </foreach>
  </select>

  <select id="selecctOrgNameNum" resultType="java.lang.Integer">
    select count(*) from collect_work_order where org_name like concat('%',#{orgName},'%')
    and work_order_ctime like concat ('%',#{ymd},'%')
  </select>

  <select id="selectOrgAllNum" resultType="java.lang.Integer">
    select sum(cons_num) from tgman_num where org_name like concat('%',#{orgName},'%')
  </select>

<!--  <select id="selectOrgnoNum" resultType="java.lang.Integer">-->
<!--    select sum(cons_num) from tgman_num where org_no like concat('%',#{orgName},'%')-->
<!--  </select>-->

  <select id="selectStaconNums" resultType="java.lang.Integer">
    select count(*) from c_cons where status_code !='9' and org_no=#{orgNo}
  </select>

  <select id="selectAcconNums" resultType="java.lang.Integer">
    select count(*) from c_cons where status_code !='9' and org_no like concat (#{orgNo},'%')
  </select>

  <select id="selectStatgNums" resultType="java.lang.Integer">
    select count(*) from g_tg where run_status_code='01' and org_no=#{orgNo}
  </select>

  <select id="selectActgNums" resultType="java.lang.Integer">
    select count(*) from g_tg where run_status_code='01' and org_no like concat (#{orgNo},'%')
  </select>



  <select id="selectFee3" resultType="java.lang.Integer">
    select count(1) from A_RCA_CTRL_DET where to_char(remote_date,'yyyy-MM-dd') = #{ymd}
    and ctrl_type = '03'
    <if test="remote !=null">
      and remote_rslt=#{remote}
    </if>
    and org_no in
    <foreach item="item" collection="orgNos" separator="," open="(" close=")" index="">
      #{item}
    </foreach>
  </select>

  <select id="selectFee4" resultType="java.lang.Integer">
    select count(1) from A_RCA_CTRL_DET where to_char(remote_date,'yyyy-MM-dd') = #{ymd}
    and ctrl_type = '02'
    <if test="remote !=null">
      and remote_rslt=#{remote}
    </if>
    and org_no in
    <foreach item="item" collection="orgNos" separator="," open="(" close=")" index="">
      #{item}
    </foreach>
  </select>

  <select id="selectFeeManage3" resultType="java.lang.Integer">
    select count(*) from feecontrol_work_order where
  </select>

  <select id="selectFeeManage3all" resultType="java.lang.Integer">
    select count(*) from feecontrol_work_order where
  </select>

  <select id="selectSiperNum" resultType="java.lang.Integer">
    select count(*) from superior_work_order
    where handle_time like concat('%',#{ymd},'%')
    and (busi_type_code like concat('%','投诉','%') or busi_type_code like concat('%','意见','%'))
    and org_name like concat('%',#{orgNo},'%')
  </select>

  <select id="selectNum6" resultType="java.lang.Integer">
    select count(cons_num) from tgman_num
    where org_no like concat('%',#{orgNo},'%')
    and true_id ='0'
  </select>

  <select id="selectLine8" resultType="java.lang.Integer">
    select count(*) from lineloss_synana where up_org_name like concat('%',#{orgNo},'%')
    and data_date like concat('%',#{ymd},'%')
    and loss_pq &gt;= 6
  </select>

<!--  <select id="selectNum8" resultType="java.lang.Integer">-->
<!--    select count(tg_num) from tgman_num-->
<!--    where org_no like concat('%',#{orgNo},'%')-->
<!--    and true_id ='0'-->
<!--  </select>-->

  <select id="selectLine9" resultType="java.lang.Integer">
    select count(*) from lineloss_synana where up_org_name like concat('%',#{orgNo},'%')
    and data_date like concat('%',#{ymd},'%')
    and loss_pq &lt;= -1
  </select>
  <select id="selectLine10" resultType="java.lang.Integer">
    select count(*) from lineloss_synana where up_org_name like concat('%',#{orgNo},'%')
    and data_date like concat('%',#{ymd},'%')
    and loss_pq &gt;= 0 and loss_pq &lt;= 4
  </select>

  <select id="selectAcCouzb1" resultType="java.lang.Integer">
    select count(*) from collect_work_order where work_order_ctime1 like concat (#{ymd},'%') and fail_details_id is not null
    <if test="orgNames != null">
      and org_name in
      <foreach item="item" collection="orgNames" separator="," open="(" close=")" index="">
        #{item}
      </foreach>
    </if>
  </select>

  <select id="selectAcCouzb2" resultType="java.lang.Integer">
    select count(*) from collect_work_order where work_order_ctime1 like concat (#{ymd},'%') and fail_details_id is not null and work_order_status ='1'
    <if test="orgNames != null">
      and org_name in
      <foreach item="item" collection="orgNames" separator="," open="(" close=")" index="">
        #{item}
      </foreach>
    </if>
  </select>

  <select id="selectLoss6" resultType="java.math.BigDecimal">
    select sum(loss_pq)/sum(ppq) from lineloss_synana where up_org_name like concat ('%',#{orgName},'%')
    and data_date like concat (#{ymd},'%')
  </select>

  <select id="selectLoss61" resultType="java.math.BigDecimal">
    select sum(loss_pq)/sum(ppq) from lineloss_synana where org_name like concat ('%',#{orgName},'%')
    and data_date like concat (#{ymd},'%')
  </select>

  <select id="selectAcCou10" resultType="java.lang.Integer">
    select count(*) from lineloss_work_order where work_order_cycle &gt;= 3
  </select>


  <select id="selectAcCou11a" resultType="java.math.BigDecimal">
    select sum(rcvbl_amt) from recycle_work_order
    where rcvbl_ym like concat ('%',#{ym},'%')
    and org_name in
    <foreach item="item" collection="orgs" separator="," open="(" close=")" index="">
      #{item}
    </foreach>
  </select>

  <select id="selectAcCou11b" resultType="java.math.BigDecimal">
    select sum(rcvbl_penalty) from recycle_work_order
    where rcvbl_ym like concat ('%',#{ym},'%') and work_order_status !='4'
    and org_name in
    <foreach item="item" collection="orgs" separator="," open="(" close=")" index="">
      #{item}
    </foreach>
  </select>

  <select id="selectAcMan11a" resultType="java.math.BigDecimal">
    select sum(rcvbl_amt) from recycle_work_order
    where rcvbl_ym like concat ('%',#{ym},'%') and tg_manager=#{tgManager}
  </select>

  <select id="selectAcMan11b" resultType="java.math.BigDecimal">
    select sum(rcvbl_penalty) from recycle_work_order
    where rcvbl_ym like concat ('%',#{ym},'%') and work_order_status !='4' and tg_manager=#{tgManager}
  </select>


  <select id="selectAc13" resultType="java.lang.Integer">
    select count(*) from feecontrol_work_order
    where work_order_ctime like concat ('%',#{ymd},'%') and fail_time_period &lt;= 45
    and org_no in
    <foreach item="item" collection="orgs" separator="," open="(" close=")" index="">
      #{item}
    </foreach>
  </select>

  <select id="selectAc13a" resultType="java.lang.Integer">
    select count(*) from feecontrol_work_order
    where work_order_ctime like concat ('%',#{ymd},'%')
    and org_no in
    <foreach item="item" collection="orgs" separator="," open="(" close=")" index="">
      #{item}
    </foreach>
  </select>


  <select id="selectAcMan13" resultType="java.lang.Integer">
    select count(*) from feecontrol_work_order
    where work_order_ctime like concat ('%',#{ymd},'%') and fail_time_period &lt;= 45
    and tg_manager=#{tgManager}
  </select>

  <select id="selectAcMan13aa" resultType="java.lang.Integer">
    select count(*) from feecontrol_work_order
    where work_order_ctime like concat ('%',#{ymd},'%') and work_order_status='4'
    and tg_manager=#{tgManager}
  </select>

  <select id="selectAcMan13a" resultType="java.lang.Integer">
    select count(*) from feecontrol_work_order
    where work_order_ctime like concat ('%',#{ymd},'%')
    and tg_manager=#{tgManager}
  </select>


  <select id="selectAc14tou" resultType="java.lang.Integer">
    select count(*) from superior_work_order where work_order_ctime1=#{ymd} and busi_type_code like concat('%','投诉','%')
    and org_name in
    <foreach item="item" collection="orgs" separator="," open="(" close=")" index="">
      #{item}
    </foreach>
  </select>

  <select id="selectAc14yi" resultType="java.lang.Integer">
    select count(*) from superior_work_order where work_order_ctime1=#{ymd} and busi_type_code like concat('%','意见','%')
    and org_name in
    <foreach item="item" collection="orgs" separator="," open="(" close=")" index="">
      #{item}
    </foreach>
  </select>

  <select id="selectAc16a" resultType="java.lang.Integer">
    select count(*) from meter_work_order where work_order_ctime like concat(#{ymd},'%')
    and org_name in
    <foreach item="item" collection="orgs" separator="," open="(" close=")" index="">
      #{item}
    </foreach>
  </select>

  <select id="selectAc16" resultType="java.lang.Integer">
    select count(*) from meter_work_order where work_order_ctime like concat(#{ymd},'%') and work_order_cycle !='2'
    and org_name in
    <foreach item="item" collection="orgs" separator="," open="(" close=")" index="">
      #{item}
    </foreach>
  </select>


  <select id="selectAcMan16a" resultType="java.lang.Integer">
    select count(*) from meter_work_order where work_order_ctime like concat(#{ymd},'%')
    and tg_manager=#{tgManager}
  </select>

  <select id="selectAcMan16" resultType="java.lang.Integer">
    select count(*) from meter_work_order where work_order_ctime like concat(#{ymd},'%') and work_order_cycle !='2'
    and tg_manager=#{tgManager}
  </select>


  <select id="selectDora" resultType="java.lang.Integer">
    select count(*) from E_MP_VOL_CURVE
  </select>

  <select id="selectUserRole" resultType="org.dfzt.entity.po.UserRole">
    select * from user_role where user_name=#{userName}
  </select>

  <select id="selectUserList" resultType="org.dfzt.entity.po.UserRole">
    select * from user_role where org_no like concat ('%',#{orgNo},'%')
    group by user_name
  </select>

  <select id="selectReadName" resultType="org.dfzt.entity.po.UserRole">
    select id,user_name1,read_name from user_role where user_name=#{userName} and is_role='2'
  </select>

  <insert id="insertUserRole" parameterType="org.dfzt.entity.po.UserRole">
    insert into user_role
    <trim prefix="(" suffix=")" suffixOverrides=",">
      <if test="id != null"> id, </if>
      <if test="userId != null"> user_id, </if>
      <if test="userName != null"> user_name, </if>
      <if test="userName1 != null"> user_name1, </if>
      <if test="isRole != null"> is_role, </if>
      <if test="isManage != null"> is_manage, </if>
      <if test="relaName != null"> rela_name, </if>
      <if test="readName != null"> read_name, </if>
      <if test="orgNo != null"> org_no, </if>
      <if test="orgName != null"> org_name, </if>
    </trim>
    <trim prefix="values (" suffix=")" suffixOverrides=",">
      <if test="id != null"> #{id,jdbcType=INTEGER}, </if>
      <if test="userId != null"> #{userId,jdbcType=VARCHAR}, </if>
      <if test="userName != null"> #{userName,jdbcType=VARCHAR}, </if>
      <if test="userName1 != null"> #{userName1,jdbcType=VARCHAR}, </if>
      <if test="isRole != null"> #{isRole,jdbcType=VARCHAR}, </if>
      <if test="isManage != null"> #{isManage,jdbcType=VARCHAR}, </if>
      <if test="relaName != null"> #{relaName,jdbcType=VARCHAR}, </if>
      <if test="readName != null"> #{readName,jdbcType=VARCHAR}, </if>
      <if test="orgNo != null"> #{orgNo,jdbcType=VARCHAR}, </if>
      <if test="orgName != null"> #{orgName,jdbcType=VARCHAR}, </if>
    </trim>
  </insert>

  <update id="updateUserRole" parameterType="org.dfzt.entity.po.UserRole">
    update user_role
    <set>
      <if test="userId != null"> user_id = #{userId,jdbcType=VARCHAR}, </if>
      <if test="userName != null"> user_name = #{userName,jdbcType=VARCHAR}, </if>
      <if test="userName1 != null"> user_name1 = #{userName1,jdbcType=VARCHAR}, </if>
      <if test="isRole != null"> is_role = #{isRole,jdbcType=VARCHAR}, </if>
      <if test="isManage != null"> is_manage = #{isManage,jdbcType=VARCHAR}, </if>
      <if test="relaName != null"> rela_name = #{relaName,jdbcType=VARCHAR}, </if>
      <if test="readName != null"> read_name = #{readName,jdbcType=VARCHAR}, </if>
      <if test="orgNo != null"> org_no = #{orgNo,jdbcType=VARCHAR}, </if>
      <if test="orgName != null"> org_name = #{orgName,jdbcType=VARCHAR}, </if>
    </set>
    where id = #{id,jdbcType=INTEGER}
  </update>


  <delete id="deleteById" parameterType="java.lang.Integer"> delete from user_role where id = #{id,jdbcType=INTEGER} </delete>

  <select id="selectReadNames" resultType="java.lang.String">
    select read_name from user_role where user_name=#{loginName}
  </select>

  <select id="selectRoles" resultType="java.lang.String">
    select is_role from user_role where user_name=#{loginName}
  </select>

  <select id="selectDocumentInfo" resultType="org.dfzt.entity.vo.DocumentInfoVo">
    -- 用户编号,电能表资产号,姓名,电话,用电地址,用电类别
    select c1.cons_no, c3.asset_no, c1.cons_name, c4.mobile,c1.elec_addr
    from c_cons c1
    join c_meter_mp_rela c2
    on c1.cons_no = c2.cons_no
    join c_meter c3
    on c3.cons_mt_id = c2.cons_mt_id
    join c_contact c4
    on c4.cust_id = c1.cust_id
    <where>
      <if test="documentField != null and documentField != ''">
        concat(c1.cons_no, ',', c3.asset_no, ',', c1.cons_name, ',', c4.mobile,',',c1.elec_addr) like concat('%', #{documentField}, '%')
      </if>
    </where>
  </select>

  <select id="selectTgLoad" resultType="org.dfzt.entity.vo.DocumentInfoVo">
    select gt.tg_id,gl.line_id,gl.line_name
    from g_tg gt
    join g_line_tg_rela gltr
    on gt.tg_id = gltr.tg_id
    join g_line gl
    on gltr.line_id = gl.line_id
    <where>
      <if test="districtNumber != null and districtNumber != ''">
        gt.tg_no = #{districtNumber}
      </if>
    </where>
  </select>
  <select id="selectLoadRate" resultType="org.dfzt.entity.vo.LoadRateVo">
    select ls.tg_cap
    from linelosss_synana ls
    <where>
      <if test="tgNo != null and tgNo != ''">
        ls.tg_no = #{tgNo}
      </if>
      <if test="">
        date_format(ls.datadate,'%Y-%m-%d') = #{beforeTwoDay}
      </if>
    </where>
  </select>


  <select id="selectUserNameOrgNo" resultType="java.lang.String">
    select user_name from user_role where org_no is null
  </select>

  <select id="selectOrgNoByusername" resultType="java.lang.String">
    select org_no from fro_cms_epsa_md.sa_dept where dept_id = (select dept_id from sa_user where user_name=#{userName})
  </select>

  <update id="updateOrgNo">
    update user_role
    set org_no=#{orgNo,jdbcType=VARCHAR}
    where user_name=#{userName}
  </update>

  <select id="selectUserNameConsNum" resultType="java.lang.Integer">
    select count(*) from fro_cms_epm_md.c_cons
    where status_code != '9'
    and mr_sect_no in (
    select mr_sect_no from fro_cms_epm_md.r_oper_activity
    where operator_no=(
    select user_id from fro_cms_epsa_md.sa_user
    where user_name=#{userName}) and act_code='03');
  </select>
  <select id="selectUserNameTgNum" resultType="java.lang.Integer">
    select count(*) from fro_cms_epm_md.g_tg
    where run_status_code='01'
    and tg_id in (select distinct tg_id
    from fro_cms_epm_md.c_mp
    where mr_sect_no in (select mr_sect_no
    from fro_cms_epm_md.r_oper_activity
    where operator_no=(select user_id from fro_cms_epsa_md.sa_user
    where user_name=#{userName}) and act_code='03'));
  </select>

  <select id="selectUserRoleName" resultType="java.lang.String">
    select user_name1 from user_role where read_name=#{readName}
  </select>

  <select id="selectWorkWarns1" resultType="java.lang.Integer">
    select count(*) from collect_work_order where work_order_ctime like concat(#{ymd},'%') and work_order_cycle='1' or work_order_cycle='2'
  </select>
  <select id="selectWorkWarns2" resultType="java.lang.Integer">
    select count(*) from meter_work_order where work_order_ctime like concat(#{ymd},'%') and work_order_cycle=1 or work_order_cycle=2
  </select>
  <select id="selectWorkWarns3" resultType="java.lang.Integer">
    select count(*) from lineloss_work_order where work_order_ctime like concat(#{ymd},'%') and work_order_cycle='1' or work_order_cycle='2'
  </select>
  <select id="selectWorkWarns4" resultType="java.lang.Integer">
    select count(*) from feecontrol_work_order where work_order_ctime like concat(#{ymd},'%') and work_order_cycle=1 or work_order_cycle=2
  </select>
  <select id="selectWorkWarns5" resultType="java.lang.Integer">
    select count(*) from recycle_work_order where work_order_time like concat(#{ym},'%') and work_order_cycle=1 or work_order_cycle=2
  </select>
  <select id="selectWorkWarns6" resultType="java.lang.Integer">
    select count(*) from run_work_order where work_order_ctime like concat(#{ym},'%') and meter_cycle='1' or meter_cycle='2'
  </select>
  <select id="selectWorkWarns7" resultType="java.lang.Integer">
    select count(*) from superior_work_order where work_order_ctime like concat(#{ymd},'%') and work_order_cycle=1 or work_order_cycle=2
  </select>
  <select id="getNameForId" resultType="org.dfzt.entity.vo.LoadRateVo">
    select org_no as id,org_name as name
    from fro_cms_epsa_md.sa_org
    <where>
      <if test="id != null and id != ''">
        p_org_no = #{id}
      </if>
    </where>
  </select>
  <select id="getUserNameForId" resultType="org.dfzt.entity.vo.LoadRateVo">
    select user_name
    from user_role
    <where>
      <if test="id != null and id != ''">
        org_no = #{id}
      </if>
    </where>
  </select>


  <select id="selectCollManager" resultType="java.lang.String">
    select cons_no from collect_work_order where work_order_ctime like concat(#{today},'%')
  </select>

  <update id="UpdateCollManager">
    update collect_work_order set tg_manager=#{tgManager} where cons_no=#{consNo} and work_order_ctime like concat(#{today},'%')
  </update>
</mapper>