<?xml version="1.0" encoding="UTF-8"?>
<!DOCTYPE mapper PUBLIC "-//mybatis.org//DTD Mapper 3.0//EN" "http://mybatis.org/dtd/mybatis-3-mapper.dtd">
<mapper namespace="org.dfzt.mapper.DefectRepairMapper">

    <!-- 通用查询映射结果 -->
    <resultMap id="BaseResultMap" type="org.dfzt.entity.vo.DefectRepair">
        <id column="id" property="id" />
        <result column="handle_describe" property="handleDescribe" />
        <result column="handle_time" property="handleTime" />
        <result column="consume_material" property="consumeMaterial" />
        <result column="handle_photo" property="handlePhoto" />
        <result column="work_order_no" property="workOrderNo" />

    </resultMap>

    <!-- 通用查询结果列 -->
    <sql id="Base_Column_List">
        id, handle_describe, handle_time, consume_material, handle_photo,work_order_no
    </sql>


    <insert id="insertDefectRepair" parameterType="org.dfzt.entity.vo.DefectRepair">
        insert into defect_repair
        <trim prefix="(" suffix=")" suffixOverrides=",">
            <if test="id != null"> id, </if>
            <if test="handleDescribe != null"> handle_describe, </if>
            <if test="handleTime != null"> handle_time, </if>
            <if test="consumeMaterial != null"> consume_material, </if>
            <if test="handlePhoto != null"> handle_photo, </if>
            <if test="workOrderNo != null"> work_order_no, </if>
        </trim>
        <trim prefix="values (" suffix=")" suffixOverrides=",">
            <if test="id != null"> #{id,jdbcType=INTEGER}, </if>
            <if test="handleDescribe != null"> #{handleDescribe,jdbcType=VARCHAR}, </if>
            <if test="handleTime != null"> #{handleTime,jdbcType=TIMESTAMP}, </if>
            <if test="consumeMaterial != null"> #{consumeMaterial,jdbcType=VARCHAR}, </if>
            <if test="handlePhoto != null"> #{handlePhoto,jdbcType=VARCHAR}, </if>
            <if test="workOrderNo != null"> #{workOrderNo,jdbcType=VARCHAR}, </if>
        </trim>
    </insert>

</mapper>
