<?xml version="1.0" encoding="UTF-8"?>
<!DOCTYPE mapper PUBLIC "-//mybatis.org//DTD Mapper 3.0//EN" "http://mybatis.org/dtd/mybatis-3-mapper.dtd">
<mapper namespace="org.dfzt.mapper.DefectInforMapper">

    <!-- 通用查询映射结果 -->
    <resultMap id="BaseResultMap" type="org.dfzt.entity.vo.DefectInfor">
        <id column="id" property="id" />
        <result column="defect_no" property="defectNo" />
        <result column="defect_grade" property="defectGrade" />
        <result column="defect_add" property="defectAdd" />
        <result column="defect_describe" property="defectDescribe" />
        <result column="defect_photo" property="defectPhoto" />
        <result column="reform_photo" property="reformPhoto" />
        <result column="defect_date" property="defectDate" />
        <result column="defect_plan_time" property="defectPlanTime" />
        <result column="remove_time" property="removeTime" />
        <result column="defect_warn" property="defectWarn" />
        <result column="work_order_no" property="workOrderNo" />

    </resultMap>

    <!-- 通用查询结果列 -->
    <sql id="Base_Column_List">
        id, defect_no, defect_grade, defect_add, defect_describe, defect_photo, reform_photo, defect_date, defect_plan_time, remove_time, defect_warn，work_order_no
    </sql>

    <insert id="insertDefectInfor" parameterType="org.dfzt.entity.vo.DefectInfor" >
        insert into defect_infor
        <trim prefix="(" suffix=")" suffixOverrides="," >
            <if test="id != null" >
                id,
            </if>
            <if test="defectNo != null" >
                defect_no,
            </if>
            <if test="defectGrade != null" >
                defect_grade,
            </if>
            <if test="defectAdd != null" >
                defect_add,
            </if>
            <if test="defectDescribe != null" >
                defect_describe,
            </if>
            <if test="defectPhoto != null" >
                defect_photo,
            </if>
            <if test="reformPhoto != null" >
                reform_photo,
            </if>
            <if test="defectDate != null" >
                defect_date,
            </if>
            <if test="defectPlanTime != null" >
                defect_plan_time,
            </if>
            <if test="removeTime != null" >
                remove_time,
            </if>
            <if test="defectWarn != null" >
                defect_warn,
            </if>
            <if test="workOrderNo != null" >
                work_order_no,
            </if>
        </trim>
        <trim prefix="values (" suffix=")" suffixOverrides="," >
            <if test="id != null" >
                #{id,jdbcType=INTEGER},
            </if>
            <if test="defectNo != null" >
                #{defectNo,jdbcType=VARCHAR},
            </if>
            <if test="defectGrade != null" >
                #{defectGrade,jdbcType=VARCHAR},
            </if>
            <if test="defectAdd != null" >
                #{defectAdd,jdbcType=VARCHAR},
            </if>
            <if test="defectDescribe != null" >
                #{defectDescribe,jdbcType=VARCHAR},
            </if>
            <if test="defectPhoto != null" >
                #{defectPhoto,jdbcType=VARCHAR},
            </if>
            <if test="reformPhoto != null" >
                #{reformPhoto,jdbcType=VARCHAR},
            </if>
            <if test="defectDate != null" >
                #{defectDate,jdbcType=TIMESTAMP},
            </if>
            <if test="defectPlanTime != null" >
                #{defectPlanTime,jdbcType=TIMESTAMP},
            </if>
            <if test="removeTime != null" >
                #{removeTime,jdbcType=TIMESTAMP},
            </if>
            <if test="defectWarn != null" >
                #{defectWarn,jdbcType=TIMESTAMP},
            </if>
            <if test="workOrderNo != null" >
                #{workOrderNo,jdbcType=VARCHAR},
            </if>
        </trim>
    </insert>


    <select id="selectOne" resultType="org.dfzt.entity.vo.DefectInfor">
        select * from defect_infor where work_order_no=#{workOrderNo}
    </select>
</mapper>
