<?xml version="1.0" encoding="UTF-8"?>
<!DOCTYPE mapper PUBLIC "-//mybatis.org//DTD Mapper 3.0//EN" "http://mybatis.org/dtd/mybatis-3-mapper.dtd">
<mapper namespace="org.dfzt.mapper.DMeter2Mapper">

    <resultMap type="org.dfzt.entity.po.DMeter2" id="DMeter2Map">
        <result property="id" column="id" jdbcType="INTEGER"/>
        <result property="meterAssetNo" column="meter_asset_no" jdbcType="VARCHAR"/>
        <result property="tFactor" column="t_factor" jdbcType="VARCHAR"/>
        <result property="refMeterFlag" column="ref_meter_flag" jdbcType="VARCHAR"/>
        <result property="voltCode" column="volt_code" jdbcType="VARCHAR"/>
        <result property="ratedCurrent" column="rated_current" jdbcType="VARCHAR"/>
        <result property="apPreLevelCode" column="ap_pre_level_code" jdbcType="VARCHAR"/>
        <result property="rpPreLevelCode" column="rp_pre_level_code" jdbcType="VARCHAR"/>
        <result property="wiringMode" column="wiring_mode" jdbcType="VARCHAR"/>
        <result property="conMode" column="con_mode" jdbcType="VARCHAR"/>
        <result property="manufacturer" column="manufacturer" jdbcType="VARCHAR"/>
        <result property="protocolCode" column="protocol_code" jdbcType="VARCHAR"/>
        <result property="mpNo" column="mp_no" jdbcType="VARCHAR"/>
    </resultMap>

    <!-- 批量插入 -->
    <insert id="insertBatch" keyProperty="id" useGeneratedKeys="true">
        insert into dfzt_boot.d_meter2(meter_asset_no, t_factor, ref_meter_flag, volt_code, rated_current,
        ap_pre_level_code, rp_pre_level_code, wiring_mode, con_mode, manufacturer, protocol_code, mp_no)
        values
        <foreach collection="entities" item="entity" separator=",">
            (#{entity.meterAssetNo}, #{entity.tFactor}, #{entity.refMeterFlag}, #{entity.voltCode},
            #{entity.ratedCurrent}, #{entity.apPreLevelCode}, #{entity.rpPreLevelCode}, #{entity.wiringMode},
            #{entity.conMode}, #{entity.manufacturer}, #{entity.protocolCode}, #{entity.mpNo})
        </foreach>
    </insert>
    <!-- 批量插入或按主键更新 -->
    <insert id="insertOrUpdateBatch" keyProperty="id" useGeneratedKeys="true">
        insert into dfzt_boot.d_meter2(meter_asset_no, t_factor, ref_meter_flag, volt_code, rated_current,
        ap_pre_level_code, rp_pre_level_code, wiring_mode, con_mode, manufacturer, protocol_code, mp_no)
        values
        <foreach collection="entities" item="entity" separator=",">
            (#{entity.meterAssetNo}, #{entity.tFactor}, #{entity.refMeterFlag}, #{entity.voltCode},
            #{entity.ratedCurrent}, #{entity.apPreLevelCode}, #{entity.rpPreLevelCode}, #{entity.wiringMode},
            #{entity.conMode}, #{entity.manufacturer}, #{entity.protocolCode}, #{entity.mpNo})
        </foreach>
        on duplicate key update
        meter_asset_no = values(meter_asset_no) , t_factor = values(t_factor) , ref_meter_flag = values(ref_meter_flag)
        , volt_code = values(volt_code) , rated_current = values(rated_current) , ap_pre_level_code =
        values(ap_pre_level_code) , rp_pre_level_code = values(rp_pre_level_code) , wiring_mode = values(wiring_mode) ,
        con_mode = values(con_mode) , manufacturer = values(manufacturer) , protocol_code = values(protocol_code) ,
        mp_no = values(mp_no)
    </insert>

    <select id="selectDeter" resultType="org.dfzt.entity.po.DMeter">
        select meter_id,area_code,pr_org,belong_dept,contract_id,rcv_id,bar_code,lot_no,asset_no,made_no,sort_code,type_code,model_code,wiring_mode,volt_code,rated_current,overload_factor,ap_pre_level_code,rp_pre_level_code,meter_digits,ts_digits,const_code,rp_constant,manufacturer,made_date,eqip_prc,self_factor,both_way_calc,prepay_flag,multirate_falg,demand_meter_flag,harmonic_meas_falg,cc_prevent_flag,pulse_constant_code,pr_pulse_constant_code,pulse_amplitude_code,pulse_sort_code,freq_code,con_mode,reading_type_code,
         meter_usage,meas_theory,bearing_struc,ci,carrier_wave,congeal_flag,relay_joint,elec_meas_disp_flag,vl_flag,cl_flag,anti_phase_flag,super_power_flag,load_curve_flag,poweroff_mr_flag,infrared_flag,doc_type_code from d_meter where belong_dept = #{belngDept} and discard_reason is null
    </select>

    <insert id="insertDMeter" parameterType="org.dfzt.entity.po.DMeter" >
        insert into d_meter
        <trim prefix="(" suffix=")" suffixOverrides="," >
            <if test="meterId != null" >meter_id,</if>
            <if test="areaCode != null" >area_code,</if>
            <if test="prOrg != null" >pr_org,</if>
            <if test="belongDept != null" >belong_dept,</if>
            <if test="contractId != null" >contract_id,</if>
            <if test="rcvId != null" >rcv_id,</if>
            <if test="barCode != null" >bar_code,</if>
            <if test="lotNo != null" >lot_no,</if>
            <if test="assetNo != null" >asset_no,</if>
            <if test="madeNo != null" >made_no,</if>
            <if test="sortCode != null" >sort_code,</if>
            <if test="typeCode != null" >type_code,</if>
            <if test="modelCode != null" >model_code,</if>
            <if test="wiringMode != null" >wiring_mode,</if>
            <if test="voltCode != null" >volt_code,</if>
            <if test="ratedCurrent != null" >rated_current,</if>
            <if test="overloadFactor != null" >overload_factor,</if>
            <if test="apPreLevelCode != null" >ap_pre_level_code,</if>
            <if test="rpPreLevelCode != null" >rp_pre_level_code,</if>
            <if test="meterDigits != null" >meter_digits,</if>
            <if test="tsDigits != null" >
                ts_digits,
            </if>
            <if test="constCode != null" >
                const_code,
            </if>
            <if test="rpConstant != null" >
                rp_constant,
            </if>
            <if test="manufacturer != null" >
                manufacturer,
            </if>
            <if test="madeDate != null" >
                made_date,
            </if>
            <if test="eqipPrc != null" >
                eqip_prc,
            </if>
            <if test="selfFactor != null" >
                self_factor,
            </if>
            <if test="bothWayCalc != null" >
                both_way_calc,
            </if>
            <if test="prepayFlag != null" >
                prepay_flag,
            </if>
            <if test="multirateFalg != null" >
                multirate_falg,
            </if>
            <if test="demandMeterFlag != null" >
                demand_meter_flag,
            </if>
            <if test="harmonicMeasFalg != null" >
                harmonic_meas_falg,
            </if>
            <if test="ccPreventFlag != null" >
                cc_prevent_flag,
            </if>
            <if test="pulseConstantCode != null" >
                pulse_constant_code,
            </if>
            <if test="prPulseConstantCode != null" >
                pr_pulse_constant_code,
            </if>
            <if test="pulseAmplitudeCode != null" >
                pulse_amplitude_code,
            </if>
            <if test="pulseSortCode != null" >
                pulse_sort_code,
            </if>
            <if test="freqCode != null" >
                freq_code,
            </if>
            <if test="conMode != null" >
                con_mode,
            </if>
            <if test="readingTypeCode != null" >
                reading_type_code,
            </if>
            <if test="meterUsage != null" >
                meter_usage,
            </if>
            <if test="measTheory != null" >
                meas_theory,
            </if>
            <if test="bearingStruc != null" >
                bearing_struc,
            </if>
            <if test="ci != null" >
                ci,
            </if>
            <if test="carrierWave != null" >
                carrier_wave,
            </if>
            <if test="congealFlag != null" >
                congeal_flag,
            </if>
            <if test="relayJoint != null" >
                relay_joint,
            </if>
            <if test="elecMeasDispFlag != null" >
                elec_meas_disp_flag,
            </if>
            <if test="vlFlag != null" >
                vl_flag,
            </if>
            <if test="clFlag != null" >
                cl_flag,
            </if>
            <if test="antiPhaseFlag != null" >
                anti_phase_flag,
            </if>
            <if test="superPowerFlag != null" >
                super_power_flag,
            </if>
            <if test="loadCurveFlag != null" >
                load_curve_flag,
            </if>
            <if test="poweroffMrFlag != null" >
                poweroff_mr_flag,
            </if>
            <if test="infraredFlag != null" >
                infrared_flag,
            </if>
            <if test="docTypeCode != null" >
                doc_type_code,
            </if>
            <if test="latestChkDate != null" >
                latest_chk_date,
            </if>
            <if test="instDate != null" >
                inst_date,
            </if>
            <if test="rmvDate != null" >
                rmv_date,
            </if>
            <if test="rotateCycle != null" >
                rotate_cycle,
            </if>
            <if test="discardReason != null" >
                discard_reason,
            </if>
            <if test="descardDate != null" >
                descard_date,
            </if>
            <if test="prCode != null" >
                pr_code,
            </if>
            <if test="handoverDept != null" >
                handover_dept,
            </if>
            <if test="handoverDate != null" >
                handover_date,
            </if>
            <if test="curStatusCode != null" >
                cur_status_code,
            </if>
            <if test="borrowFlag != null" >
                borrow_flag,
            </if>
            <if test="newFlag != null" >
                new_flag,
            </if>
            <if test="erpBatchNo != null" >
                erp_batch_no,
            </if>
            <if test="remark != null" >
                remark,
            </if>
            <if test="whId != null" >
                wh_id,
            </if>
            <if test="whAreaId != null" >
                wh_area_id,
            </if>
            <if test="storeAreaId != null" >
                store_area_id,
            </if>
            <if test="storeLocId != null" >
                store_loc_id,
            </if>
            <if test="docCreateDate != null" >
                doc_create_date,
            </if>
            <if test="boxBarCode != null" >
                box_bar_code,
            </if>
            <if test="docCreatorNo != null" >
                doc_creator_no,
            </if>
            <if test="storeNo != null" >
                store_no,
            </if>
            <if test="baudrateCode != null" >
                baudrate_code,
            </if>
            <if test="meterCloseMode != null" >
                meter_close_mode,
            </if>
            <if test="registerMode != null" >
                register_mode,
            </if>
            <if test="dispMode != null" >
                disp_mode,
            </if>
            <if test="hardVer != null" >
                hard_ver,
            </if>
            <if test="softVer != null" >
                soft_ver,
            </if>
            <if test="commProtCode != null" >
                comm_prot_code,
            </if>
            <if test="rs485RouteQty != null" >
                rs485_route_qty,
            </if>
            <if test="commMode != null" >
                comm_mode,
            </if>
            <if test="attachequipTypeCode != null" >
                attachequip_type_code,
            </if>
            <if test="backReason != null" >
                back_reason,
            </if>
            <if test="madeStandard != null" >
                made_standard,
            </if>
            <if test="useGroup != null" >
                use_group,
            </if>
            <if test="workType != null" >
                work_type,
            </if>
            <if test="productId != null" >
                product_id,
            </if>
            <if test="sampleType != null" >
                sample_type,
            </if>
            <if test="meterKind != null" >
                meter_kind,
            </if>
            <if test="projectNo != null" >
                project_no,
            </if>
            <if test="priceType != null" >
                price_type,
            </if>
            <if test="carrierWaveId != null" >
                carrier_wave_id,
            </if>
            <if test="prcCode != null" >
                prc_code,
            </if>
            <if test="catPrcName != null" >
                cat_prc_name,
            </if>
            <if test="kwhPrc != null" >
                kwh_prc,
            </if>
            <if test="paraVn != null" >
                para_vn,
            </if>
            <if test="freezeFalg != null" >
                freeze_falg,
            </if>
            <if test="specCode != null" >
                spec_code,
            </if>
            <if test="attachequipSortCode != null" >
                attachequip_sort_code,
            </if>
            <if test="id != null" >
                id,
            </if>
            <if test="prElecCharge != null" >
                pr_elec_charge,
            </if>
            <if test="isSupportMoudle != null" >
                is_support_moudle,
            </if>
            <if test="bindMoudleFlag != null" >
                bind_moudle_flag,
            </if>
            <if test="extendElecCode != null" >
                extend_elec_code,
            </if>
            <if test="remotePowerOn != null" >
                remote_power_on,
            </if>
        </trim>
        <trim prefix="values (" suffix=")" suffixOverrides="," >
            <if test="meterId != null" >
                #{meterId,jdbcType=BIGINT},
            </if>
            <if test="areaCode != null" >
                #{areaCode,jdbcType=VARCHAR},
            </if>
            <if test="prOrg != null" >
                #{prOrg,jdbcType=VARCHAR},
            </if>
            <if test="belongDept != null" >
                #{belongDept,jdbcType=VARCHAR},
            </if>
            <if test="contractId != null" >
                #{contractId,jdbcType=BIGINT},
            </if>
            <if test="rcvId != null" >
                #{rcvId,jdbcType=BIGINT},
            </if>
            <if test="barCode != null" >
                #{barCode,jdbcType=VARCHAR},
            </if>
            <if test="lotNo != null" >
                #{lotNo,jdbcType=VARCHAR},
            </if>
            <if test="assetNo != null" >
                #{assetNo,jdbcType=VARCHAR},
            </if>
            <if test="madeNo != null" >
                #{madeNo,jdbcType=VARCHAR},
            </if>
            <if test="sortCode != null" >
                #{sortCode,jdbcType=VARCHAR},
            </if>
            <if test="typeCode != null" >
                #{typeCode,jdbcType=VARCHAR},
            </if>
            <if test="modelCode != null" >
                #{modelCode,jdbcType=VARCHAR},
            </if>
            <if test="wiringMode != null" >
                #{wiringMode,jdbcType=VARCHAR},
            </if>
            <if test="voltCode != null" >
                #{voltCode,jdbcType=VARCHAR},
            </if>
            <if test="ratedCurrent != null" >
                #{ratedCurrent,jdbcType=VARCHAR},
            </if>
            <if test="overloadFactor != null" >
                #{overloadFactor,jdbcType=VARCHAR},
            </if>
            <if test="apPreLevelCode != null" >
                #{apPreLevelCode,jdbcType=VARCHAR},
            </if>
            <if test="rpPreLevelCode != null" >
                #{rpPreLevelCode,jdbcType=VARCHAR},
            </if>
            <if test="meterDigits != null" >
                #{meterDigits,jdbcType=DECIMAL},
            </if>
            <if test="tsDigits != null" >
                #{tsDigits,jdbcType=DECIMAL},
            </if>
            <if test="constCode != null" >
                #{constCode,jdbcType=VARCHAR},
            </if>
            <if test="rpConstant != null" >
                #{rpConstant,jdbcType=VARCHAR},
            </if>
            <if test="manufacturer != null" >
                #{manufacturer,jdbcType=VARCHAR},
            </if>
            <if test="madeDate != null" >
                #{madeDate,jdbcType=TIMESTAMP},
            </if>
            <if test="eqipPrc != null" >
                #{eqipPrc,jdbcType=DECIMAL},
            </if>
            <if test="selfFactor != null" >
                #{selfFactor,jdbcType=INTEGER},
            </if>
            <if test="bothWayCalc != null" >
                #{bothWayCalc,jdbcType=VARCHAR},
            </if>
            <if test="prepayFlag != null" >
                #{prepayFlag,jdbcType=VARCHAR},
            </if>
            <if test="multirateFalg != null" >
                #{multirateFalg,jdbcType=VARCHAR},
            </if>
            <if test="demandMeterFlag != null" >
                #{demandMeterFlag,jdbcType=VARCHAR},
            </if>
            <if test="harmonicMeasFalg != null" >
                #{harmonicMeasFalg,jdbcType=VARCHAR},
            </if>
            <if test="ccPreventFlag != null" >
                #{ccPreventFlag,jdbcType=VARCHAR},
            </if>
            <if test="pulseConstantCode != null" >
                #{pulseConstantCode,jdbcType=VARCHAR},
            </if>
            <if test="prPulseConstantCode != null" >
                #{prPulseConstantCode,jdbcType=VARCHAR},
            </if>
            <if test="pulseAmplitudeCode != null" >
                #{pulseAmplitudeCode,jdbcType=VARCHAR},
            </if>
            <if test="pulseSortCode != null" >
                #{pulseSortCode,jdbcType=VARCHAR},
            </if>
            <if test="freqCode != null" >
                #{freqCode,jdbcType=VARCHAR},
            </if>
            <if test="conMode != null" >
                #{conMode,jdbcType=VARCHAR},
            </if>
            <if test="readingTypeCode != null" >
                #{readingTypeCode,jdbcType=VARCHAR},
            </if>
            <if test="meterUsage != null" >
                #{meterUsage,jdbcType=VARCHAR},
            </if>
            <if test="measTheory != null" >
                #{measTheory,jdbcType=VARCHAR},
            </if>
            <if test="bearingStruc != null" >
                #{bearingStruc,jdbcType=VARCHAR},
            </if>
            <if test="ci != null" >
                #{ci,jdbcType=VARCHAR},
            </if>
            <if test="carrierWave != null" >
                #{carrierWave,jdbcType=VARCHAR},
            </if>
            <if test="congealFlag != null" >
                #{congealFlag,jdbcType=VARCHAR},
            </if>
            <if test="relayJoint != null" >
                #{relayJoint,jdbcType=VARCHAR},
            </if>
            <if test="elecMeasDispFlag != null" >
                #{elecMeasDispFlag,jdbcType=VARCHAR},
            </if>
            <if test="vlFlag != null" >
                #{vlFlag,jdbcType=VARCHAR},
            </if>
            <if test="clFlag != null" >
                #{clFlag,jdbcType=VARCHAR},
            </if>
            <if test="antiPhaseFlag != null" >
                #{antiPhaseFlag,jdbcType=VARCHAR},
            </if>
            <if test="superPowerFlag != null" >
                #{superPowerFlag,jdbcType=VARCHAR},
            </if>
            <if test="loadCurveFlag != null" >
                #{loadCurveFlag,jdbcType=VARCHAR},
            </if>
            <if test="poweroffMrFlag != null" >
                #{poweroffMrFlag,jdbcType=VARCHAR},
            </if>
            <if test="infraredFlag != null" >
                #{infraredFlag,jdbcType=VARCHAR},
            </if>
            <if test="docTypeCode != null" >
                #{docTypeCode,jdbcType=VARCHAR},
            </if>
            <if test="latestChkDate != null" >
                #{latestChkDate,jdbcType=TIMESTAMP},
            </if>
            <if test="instDate != null" >
                #{instDate,jdbcType=TIMESTAMP},
            </if>
            <if test="rmvDate != null" >
                #{rmvDate,jdbcType=TIMESTAMP},
            </if>
            <if test="rotateCycle != null" >
                #{rotateCycle,jdbcType=INTEGER},
            </if>
            <if test="discardReason != null" >
                #{discardReason,jdbcType=VARCHAR},
            </if>
            <if test="descardDate != null" >
                #{descardDate,jdbcType=TIMESTAMP},
            </if>
            <if test="prCode != null" >
                #{prCode,jdbcType=VARCHAR},
            </if>
            <if test="handoverDept != null" >
                #{handoverDept,jdbcType=VARCHAR},
            </if>
            <if test="handoverDate != null" >
                #{handoverDate,jdbcType=TIMESTAMP},
            </if>
            <if test="curStatusCode != null" >
                #{curStatusCode,jdbcType=VARCHAR},
            </if>
            <if test="borrowFlag != null" >
                #{borrowFlag,jdbcType=VARCHAR},
            </if>
            <if test="newFlag != null" >
                #{newFlag,jdbcType=VARCHAR},
            </if>
            <if test="erpBatchNo != null" >
                #{erpBatchNo,jdbcType=VARCHAR},
            </if>
            <if test="remark != null" >
                #{remark,jdbcType=VARCHAR},
            </if>
            <if test="whId != null" >
                #{whId,jdbcType=BIGINT},
            </if>
            <if test="whAreaId != null" >
                #{whAreaId,jdbcType=BIGINT},
            </if>
            <if test="storeAreaId != null" >
                #{storeAreaId,jdbcType=BIGINT},
            </if>
            <if test="storeLocId != null" >
                #{storeLocId,jdbcType=BIGINT},
            </if>
            <if test="docCreateDate != null" >
                #{docCreateDate,jdbcType=TIMESTAMP},
            </if>
            <if test="boxBarCode != null" >
                #{boxBarCode,jdbcType=VARCHAR},
            </if>
            <if test="docCreatorNo != null" >
                #{docCreatorNo,jdbcType=VARCHAR},
            </if>
            <if test="storeNo != null" >
                #{storeNo,jdbcType=VARCHAR},
            </if>
            <if test="baudrateCode != null" >
                #{baudrateCode,jdbcType=VARCHAR},
            </if>
            <if test="meterCloseMode != null" >
                #{meterCloseMode,jdbcType=VARCHAR},
            </if>
            <if test="registerMode != null" >
                #{registerMode,jdbcType=VARCHAR},
            </if>
            <if test="dispMode != null" >
                #{dispMode,jdbcType=VARCHAR},
            </if>
            <if test="hardVer != null" >
                #{hardVer,jdbcType=VARCHAR},
            </if>
            <if test="softVer != null" >
                #{softVer,jdbcType=VARCHAR},
            </if>
            <if test="commProtCode != null" >
                #{commProtCode,jdbcType=VARCHAR},
            </if>
            <if test="rs485RouteQty != null" >
                #{rs485RouteQty,jdbcType=INTEGER},
            </if>
            <if test="commMode != null" >
                #{commMode,jdbcType=VARCHAR},
            </if>
            <if test="attachequipTypeCode != null" >
                #{attachequipTypeCode,jdbcType=VARCHAR},
            </if>
            <if test="backReason != null" >
                #{backReason,jdbcType=VARCHAR},
            </if>
            <if test="madeStandard != null" >
                #{madeStandard,jdbcType=VARCHAR},
            </if>
            <if test="useGroup != null" >
                #{useGroup,jdbcType=VARCHAR},
            </if>
            <if test="workType != null" >
                #{workType,jdbcType=VARCHAR},
            </if>
            <if test="productId != null" >
                #{productId,jdbcType=VARCHAR},
            </if>
            <if test="sampleType != null" >
                #{sampleType,jdbcType=VARCHAR},
            </if>
            <if test="meterKind != null" >
                #{meterKind,jdbcType=VARCHAR},
            </if>
            <if test="projectNo != null" >
                #{projectNo,jdbcType=VARCHAR},
            </if>
            <if test="priceType != null" >
                #{priceType,jdbcType=VARCHAR},
            </if>
            <if test="carrierWaveId != null" >
                #{carrierWaveId,jdbcType=BIGINT},
            </if>
            <if test="prcCode != null" >
                #{prcCode,jdbcType=VARCHAR},
            </if>
            <if test="catPrcName != null" >
                #{catPrcName,jdbcType=VARCHAR},
            </if>
            <if test="kwhPrc != null" >
                #{kwhPrc,jdbcType=DECIMAL},
            </if>
            <if test="paraVn != null" >
                #{paraVn,jdbcType=BIGINT},
            </if>
            <if test="freezeFalg != null" >
                #{freezeFalg,jdbcType=VARCHAR},
            </if>
            <if test="specCode != null" >
                #{specCode,jdbcType=VARCHAR},
            </if>
            <if test="attachequipSortCode != null" >
                #{attachequipSortCode,jdbcType=VARCHAR},
            </if>
            <if test="id != null" >
                #{id,jdbcType=BIGINT},
            </if>
            <if test="prElecCharge != null" >
                #{prElecCharge,jdbcType=DECIMAL},
            </if>
            <if test="isSupportMoudle != null" >
                #{isSupportMoudle,jdbcType=VARCHAR},
            </if>
            <if test="bindMoudleFlag != null" >
                #{bindMoudleFlag,jdbcType=VARCHAR},
            </if>
            <if test="extendElecCode != null" >
                #{extendElecCode,jdbcType=BIGINT},
            </if>
            <if test="remotePowerOn != null" >
                #{remotePowerOn,jdbcType=VARCHAR},
            </if>
        </trim>
    </insert>

    <select id="selectBymeterId" resultType="java.lang.Integer">
        select count(*) from d_meter where meter_id=#{meterId}
    </select>
</mapper>

