<?xml version="1.0" encoding="UTF-8"?>
<!DOCTYPE mapper PUBLIC "-//mybatis.org//DTD Mapper 3.0//EN" "http://mybatis.org/dtd/mybatis-3-mapper.dtd">
<mapper namespace="org.dfzt.mapper.ElectricityPriceMapper">

    <!-- 通用查询映射结果 -->
    <resultMap id="BaseResultMap" type="org.dfzt.entity.po.ElectricityPrice">
        <id column="key_id" property="keyId" />
        <result column="price_strategy" property="priceStrategy" />
        <result column="basic_cal_method" property="basicCalMethod" />
        <result column="de_value" property="deValue" />
        <result column="ass_method" property="assMethod" />
        <result column="cons_no" property="consNo" />
    </resultMap>

    <!-- 通用查询结果列 -->
    <sql id="Base_Column_List">
        key_id, price_strategy, basic_cal_method, de_value, ass_method,cons_no
    </sql>
    <select id="selectSPrc" resultType="org.dfzt.entity.po.SPrcTacticScheme">
        select sp_id,cons_id,pf_eval_mode,dmd_spec_value,ba_calc_mode,type_code from s_prc_tactic_scheme where sp_id=#{spId}
    </select>

    <select id="selectKeyIdList" resultType="java.math.BigDecimal">
        select key_id from c_information
    </select>

    <insert id="insertSPrc" parameterType="org.dfzt.entity.po.ElectricityPrice">
        insert into electricity_price
        <trim prefix="(" suffix=")" suffixOverrides=",">
            <if test="keyId != null"> key_id, </if>
            <if test="priceStrategy != null"> price_strategy, </if>
            <if test="basicCalMethod != null"> basic_cal_method, </if>
            <if test="deValue != null"> de_value, </if>
            <if test="assMethod != null"> ass_method, </if>
            <if test="consNo != null"> cons_no, </if>
        </trim>
        <trim prefix="values (" suffix=")" suffixOverrides=",">
            <if test="keyId != null"> #{keyId,jdbcType=VARCHAR}, </if>
            <if test="priceStrategy != null"> #{priceStrategy,jdbcType=VARCHAR}, </if>
            <if test="basicCalMethod != null"> #{basicCalMethod,jdbcType=VARCHAR}, </if>
            <if test="deValue != null"> #{deValue,jdbcType=VARCHAR}, </if>
            <if test="assMethod != null"> #{assMethod,jdbcType=VARCHAR}, </if>
            <if test="consNo != null"> #{consNo,jdbcType=VARCHAR}, </if>
        </trim>
    </insert>

</mapper>
