<?xml version="1.0" encoding="UTF-8"?>
<!DOCTYPE mapper PUBLIC "-//mybatis.org//DTD Mapper 3.0//EN" "http://mybatis.org/dtd/mybatis-3-mapper.dtd">
<mapper namespace="org.dfzt.mapper.EMpDayReadMapper">

    <!-- 通用查询映射结果 -->
    <resultMap id="BaseResultMap" type="org.dfzt.entity.po.EMpDayRead">
        <id column="id" property="id" />
        <result column="org_no" property="orgNo" />
        <result column="data_date" property="dataDate" />
        <result column="col_time" property="colTime" />
        <result column="ct" property="ct" />
        <result column="pt" property="pt" />
        <result column="mark" property="mark" />
        <result column="pap_r" property="papR" />
        <result column="pap_r1" property="papR1" />
        <result column="pap_r2" property="papR2" />
        <result column="pap_r3" property="papR3" />
        <result column="pap_r4" property="papR4" />
        <result column="prp_r" property="prpR" />
        <result column="prp_r1" property="prpR1" />
        <result column="prp_r2" property="prpR2" />
        <result column="prp_r3" property="prpR3" />
        <result column="prp_r4" property="prpR4" />
        <result column="rap_r" property="rapR" />
        <result column="rap_r1" property="rapR1" />
        <result column="rap_r2" property="rapR2" />
        <result column="rap_r3" property="rapR3" />
        <result column="rap_r4" property="rapR4" />
        <result column="rrp_r" property="rrpR" />
        <result column="rrp_r1" property="rrpR1" />
        <result column="rrp_r2" property="rrpR2" />
        <result column="rrp_r3" property="rrpR3" />
        <result column="rrp_r4" property="rrpR4" />
        <result column="rp1_r" property="rp1R" />
        <result column="rp4_r" property="rp4R" />
        <result column="rp2_r" property="rp2R" />
        <result column="rp3_r" property="rp3R" />
        <result column="rec_time" property="recTime" />
        <result column="pap_r5" property="papR5" />
        <result column="pap_r6" property="papR6" />
        <result column="pap_r8" property="papR8" />
        <result column="pap_r9" property="papR9" />
        <result column="pap_r10" property="papR10" />
        <result column="pap_r11" property="papR11" />
        <result column="pap_r12" property="papR12" />
        <result column="pap_r13" property="papR13" />
        <result column="pap_r14" property="papR14" />
        <result column="prp_r5" property="prpR5" />
        <result column="prp_r6" property="prpR6" />
        <result column="prp_r7" property="prpR7" />
        <result column="prp_r8" property="prpR8" />
        <result column="prp_r9" property="prpR9" />
        <result column="prp_r10" property="prpR10" />
        <result column="prp_r11" property="prpR11" />
        <result column="prp_r12" property="prpR12" />
        <result column="prp_r13" property="prpR13" />
        <result column="prp_r14" property="prpR14" />
        <result column="rap_r5" property="rapR5" />
        <result column="rap_r6" property="rapR6" />
        <result column="rap_r7" property="rapR7" />
        <result column="rap_r8" property="rapR8" />
        <result column="rap_r9" property="rapR9" />
        <result column="rap_r10" property="rapR10" />
        <result column="rap_r11" property="rapR11" />
        <result column="rap_r12" property="rapR12" />
        <result column="rap_r13" property="rapR13" />
        <result column="rap_r14" property="rapR14" />
        <result column="rrp_r5" property="rrpR5" />
        <result column="rrp_r6" property="rrpR6" />
        <result column="rrp_r7" property="rrpR7" />
        <result column="rrp_r8" property="rrpR8" />
        <result column="rrp_r10" property="rrpR10" />
        <result column="rrp_r11" property="rrpR11" />
        <result column="rrp_r12" property="rrpR12" />
        <result column="rrp_r13" property="rrpR13" />
        <result column="rrp_r14" property="rrpR14" />
        <result column="pap_r7" property="papR7" />
        <result column="rrp_r9" property="rrpR9" />
        <result column="first_time" property="firstTime" />
        <result column="rp1_r1" property="rp1R1" />
        <result column="rp1_r2" property="rp1R2" />
        <result column="rp1_r3" property="rp1R3" />
        <result column="rp1_r4" property="rp1R4" />
        <result column="rp4_r1" property="rp4R1" />
        <result column="rp4_r2" property="rp4R2" />
        <result column="rp4_r3" property="rp4R3" />
        <result column="rp4_r4" property="rp4R4" />
        <result column="rp2_r1" property="rp2R1" />
        <result column="rp2_r2" property="rp2R2" />
        <result column="rp2_r3" property="rp2R3" />
        <result column="rp2_r4" property="rp2R4" />
        <result column="rp3_r1" property="rp3R1" />
        <result column="rp3_r2" property="rp3R2" />
        <result column="rp3_r3" property="rp3R3" />
        <result column="rp3_r4" property="rp3R4" />
        <result column="copper_losses" property="copperLosses" />
        <result column="iron_losses" property="ironLosses" />
        <result column="pap_r_a" property="papRA" />
        <result column="pap_r_b" property="papRB" />
        <result column="pap_r_c" property="papRC" />
        <result column="prp_r_a" property="prpRA" />
        <result column="prp_r_b" property="prpRB" />
        <result column="prp_r_c" property="prpRC" />
        <result column="rap_r_a" property="rapRA" />
        <result column="rap_r_b" property="rapRB" />
        <result column="rap_r_c" property="rapRC" />
        <result column="rrp_r_a" property="rrpRA" />
        <result column="rrp_r_b" property="rrpRB" />
        <result column="rrp_r_c" property="rrpRC" />
        <result column="meter_id" property="meterId" />
        <result column="data_src" property="dataSrc" />
        <result column="is_valid" property="isValid" />
        <result column="verify_method" property="verifyMethod" />
        <result column="change_flag" property="changeFlag" />
        <result column="change_value" property="changeValue" />
        <result column="verify_rap_flag" property="verifyRapFlag" />
        <result column="verify_rap_methoo" property="verifyRapMethoo" />
        <result column="change_rap_flag" property="changeRapFlag" />
        <result column="change_rap_value" property="changeRapValue" />
        <result column="cis_chk_flag" property="cisChkFlag" />
        <result column="mark_rap" property="markRap" />
        <result column="mark_pub" property="markPub" />
        <result column="mark_rap_pub" property="markRapPub" />
        <result column="ori_pap_r" property="oriPapR" />
        <result column="ori_rap_r" property="oriRapR" />
    </resultMap>

    <!-- 通用查询结果列 -->
    <sql id="Base_Column_List">
        id, org_no, data_date, col_time, ct, pt, mark, pap_r, pap_r1, pap_r2, pap_r3, pap_r4, prp_r, prp_r1, prp_r2, prp_r3, prp_r4, rap_r, rap_r1, rap_r2, rap_r3, rap_r4, rrp_r, rrp_r1, rrp_r2, rrp_r3, rrp_r4, rp1_r, rp4_r, rp2_r, rp3_r, rec_time, pap_r5, pap_r6, pap_r8, pap_r9, pap_r10, pap_r11, pap_r12, pap_r13, pap_r14, prp_r5, prp_r6, prp_r7, prp_r8, prp_r9, prp_r10, prp_r11, prp_r12, prp_r13, prp_r14, rap_r5, rap_r6, rap_r7, rap_r8, rap_r9, rap_r10, rap_r11, rap_r12, rap_r13, rap_r14, rrp_r5, rrp_r6, rrp_r7, rrp_r8, rrp_r10, rrp_r11, rrp_r12, rrp_r13, rrp_r14, pap_r7, rrp_r9, first_time, rp1_r1, rp1_r2, rp1_r3, rp1_r4, rp4_r1, rp4_r2, rp4_r3, rp4_r4, rp2_r1, rp2_r2, rp2_r3, rp2_r4, rp3_r1, rp3_r2, rp3_r3, rp3_r4, copper_losses, iron_losses, pap_r_a, pap_r_b, pap_r_c, prp_r_a, prp_r_b, prp_r_c, rap_r_a, rap_r_b, rap_r_c, rrp_r_a, rrp_r_b, rrp_r_c, meter_id, data_src, is_valid, verify_method, change_flag, change_value, verify_rap_flag, verify_rap_methoo, change_rap_flag, change_rap_value, cis_chk_flag, mark_rap, mark_pub, mark_rap_pub, ori_pap_r, ori_rap_r
    </sql>

</mapper>
