<?xml version="1.0" encoding="UTF-8"?>
<!DOCTYPE mapper
        PUBLIC "-//mybatis.org//DTD Mapper 3.0//EN"
        "http://mybatis.org/dtd/mybatis-3-mapper.dtd">
<mapper namespace="org.dfzt.mapper.EMpVolCurveMapper">

    <resultMap id="BaseResultMap" type="org.dfzt.entity.po.EMpVolCurve">
            <result property="id" column="id" jdbcType="BIGINT"/>
            <result property="orgNo" column="org_no" jdbcType="VARCHAR"/>
            <result property="dataDate" column="data_date" jdbcType="TIMESTAMP"/>
            <result property="pt" column="pt" jdbcType="INTEGER"/>
            <result property="mark" column="mark" jdbcType="INTEGER"/>
            <result property="phaseFlag" column="phase_flag" jdbcType="INTEGER"/>
            <result property="dataPointFlag" column="data_point_flag" jdbcType="INTEGER"/>
            <result property="dataWholeFlag" column="data_whole_flag" jdbcType="VARCHAR"/>
            <result property="u1" column="u1" jdbcType="DECIMAL"/>
            <result property="u2" column="u2" jdbcType="DECIMAL"/>
            <result property="u3" column="u3" jdbcType="DECIMAL"/>
            <result property="u4" column="u4" jdbcType="DECIMAL"/>
            <result property="u5" column="u5" jdbcType="DECIMAL"/>
            <result property="u6" column="u6" jdbcType="DECIMAL"/>
            <result property="u7" column="u7" jdbcType="DECIMAL"/>
            <result property="u8" column="u8" jdbcType="DECIMAL"/>
            <result property="u9" column="u9" jdbcType="DECIMAL"/>
            <result property="u10" column="u10" jdbcType="DECIMAL"/>
            <result property="u11" column="u11" jdbcType="DECIMAL"/>
            <result property="u12" column="u12" jdbcType="DECIMAL"/>
            <result property="u13" column="u13" jdbcType="DECIMAL"/>
            <result property="u14" column="u14" jdbcType="DECIMAL"/>
            <result property="u15" column="u15" jdbcType="DECIMAL"/>
            <result property="u16" column="u16" jdbcType="DECIMAL"/>
            <result property="u17" column="u17" jdbcType="DECIMAL"/>
            <result property="u18" column="u18" jdbcType="DECIMAL"/>
            <result property="u19" column="u19" jdbcType="DECIMAL"/>
            <result property="u20" column="u20" jdbcType="DECIMAL"/>
            <result property="u21" column="u21" jdbcType="DECIMAL"/>
            <result property="u22" column="u22" jdbcType="DECIMAL"/>
            <result property="u23" column="u23" jdbcType="DECIMAL"/>
            <result property="u24" column="u24" jdbcType="DECIMAL"/>
            <result property="u25" column="u25" jdbcType="DECIMAL"/>
            <result property="u26" column="u26" jdbcType="DECIMAL"/>
            <result property="u27" column="u27" jdbcType="DECIMAL"/>
            <result property="u28" column="u28" jdbcType="DECIMAL"/>
            <result property="u29" column="u29" jdbcType="DECIMAL"/>
            <result property="u30" column="u30" jdbcType="DECIMAL"/>
            <result property="u31" column="u31" jdbcType="DECIMAL"/>
            <result property="u32" column="u32" jdbcType="DECIMAL"/>
            <result property="u33" column="u33" jdbcType="DECIMAL"/>
            <result property="u34" column="u34" jdbcType="DECIMAL"/>
            <result property="u35" column="u35" jdbcType="DECIMAL"/>
            <result property="u36" column="u36" jdbcType="DECIMAL"/>
            <result property="u37" column="u37" jdbcType="DECIMAL"/>
            <result property="u38" column="u38" jdbcType="DECIMAL"/>
            <result property="u39" column="u39" jdbcType="DECIMAL"/>
            <result property="u40" column="u40" jdbcType="DECIMAL"/>
            <result property="u41" column="u41" jdbcType="DECIMAL"/>
            <result property="u42" column="u42" jdbcType="DECIMAL"/>
            <result property="u43" column="u43" jdbcType="DECIMAL"/>
            <result property="u44" column="u44" jdbcType="DECIMAL"/>
            <result property="u45" column="u45" jdbcType="DECIMAL"/>
            <result property="u46" column="u46" jdbcType="DECIMAL"/>
            <result property="u47" column="u47" jdbcType="DECIMAL"/>
            <result property="u48" column="u48" jdbcType="DECIMAL"/>
            <result property="u49" column="u49" jdbcType="DECIMAL"/>
            <result property="u50" column="u50" jdbcType="DECIMAL"/>
            <result property="u51" column="u51" jdbcType="DECIMAL"/>
            <result property="u52" column="u52" jdbcType="DECIMAL"/>
            <result property="u53" column="u53" jdbcType="DECIMAL"/>
            <result property="u54" column="u54" jdbcType="DECIMAL"/>
            <result property="u55" column="u55" jdbcType="DECIMAL"/>
            <result property="u56" column="u56" jdbcType="DECIMAL"/>
            <result property="u57" column="u57" jdbcType="DECIMAL"/>
            <result property="u58" column="u58" jdbcType="DECIMAL"/>
            <result property="u59" column="u59" jdbcType="DECIMAL"/>
            <result property="u60" column="u60" jdbcType="DECIMAL"/>
            <result property="u61" column="u61" jdbcType="DECIMAL"/>
            <result property="u62" column="u62" jdbcType="DECIMAL"/>
            <result property="u63" column="u63" jdbcType="DECIMAL"/>
            <result property="u64" column="u64" jdbcType="DECIMAL"/>
            <result property="u65" column="u65" jdbcType="DECIMAL"/>
            <result property="u66" column="u66" jdbcType="DECIMAL"/>
            <result property="u67" column="u67" jdbcType="DECIMAL"/>
            <result property="u68" column="u68" jdbcType="DECIMAL"/>
            <result property="u69" column="u69" jdbcType="DECIMAL"/>
            <result property="u70" column="u70" jdbcType="DECIMAL"/>
            <result property="u71" column="u71" jdbcType="DECIMAL"/>
            <result property="u72" column="u72" jdbcType="DECIMAL"/>
            <result property="u73" column="u73" jdbcType="DECIMAL"/>
            <result property="u74" column="u74" jdbcType="DECIMAL"/>
            <result property="u75" column="u75" jdbcType="DECIMAL"/>
            <result property="u76" column="u76" jdbcType="DECIMAL"/>
            <result property="u77" column="u77" jdbcType="DECIMAL"/>
            <result property="u78" column="u78" jdbcType="DECIMAL"/>
            <result property="u79" column="u79" jdbcType="DECIMAL"/>
            <result property="u80" column="u80" jdbcType="DECIMAL"/>
            <result property="u81" column="u81" jdbcType="DECIMAL"/>
            <result property="u82" column="u82" jdbcType="DECIMAL"/>
            <result property="u83" column="u83" jdbcType="DECIMAL"/>
            <result property="u84" column="u84" jdbcType="DECIMAL"/>
            <result property="u85" column="u85" jdbcType="DECIMAL"/>
            <result property="u86" column="u86" jdbcType="DECIMAL"/>
            <result property="u87" column="u87" jdbcType="DECIMAL"/>
            <result property="u88" column="u88" jdbcType="DECIMAL"/>
            <result property="u89" column="u89" jdbcType="DECIMAL"/>
            <result property="u90" column="u90" jdbcType="DECIMAL"/>
            <result property="u91" column="u91" jdbcType="DECIMAL"/>
            <result property="u92" column="u92" jdbcType="DECIMAL"/>
            <result property="u93" column="u93" jdbcType="DECIMAL"/>
            <result property="u94" column="u94" jdbcType="DECIMAL"/>
            <result property="u95" column="u95" jdbcType="DECIMAL"/>
            <result property="u96" column="u96" jdbcType="DECIMAL"/>
            <result property="recTime" column="rec_time" jdbcType="TIMESTAMP"/>
            <result property="meterId" column="meter_id" jdbcType="VARCHAR"/>
            <result property="dataSrc" column="data_src" jdbcType="VARCHAR"/>
            <result property="isValid" column="is_valid" jdbcType="INTEGER"/>
    </resultMap>

    <sql id="Base_Column_List">
        id,org_no,data_date,
        pt,mark,phase_flag,
        data_point_flag,data_whole_flag,u1,
        u2,u3,u4,
        u5,u6,u7,
        u8,u9,u10,
        u11,u12,u13,
        u14,u15,u16,
        u17,u18,u19,
        u20,u21,u22,
        u23,u24,u25,
        u26,u27,u28,
        u29,u30,u31,
        u32,u33,u34,
        u35,u36,u37,
        u38,u39,u40,
        u41,u42,u43,
        u44,u45,u46,
        u47,u48,u49,
        u50,u51,u52,
        u53,u54,u55,
        u56,u57,u58,
        u59,u60,u61,
        u62,u63,u64,
        u65,u66,u67,
        u68,u69,u70,
        u71,u72,u73,
        u74,u75,u76,
        u77,u78,u79,
        u80,u81,u82,
        u83,u84,u85,
        u86,u87,u88,
        u89,u90,u91,
        u92,u93,u94,
        u95,u96,rec_time,
        meter_id,data_src,is_valid
    </sql>
</mapper>
