<?xml version="1.0" encoding="UTF-8" ?>
<!DOCTYPE mapper PUBLIC "-//mybatis.org//DTD Mapper 3.0//EN" "http://mybatis.org/dtd/mybatis-3-mapper.dtd" >
<mapper namespace="org.dfzt.mapper.EventTypeMapper" >
  <resultMap id="BaseResultMap" type="org.dfzt.entity.po.EventType" >
    <id column="id" property="id" jdbcType="INTEGER" />
    <result column="cons_no" property="consNo" jdbcType="VARCHAR" />
    <result column="cons_name" property="consName" jdbcType="VARCHAR" />
    <result column="elec_addr" property="elecAddr" jdbcType="VARCHAR" />
    <result column="mobile" property="mobile" jdbcType="VARCHAR" />
    <result column="meter_asset_no" property="meterAssetNo" jdbcType="VARCHAR" />
    <result column="terminal_addr" property="terminalAddr" jdbcType="VARCHAR" />
    <result column="event_type" property="eventType" jdbcType="VARCHAR" />
    <result column="tg_id" property="tgId" jdbcType="VARCHAR" />
  </resultMap>
  <sql id="Base_Column_List" >
    id, cons_no, cons_name, elec_addr, mobile,meter_asset_no, terminal_addr, event_type,
    tg_id
  </sql>
  <select id="selectByPrimaryKey" resultMap="BaseResultMap" parameterType="java.lang.Integer" >
    select 
    <include refid="Base_Column_List" />
    from event_type
    where id = #{id,jdbcType=INTEGER}
  </select>
  <delete id="deleteByPrimaryKey" parameterType="java.lang.Integer" >
    delete from event_type
    where id = #{id,jdbcType=INTEGER}
  </delete>

  <insert id="insertSelective" parameterType="org.dfzt.entity.po.EventType" >
    insert into event_type
    <trim prefix="(" suffix=")" suffixOverrides="," >
      <if test="id != null" >
        id,
      </if>
      <if test="consNo != null" >
        cons_no,
      </if>
      <if test="consName != null" >
        cons_name,
      </if>
      <if test="elecAddr != null" >
        elec_addr,
      </if>
      <if test="mobile != null" >
        mobile,
      </if>
      <if test="meterAssetNo != null" >
        meter_asset_no,
      </if>
      <if test="terminalAddr != null" >
        terminal_addr,
      </if>
      <if test="eventType != null" >
        event_type,
      </if>
      <if test="tgId != null" >
        tg_id,
      </if>
    </trim>
    <trim prefix="values (" suffix=")" suffixOverrides="," >
      <if test="id != null" >
        #{id,jdbcType=INTEGER},
      </if>
      <if test="consNo != null" >
        #{consNo,jdbcType=VARCHAR},
      </if>
      <if test="consName != null" >
        #{consName,jdbcType=VARCHAR},
      </if>
      <if test="elecAddr != null" >
        #{elecAddr,jdbcType=VARCHAR},
      </if>
      <if test="mobile != null" >
        #{mobile,jdbcType=VARCHAR},
      </if>
      <if test="meterAssetNo != null" >
        #{meterAssetNo,jdbcType=VARCHAR},
      </if>
      <if test="terminalAddr != null" >
        #{terminalAddr,jdbcType=VARCHAR},
      </if>
      <if test="eventType != null" >
        #{eventType,jdbcType=VARCHAR},
      </if>
      <if test="tgId != null" >
        #{tgId,jdbcType=VARCHAR},
      </if>
    </trim>
  </insert>


  <select id="selectType1Byplatid" resultType="java.lang.Integer">
    select count(*) from event_type where event_type=1 and tg_id=#{tg_id}
  </select>
  <select id="selectType2Byplatid" resultType="java.lang.Integer">
    select count(*) from event_type where event_type=2 and tg_id=#{tg_id}
  </select>
  <select id="selectType3Byplatid" resultType="java.lang.Integer">
    select count(*) from event_type where event_type=3 and tg_id=#{tg_id}
  </select>
  <select id="selectType4Byplatid" resultType="java.lang.Integer">
    select count(*) from event_type where event_type=4 and tg_id=#{tg_id}
  </select>
  <select id="selectType5Byplatid" resultType="java.lang.Integer">
    select count(*) from event_type where event_type=5 and tg_id=#{tg_id}
  </select>
  <select id="selectType6Byplatid" resultType="java.lang.Integer">
    select count(*) from event_type where event_type=6 and tg_id=#{tg_id}
  </select>

  <select id="selectType1" resultType="org.dfzt.entity.po.EventType">
    select * from event_type where event_type=1 and tg_id=#{tgId}
  </select>
  <select id="selectType2" resultType="org.dfzt.entity.po.EventType">
    select * from event_type where event_type=2 and tg_id=#{tgId}
  </select>
  <select id="selectType3" resultType="org.dfzt.entity.po.EventType">
    select * from event_type where event_type=3 and tg_id=#{tgId}
  </select>
  <select id="selectType4" resultType="org.dfzt.entity.po.EventType">
    select * from event_type where event_type=4 and tg_id=#{tgId}
  </select>
  <select id="selectType5" resultType="org.dfzt.entity.po.EventType">
    select * from event_type where event_type=5 and tg_id=#{tgId}
  </select>
  <select id="selectType6" resultType="org.dfzt.entity.po.EventType">
    select * from event_type where event_type=6 and tg_id=#{tgId}
  </select>
</mapper>