<?xml version="1.0" encoding="UTF-8"?>
<!DOCTYPE mapper PUBLIC "-//mybatis.org//DTD Mapper 3.0//EN" "http://mybatis.org/dtd/mybatis-3-mapper.dtd">
<mapper namespace="org.dfzt.mapper.FeecontrolWorkOrderMapper">

    <resultMap type="org.dfzt.entity.po.FeecontrolWorkOrder" id="FeecontrolWorkOrderMap">
        <result property="workOrderNo" column="work_order_no" jdbcType="VARCHAR"/>
        <result property="tgManager" column="tg_manager" jdbcType="VARCHAR"/>
        <result property="tgId" column="tg_id" jdbcType="VARCHAR"/>
        <result property="tgName" column="tg_name" jdbcType="VARCHAR"/>
        <result property="orgNo" column="org_no" jdbcType="VARCHAR"/>
        <result property="consName" column="cons_name" jdbcType="VARCHAR"/>
        <result property="consNo" column="cons_no" jdbcType="VARCHAR"/>
        <result property="elecAddr" column="elec_addr" jdbcType="VARCHAR"/>
        <result property="mobile" column="mobile" jdbcType="VARCHAR"/>
        <result property="shapeCode" column="shape_code" jdbcType="VARCHAR"/>
        <result property="elecmeterAssetNum" column="elecmeter_asset_num" jdbcType="VARCHAR"/>
        <result property="terminalAdd" column="terminal_add" jdbcType="VARCHAR"/>
        <result property="failTime" column="fail_time" jdbcType="TIMESTAMP"/>
        <result property="failTimePeriod" column="fail_time_period" jdbcType="VARCHAR"/>
        <result property="seretWay" column="seret_way" jdbcType="VARCHAR"/>
        <result property="workOrderStatus" column="work_order_status" jdbcType="VARCHAR"/>
        <!--<result property="workOrderCreator" column="work_order_creator" jdbcType="VARCHAR"/>
        <result property="workorderTime" column="workorder_time" jdbcType="TIMESTAMP"/>
        <result property="workOrderUtime" column="work_order_utime" jdbcType="VARCHAR"/>
        <result property="workOrderStime" column="work_order_stime" jdbcType="TIMESTAMP"/>
        <result property="workOrderFtime" column="work_order_ftime" jdbcType="TIMESTAMP"/>
        <result property="handler" column="handler" jdbcType="VARCHAR"/>
        <result property="handlerRtime" column="handler_rtime" jdbcType="TIMESTAMP"/>-->
        <result property="workOrderCycle" column="work_order_cycle" jdbcType="INTEGER"/>
    </resultMap>

    <!-- 批量插入 -->
    <insert id="insertBatch" keyProperty="workOrderNo" useGeneratedKeys="true">
        insert into feecontrol_work_order(tg_manager, tg_id, tg_name, org_no, cons_name, cons_no, elec_addr,
        mobile, shape_code, elecmeter_asset_num, terminal_add, fail_time, fail_time_period, seret_way,
        work_order_status, work_order_creator, work_order_ctime1,work_order_ctime, work_order_utime, work_order_stime, work_order_ftime,
        handler, handler_rtime, work_order_cycle)
        values
        <foreach collection="entities" item="entity" separator=",">
            (#{entity.tgManager}, #{entity.tgId}, #{entity.tgName}, #{entity.orgNo}, #{entity.consName},
            #{entity.consNo}, #{entity.elecAddr}, #{entity.mobile}, #{entity.shapeCode}, #{entity.elecmeterAssetNum},
            #{entity.terminalAdd}, #{entity.failTime}, #{entity.failTimePeriod}, #{entity.seretWay},
            #{entity.workOrderStatus}, #{entity.workOrderCreator}, #{entity.workOrderCtime1}, #{entity.workOrderCtime}, #{entity.workOrderUtime},
            #{entity.workOrderStime}, #{entity.workOrderFtime}, #{entity.handler}, #{entity.handlerRtime},
            #{entity.workOrderCycle})
        </foreach>
    </insert>
    <!-- 批量插入或按主键更新 -->
    <insert id="insertOrUpdateBatch" keyProperty="workOrderNo" useGeneratedKeys="false">
        insert into feecontrol_work_order(id,tg_manager, tg_id, tg_name, org_no, cons_name, cons_no, elec_addr,
        mobile, shape_code, elecmeter_asset_num, terminal_add, fail_time, fail_time_period, seret_way,
        work_order_status, work_order_creator, work_order_ctime1,work_order_ctime, work_order_utime, work_order_stime, work_order_ftime,
        handler, handler_rtime, work_order_cycle)
        values
        <foreach collection="entities" item="entity" separator=",">
            (#{entity.tgManager}, #{entity.tgId}, #{entity.tgName}, #{entity.orgNo}, #{entity.consName},
            #{entity.consNo}, #{entity.elecAddr}, #{entity.mobile}, #{entity.shapeCode}, #{entity.elecmeterAssetNum},
            #{entity.terminalAdd}, #{entity.failTime}, #{entity.failTimePeriod}, #{entity.seretWay},
            #{entity.workOrderStatus}, #{entity.workOrderCreator}, #{entity.workOrderCtime1},#{entity.workOrderCtime}, #{entity.workOrderUtime},
            #{entity.workOrderStime}, #{entity.workOrderFtime}, #{entity.handler}, #{entity.handlerRtime},
            #{entity.workOrderCycle})
        </foreach>
        on duplicate key update
        tg_manager = values(tg_manager) , tg_id = values(tg_id) , tg_name = values(tg_name) , org_no = values(org_no) ,
        cons_name = values(cons_name) , cons_no = values(cons_no) , elec_addr = values(elec_addr) , mobile =
        values(mobile) , shape_code = values(shape_code) , elecmeter_asset_num = values(elecmeter_asset_num) ,
        terminal_add = values(terminal_add) , fail_time = values(fail_time) , fail_time_period =
        values(fail_time_period) , seret_way = values(seret_way) , work_order_status = values(work_order_status) ,
        work_order_creator = values(work_order_creator) , work_order_ctime1 = values(work_order_ctime1) ,work_order_ctime = values(work_order_ctime) , work_order_utime =
        values(work_order_utime) , work_order_stime = values(work_order_stime) , work_order_ftime =
        values(work_order_ftime) , handler = values(handler) , handler_rtime = values(handler_rtime) , work_order_cycle
        = values(work_order_cycle)
    </insert>

    <update id="updateFeecontrolWorkOrder" parameterType="map">
        update feecontrol_work_order
        <trim prefix="set" suffixOverrides=",">
            <if test="workOrderStatus != null and workOrderStatus != '' and workOrderStatus != 'String'">
                work_order_status = #{workOrderStatus},
            </if>
            <if test="shapecode != null and shapecode != '' and shapecode != 'String'">
                shape_code = #{shapecode},
            </if>
        </trim>
        where work_order_no = #{workOrderNo}
    </update>

    <select id="selectFeecontrolWordOrderNo" parameterType="string" resultType="org.dfzt.entity.po.FeecontrolWorkOrder">
        select work_order_no, tg_manager, tg_id, tg_name, org_no, cons_name, cons_no, elec_addr,mobile,
               shape_code, elecmeter_asset_num, terminal_add, fail_time, fail_time_period, seret_way,
               work_order_status, work_order_cycle
        from feecontrol_work_order
        where work_order_no = #{workOrderNo}
    </select>

    <select id="selectWorkOrderScene" parameterType="string"
            resultType="org.dfzt.entity.po.FeecontrolWorkOrder">
        select a.work_order_No, work_order_ctime, tg_manager, tg_id, tg_name, org_no,
        cons_name, cons_no, elec_addr, mobile, shape_code, fail_time,fail_time_period, seret_way as seretWay,
        work_order_status, work_order_cycle, elecmeter_asset_num, terminal_add, p_time as pTime, p_status as pStatus,
        live_situation as liveSituation, live_photos as livePhotos, live_video as liveVideo
        from feecontrol_work_order as a
        left join work_order_infor as b
        on a.work_order_No = b.work_order_No
        where a.work_order_No = #{workOrderNo}
    </select>

    <select id="getWorkOrderData" resultType="org.dfzt.entity.po.FeecontrolWorkOrder">
        SELECT
            o_org.org_name AS orgNo,
            g_tg.tg_no AS tgId,
            g_tg.tg_name AS tgName,
            c_cons.cons_name AS consName,
            c_cons.cons_no AS consNo,
            c_cons.elec_addr AS elecAddr
        FROM
            o_org
                LEFT JOIN g_tg ON g_tg.org_no = o_org.org_no
                LEFT JOIN c_cons ON c_cons.org_no = o_org.org_no
                LEFT JOIN a_rca_ctrl_det arcd ON arcd.org_no = o_org.org_no
        WHERE
            arcd.remote_rslt = '执行失败'
          AND arcd.remote_type = '01'
          AND arcd.ctrl_type = '03'
    </select>

    <update id="updateWorkOrderStatus" parameterType="org.dfzt.entity.po.FeecontrolWorkOrder">
        update feecontrol_work_order
        <trim prefix="set" suffixOverrides=",">
            work_order_status = #{workOrderStatus},
            <if test="seretWay != null and seretWay != ''">
                seret_way = #{seretWay},
            </if>
        </trim>
        where work_order_No = #{workOrderNo}
    </update>

    <select id="selectRole" resultType="java.lang.String">
        select user_role from sys_user where login_name=#{loginName}
    </select>

    <select id="selectByFeecontrolWordOrderNo" resultType="org.dfzt.entity.po.FeecontrolWorkOrder">
        select
        fwo.work_order_no workOrderNo,
        fwo.tg_manager tgManager,
        fwo.tg_id tgId,
        fwo.tg_name tgName,
        fwo.org_no orgNo,
        fwo.cons_name consName,
        fwo.cons_no consNo,
        fwo.elec_addr elecAddr,
        fwo.mobile mobile,
        fwo.shape_code shapeCode,
        fwo.elecmeter_asset_num elecmeterAssetNum,
        fwo.terminal_add terminalAdd,
        fwo.fail_time failTime,
        fwo.fail_time_period failTimePeriod,
        fwo.seret_way seretWay,
        fwo.work_order_status workOrderStatus,
        fwo.work_order_cycle workOrderCycle,
        fwo.work_order_ctime workorderCTime,
        woi.live_photos as photo
        from feecontrol_work_order fwo
        left join work_order_infor woi
        on fwo.work_order_no = woi.work_order_no
        <where>
            <if test="workOrderNo != null and workOrderNo != ''">
                fwo.work_order_no = #{workOrderNo}
            </if>
        </where>
    </select>

    <select id="selectBusiness1" resultType="map">
        select count(power_unit) as count , power_unit as powerUnit
        from feecontrol_instruct
        where execute_result like concat('%','失败','%') and instruct_type = '停电'
        group by power_unit
    </select>
    <select id="selectBusiness2" resultType="map">
        select count(power_unit) as count , power_unit as powerUnit
        from feecontrol_instruct
        where execute_result like concat('%','失败','%') and instruct_type = '复电'
        group by power_unit
    </select>



    <select id="selectWorkOrderList" resultMap="FeecontrolWorkOrderMap">
        select work_order_no, a.tg_id,
               a.tg_name, a.org_no, a.cons_name, a.cons_no, a.elec_addr, a.mobile, a.shape_code, fail_time,
               fail_time_period, a.work_order_status, a.work_order_ctime, a.seret_way, a.elecmeter_asset_num, a.terminal_add
        from feecontrol_work_order as a
                 join superior_sensitivity b on a.cons_no = b.cons_no
        where b.app_type = 1
    </select>
    <select id="feecontrolVo" resultType="org.dfzt.entity.vo.FeecontrolVo">
        select arcd."CTRL_ID",
               arcd."TACTIC_DET_ID",
               arcd."CTRL_BATCH_ID",
               arcd."ORG_NO",
               arcd."CONS_NO",
               arcd."CTRL_TYPE",
               arcd."CP_NO",
               arcd."METER_ID",
               arcd."MP_ID",
               arcd."REMOTE_TYPE",
               arcd."REMOTE_OPR",
               arcd."REMOTE_DATE",
               arcd."REMOTE_RSLT",
               arcd."REMOTE_RT_DATE",
               arcd."REMARK",
               arcd."TERMINAL_ID",
               arcd."SWITCH_NO",
               arcd."SWITCH_FLAG",
               arcd."MAC",
               arcd."MOVE_STATUS",
               arcd."PRRT_TYPE",
               arcd."NOTICE_CJ_DATE",
               arcd."SOURCE_CHANGE_TIME",
               arcd."TARGET_WRITE_TIME"
        from sele.A_RCA_CTRL_DET arcd where trunc(arcd."E_REMOTE_RT_DATE") = trunc(sysdate)
    </select>

    <select id="selectARCACTRL" resultType="org.dfzt.entity.po.ARcaCtrlDet">
        select CTRL_ID,TACTIC_DET_ID,CTRL_BATCH_ID,ORG_NO,CONS_NO,CTRL_TYPE,CP_NO,METER_ID,MP_ID,
        REMOTE_TYPE,REMOTE_OPR,REMOTE_DATE,REMOTE_RSLT,REMOTE_RT_DATE,REMARK,TERMINAL_ID,SWITCH_NO,
        SWITCH_FLAG
        from A_RCA_CTRL_DET where ctrl_type='03' and remote_rslt='04'
        and to_char(REMOTE_DATE,'yyyy-MM-dd') =#{today}
        and org_no like '15421%'
    </select>
    <!-- to_char(REMOTE_DATE,'yyyy-MM-dd') like #{today} and -->
    <!-- and REMOTE_DATE between to_date(#{today1},'yyyy-MM-dd') and to_date(#{today7},'yyyy-MM-dd')-->

    <select id="selectCtrlId" resultType="java.lang.Integer">
        select count(*) from feecontrol_work_order where ctrl_id=#{ctrlId}
    </select>

    <select id="selectFee5" resultType="java.math.BigDecimal">
        select ctrl_id from A_RCA_CTRL_DET
    </select>
    <!--where to_char(REMOTE_DATE,'yyyy-MM-dd') like #{today}-->

    <select id="selectFeeWorko5" resultType="java.math.BigDecimal">
        select ctrl_id from feecontrol_work_order where work_order_status != '4'
    </select>

    <select id="selectFeeWorkwebservice" resultType="org.dfzt.entity.po.ConAssetNo">
        select cons_no,ctrl_id from feecontrol_work_order where work_order_status != '4'
    </select>

    <update id="updateFeeWorkOrder">
        update feecontrol_work_order set work_order_status='4' where cons_no=#{consNo}
    </update>

    <select id="selectconsAssetNo" resultType="org.dfzt.entity.po.ConAssetNo">
        select c1.cons_no,c2.asset_no from c_meter_mp_rela c1
        join c_meter c2 on c1.meter_id=c2.meter_id
        where c1.cons_no in
        <foreach item="item" collection="consNos" separator="," open="(" close=")" index="">
            #{item.consNo}
        </foreach>
    </select>


    <select id="selectFeeByCtrlId" resultType="java.lang.String">
        select remote_rslt from A_RCA_CTRL_DET where ctrl_id=#{ctrlId}
    </select>
<!--     where fail_time like concat('%',"#{today}",'%')-->
    <update id="updateFeeStatus">
        update feecontrol_work_order set work_order_status='4' where cons_no=#{consNo}
    </update>

    <update id="updateFeeCycle">
        update feecontrol_work_order set work_order_cycle=#{cycle}
        <where>
            <if test="workOrderNoList != null and workOrderNoList.size() > 0">
                work_order_no in
                <foreach collection="workOrderNoList" item="workOrderNo" separator="," open="(" close=")">
                    #{workOrderNo}
                </foreach>
            </if>
        </where>
    </update>


    <insert id="insertFeeWork" parameterType="org.dfzt.entity.po.FeecontrolWorkOrder">
        insert into feecontrol_work_order
        <trim prefix="(" suffix=")" suffixOverrides=",">
            <if test="id != null"> id, </if>
            <if test="workOrderNo != null"> work_order_no, </if>
            <if test="tgManager != null"> tg_manager, </if>
            <if test="tgId != null"> tg_id, </if>
            <if test="tgName != null"> tg_name, </if>
            <if test="orgNo != null"> org_no, </if>
            <if test="consName != null"> cons_name, </if>
            <if test="ctrlId != null"> ctrl_id, </if>
            <if test="consNo != null"> cons_no, </if>
            <if test="elecAddr != null"> elec_addr, </if>
            <if test="ctrlType != null"> ctrl_type, </if>
            <if test="cpNo != null"> cp_no, </if>
            <if test="meterId != null"> meter_id, </if>
            <if test="mpId != null"> mp_id, </if>
            <if test="remark != null"> remark, </if>
            <if test="remoteDate != null"> remote_date, </if>
            <if test="remoteRtDate != null"> remote_rt_date, </if>
            <if test="remoteRslt != null"> remote_rslt, </if>
            <if test="mobile != null"> mobile, </if>
            <if test="shapeCode != null"> shape_code, </if>
            <if test="elecmeterAssetNum != null"> elecmeter_asset_num, </if>
            <if test="terminalAdd != null"> terminal_add, </if>
            <if test="failTime != null"> fail_time, </if>
            <if test="failTimePeriod != null"> fail_time_period, </if>
            <if test="seretWay != null"> seret_way, </if>
            <if test="workOrderStatus != null"> work_order_status, </if>
            <if test="workOrderCreator != null"> work_order_creator, </if>
            <if test="workOrderCtime != null"> work_order_ctime, </if>
            <if test="workOrderCtime1 != null"> work_order_ctime1, </if>
            <if test="workOrderUtime != null"> work_order_utime, </if>
            <if test="workOrderStime != null"> work_order_stime, </if>
            <if test="workOrderFtime != null"> work_order_ftime, </if>
            <if test="handler != null"> handler, </if>
            <if test="handlerRtime != null"> handler_rtime, </if>
            <if test="workOrderCycle != null"> work_order_cycle, </if>
        </trim>
        <trim prefix="values (" suffix=")" suffixOverrides=",">
            <if test="id != null"> #{id,jdbcType=INTEGER}, </if>
            <if test="workOrderNo != null"> #{workOrderNo,jdbcType=VARCHAR}, </if>
            <if test="tgManager != null"> #{tgManager,jdbcType=VARCHAR}, </if>
            <if test="tgId != null"> #{tgId,jdbcType=VARCHAR}, </if>
            <if test="tgName != null"> #{tgName,jdbcType=VARCHAR}, </if>
            <if test="orgNo != null"> #{orgNo,jdbcType=VARCHAR}, </if>
            <if test="consName != null"> #{consName,jdbcType=VARCHAR}, </if>
            <if test="ctrlId != null"> #{ctrlId,jdbcType=DECIMAL}, </if>
            <if test="consNo != null"> #{consNo,jdbcType=VARCHAR}, </if>
            <if test="elecAddr != null"> #{elecAddr,jdbcType=VARCHAR}, </if>
            <if test="ctrlType != null"> #{ctrlType,jdbcType=VARCHAR}, </if>
            <if test="cpNo != null"> #{cpNo,jdbcType=VARCHAR}, </if>
            <if test="meterId != null"> #{meterId,jdbcType=DECIMAL}, </if>
            <if test="mpId != null"> #{mpId,jdbcType=DECIMAL}, </if>
            <if test="remark != null"> #{remark,jdbcType=VARCHAR}, </if>
            <if test="remoteDate != null"> #{remoteDate,jdbcType=TIMESTAMP}, </if>
            <if test="remoteRtDate != null"> #{remoteRtDate,jdbcType=TIMESTAMP}, </if>
            <if test="remoteRslt != null"> #{remoteRslt,jdbcType=VARCHAR}, </if>
            <if test="mobile != null"> #{mobile,jdbcType=VARCHAR}, </if>
            <if test="shapeCode != null"> #{shapeCode,jdbcType=VARCHAR}, </if>
            <if test="elecmeterAssetNum != null"> #{elecmeterAssetNum,jdbcType=VARCHAR}, </if>
            <if test="terminalAdd != null"> #{terminalAdd,jdbcType=VARCHAR}, </if>
            <if test="failTime != null"> #{failTime,jdbcType=TIMESTAMP}, </if>
            <if test="failTimePeriod != null"> #{failTimePeriod,jdbcType=VARCHAR}, </if>
            <if test="seretWay != null"> #{seretWay,jdbcType=VARCHAR}, </if>
            <if test="workOrderStatus != null"> #{workOrderStatus,jdbcType=VARCHAR}, </if>
            <if test="workOrderCreator != null"> #{workOrderCreator,jdbcType=VARCHAR}, </if>
            <if test="workOrderCtime != null"> #{workOrderCtime,jdbcType=TIMESTAMP}, </if>
            <if test="workOrderCtime1 != null"> #{workOrderCtime,jdbcType=VARCHAR}, </if>
            <if test="workOrderUtime != null"> #{workOrderUtime,jdbcType=VARCHAR}, </if>
            <if test="workOrderStime != null"> #{workOrderStime,jdbcType=TIMESTAMP}, </if>
            <if test="workOrderFtime != null"> #{workOrderFtime,jdbcType=TIMESTAMP}, </if>
            <if test="handler != null"> #{handler,jdbcType=VARCHAR}, </if>
            <if test="handlerRtime != null"> #{handlerRtime,jdbcType=TIMESTAMP}, </if>
            <if test="workOrderCycle != null"> #{workOrderCycle,jdbcType=INTEGER}, </if>
        </trim>
    </insert>


    <insert id="insertFeeARca" parameterType="org.dfzt.entity.po.ARcaCtrlDet">
        insert into a_rca_ctrl_det
        <trim prefix="(" suffix=")" suffixOverrides=",">
            <if test="id != null"> id, </if>
            <if test="ctrlId != null"> ctrl_id, </if>
            <if test="consNo != null"> cons_no, </if>
            <if test="orgNo != null"> org_no, </if>
            <if test="remoteRtDate != null"> remote_rt_date, </if>
            <if test="switchNo != null"> switch_no, </if>
            <if test="remoteDate != null"> remote_date, </if>
            <if test="remoteRslt != null"> remote_rslt, </if>
            <if test="meterId != null"> meter_id, </if>
            <if test="mpId != null"> mp_id, </if>
            <if test="switchFlag != null"> switch_flag, </if>
            <if test="remoteType != null"> remote_type, </if>
            <if test="remoteOpr != null"> remote_opr, </if>
            <if test="mac != null"> mac, </if>
            <if test="crtlBatchId != null"> crtl_batch_id, </if>
            <if test="cpNo != null"> cp_no, </if>
            <if test="terminalId != null"> terminal_id, </if>
            <if test="tacticDetId != null"> tactic_det_id, </if>
            <if test="ctrlType != null"> ctrl_type, </if>
            <if test="remark != null"> remark, </if>
        </trim>
        <trim prefix="values (" suffix=")" suffixOverrides=",">
            <if test="id != null"> #{id,jdbcType=INTEGER}, </if>
            <if test="ctrlId != null"> #{ctrlId,jdbcType=DECIMAL}, </if>
            <if test="consNo != null"> #{consNo,jdbcType=VARCHAR}, </if>
            <if test="orgNo != null"> #{orgNo,jdbcType=VARCHAR}, </if>
            <if test="remoteRtDate != null"> #{remoteRtDate,jdbcType=TIMESTAMP}, </if>
            <if test="switchNo != null"> #{switchNo,jdbcType=INTEGER}, </if>
            <if test="remoteDate != null"> #{remoteDate,jdbcType=TIMESTAMP}, </if>
            <if test="remoteRslt != null"> #{remoteRslt,jdbcType=VARCHAR}, </if>
            <if test="meterId != null"> #{meterId,jdbcType=DECIMAL}, </if>
            <if test="mpId != null"> #{mpId,jdbcType=DECIMAL}, </if>
            <if test="switchFlag != null"> #{switchFlag,jdbcType=VARCHAR}, </if>
            <if test="remoteType != null"> #{remoteType,jdbcType=VARCHAR}, </if>
            <if test="remoteOpr != null"> #{remoteOpr,jdbcType=VARCHAR}, </if>
            <if test="mac != null"> #{mac,jdbcType=VARCHAR}, </if>
            <if test="crtlBatchId != null"> #{crtlBatchId,jdbcType=DECIMAL}, </if>
            <if test="cpNo != null"> #{cpNo,jdbcType=VARCHAR}, </if>
            <if test="terminalId != null"> #{terminalId,jdbcType=DECIMAL}, </if>
            <if test="tacticDetId != null"> #{tacticDetId,jdbcType=DECIMAL}, </if>
            <if test="ctrlType != null"> #{ctrlType,jdbcType=VARCHAR}, </if>
            <if test="remark != null"> #{remark,jdbcType=VARCHAR}, </if>
        </trim>
    </insert>

    <select id="selectFeeList" resultType="org.dfzt.entity.po.FeecontrolWorkOrder">
        select * from feecontrol_work_order where 1=1
        <if test="f.workOrderNo != null" >
            and work_order_no like concat('%',#{f.workOrderNo},'%')
        </if>
        <if test="f.tgId != null" >
            and tg_id like concat('%',#{f.tgId},'%')
        </if>
        <if test="f.workOrderCtime1 != null" >
            and work_order_ctime1 like concat('%',#{f.workOrderCtime1},'%')
        </if>
        <if test="orgName != null">
            and org_no like concat('%',#{orgName},'%')
        </if>
        <if test="status != null">
            and work_order_status in (${status})
        </if>
        order by work_order_ctime desc
        limit #{pageNo},#{pageSize}
    </select>
    <select id="selectCycleOneList" resultType="org.dfzt.entity.po.FeecontrolWorkOrder">
        select *
        from feecontrol_work_order
        where work_order_status = '1' and '0' = ifnull(work_order_cycle, 0) and date_sub(work_order_ctime, interval 10 minute) >= work_order_ctime
    </select>
    <select id="selectCycleTwoList" resultType="org.dfzt.entity.po.FeecontrolWorkOrder">
        select *
        from feecontrol_work_order
        where work_order_status = '1' and '0' > ifnull(work_order_cycle, 0) and date_sub(work_order_ctime, interval 15 minute) >= work_order_ctime
    </select>

    <select id="selectFeeWorkOrder" resultType="java.math.BigDecimal">
        select ctrl_id from feecontrol_work_order where work_order_status !='4'
    </select>
</mapper>

