<?xml version="1.0" encoding="UTF-8"?>
<!DOCTYPE mapper PUBLIC "-//mybatis.org//DTD Mapper 3.0//EN" "http://mybatis.org/dtd/mybatis-3-mapper.dtd">
<mapper namespace="org.dfzt.mapper.GTgMapper">

    <!-- 通用查询映射结果 -->
    <resultMap id="BaseResultMap" type="org.dfzt.entity.po.GTg">
        <id column="tg_id" property="tgId" />
        <result column="org_no" property="orgNo" />
        <result column="tg_no" property="tgNo" />
        <result column="tg_name" property="tgName" />
        <result column="tg_cap" property="tgCap" />
        <result column="inst_addr" property="instAddr" />
        <result column="chg_date" property="chgDate" />
        <result column="pub_priv_flag" property="pubPrivFlag" />
        <result column="run_status_code" property="runStatusCode" />
    </resultMap>

    <!-- 通用查询结果列 -->
    <sql id="Base_Column_List">
        tg_id, org_no, tg_no, tg_name, tg_cap, inst_addr, chg_date, pub_priv_flag, run_status_code
    </sql>

    <select id="selectTg" resultType="org.dfzt.entity.po.GTg">
    select tg_id,org_no,tg_no,tg_name,tg_cap,inst_addr,chg_date,pub_priv_flag,run_status_code from g_tg where org_no='154212101' or org_no='154212102' or org_no='154212103'
    or org_no='154212104' or org_no='154212105' or org_no='154212201' or org_no='154212202' or org_no='154212203'
    or org_no='154212204' or org_no='154212205' or org_no='154212206'
  </select>

    <insert id="insertGTg">
        insert into g_tg
        <trim prefix="(" suffix=")" suffixOverrides="," >
            <if test="tgId != null" >tg_id,</if>
            <if test="orgNo != null" >org_no,</if>
            <if test="tgNo != null" >tg_no,</if>
            <if test="tgName != null" >tg_name,</if>
            <if test="tgCap != null" >tg_cap,</if>
            <if test="instAddr != null" >inst_addr,</if>
            <if test="chgDate != null" >chg_date,</if>
            <if test="pubPrivFlag != null" >pub_priv_flag,</if>
            <if test="runStatusCode != null" >run_status_code,</if>
        </trim>
        <trim prefix="values (" suffix=")" suffixOverrides="," >
            <if test="tgId != null" >#{tgId,jdbcType=DECIMAL},</if>
            <if test="orgNo != null" >#{orgNo,jdbcType=VARCHAR},</if>
            <if test="tgNo != null" >#{tgNo,jdbcType=VARCHAR},</if>
            <if test="tgName != null" >#{tgName,jdbcType=VARCHAR},</if>
            <if test="tgCap != null" >#{tgCap,jdbcType=DECIMAL},</if>
            <if test="instAddr != null" >#{instAddr,jdbcType=INTEGER},</if>
            <if test="chgDate != null" >#{chgDate,jdbcType=TIMESTAMP},</if>
            <if test="pubPrivFlag != null" >#{pubPrivFlag,jdbcType=INTEGER},</if>
            <if test="runStatusCode != null" >#{runStatusCode,jdbcType=VARCHAR},</if>
        </trim>
    </insert>

    <select id="selectBytgid" resultType="java.lang.Integer">
        select count(*) from g_tg where tg_id=#{tgId}
    </select>

    <select id="selectCourts" resultType="org.dfzt.entity.vo.ConsTgVo">
        select b.cons_no consNo,tg_no tgNo,tg_name tgName from g_tg join (
        select a.cons_no,c_mp.tg_id from c_mp join (
        select cons_no,cons_id from c_cons
        <where>
            cons_no in
            <foreach collection="list" item="item" open="(" close=")" separator=",">
                #{item}
            </foreach>
        </where>
        ) a on a.cons_id = c_mp.cons_id
        ) b on b.tg_id = g_tg.tg_id
    </select>

</mapper>
