<?xml version="1.0" encoding="UTF-8"?>
<!DOCTYPE mapper
        PUBLIC "-//mybatis.org//DTD Mapper 3.0//EN"
        "http://mybatis.org/dtd/mybatis-3-mapper.dtd">
<mapper namespace="org.dfzt.modules.dfzt.mapper.IndustryExpansionReportingMapper">

    <resultMap id="BaseResultMap" type="org.dfzt.entity.po.IndustryExpansionReporting">
            <id property="id" column="id" jdbcType="INTEGER"/>
            <result property="programCode" column="Program_code" jdbcType="VARCHAR"/>
            <result property="userName" column="user_name" jdbcType="VARCHAR"/>
            <result property="custConfSign" column="cust_conf_sign" jdbcType="VARCHAR"/>
            <result property="createTime" column="create_time" jdbcType="TIMESTAMP"/>
    </resultMap>

    <sql id="Base_Column_List">
        id,Program_code,user_name,
        cust_conf_sign,create_time,
    </sql>
</mapper>
