<?xml version="1.0" encoding="UTF-8" ?>
<!DOCTYPE mapper PUBLIC "-//mybatis.org//DTD Mapper 3.0//EN" "http://mybatis.org/dtd/mybatis-3-mapper.dtd" >
<mapper namespace="org.dfzt.mapper.LinelossSpqMapper" >
  <resultMap id="BaseResultMap" type="org.dfzt.entity.po.LinelossSpq" >
    <id column="id" property="id" jdbcType="INTEGER" />
    <result column="cons_no" property="consNo" jdbcType="VARCHAR" />
    <result column="cons_name" property="consName" jdbcType="VARCHAR" />
    <result column="cons_type" property="consType" jdbcType="VARCHAR" />
    <result column="elec_addr" property="elecAddr" jdbcType="VARCHAR" />
    <result column="terminal_addr" property="terminalAddr" jdbcType="VARCHAR" />
    <result column="total_points_ident" property="totalPointsIdent" jdbcType="VARCHAR" />
    <result column="data_date" property="dataDate" jdbcType="TIMESTAMP" />
    <result column="startpap_e" property="startpapE" jdbcType="DECIMAL" />
    <result column="endpap_e" property="endpapE" jdbcType="DECIMAL" />
    <result column="pap_e" property="papE" jdbcType="DECIMAL" />
    <result column="startrap_e" property="startrapE" jdbcType="DECIMAL" />
    <result column="endrap_e" property="endrapE" jdbcType="DECIMAL" />
    <result column="rap_e" property="rapE" jdbcType="DECIMAL" />
    <result column="tg_spq" property="tgSpq" jdbcType="DECIMAL" />
    <result column="usage_type_code" property="usageTypeCode" jdbcType="VARCHAR" />
    <result column="t_factor" property="tFactor" jdbcType="DECIMAL" />
    <result column="ct" property="ct" jdbcType="VARCHAR" />
    <result column="pt" property="pt" jdbcType="VARCHAR" />
    <result column="meter_asset_no" property="meterAssetNo" jdbcType="VARCHAR" />
    <result column="fmr_asset_no" property="fmrAssetNo" jdbcType="VARCHAR" />
    <result column="mp_sn" property="mpSn" jdbcType="VARCHAR" />
  </resultMap>
  <sql id="Base_Column_List" >
    id, cons_no, cons_name, cons_type, elec_addr, terminal_addr, total_points_ident, 
    data_date, startpap_e, endpap_e, pap_e, startrap_e, endrap_e, rap_e, tg_spq, usage_type_code, 
    t_factor, ct, pt, meter_asset_no, fmr_asset_no, mp_sn
  </sql>
  <select id="selectByPrimaryKey" resultMap="BaseResultMap" parameterType="java.lang.Integer" >
    select 
    <include refid="Base_Column_List" />
    from lineloss_spq
    where id = #{id,jdbcType=INTEGER}
  </select>
  <delete id="deleteByPrimaryKey" parameterType="java.lang.Integer" >
    delete from lineloss_spq
    where id = #{id,jdbcType=INTEGER}
  </delete>
  <insert id="insert" parameterType="org.dfzt.entity.po.LinelossSpq" >
    insert into lineloss_spq (id, cons_no, cons_name, 
      cons_type, elec_addr, terminal_addr, 
      total_points_ident, data_date, startpap_e, 
      endpap_e, pap_e, startrap_e, 
      endrap_e, rap_e, tg_spq, 
      usage_type_code, t_factor, ct, 
      pt, meter_asset_no, fmr_asset_no, 
      mp_sn)
    values (#{id,jdbcType=INTEGER}, #{consNo,jdbcType=VARCHAR}, #{consName,jdbcType=VARCHAR}, 
      #{consType,jdbcType=VARCHAR}, #{elecAddr,jdbcType=VARCHAR}, #{terminalAddr,jdbcType=VARCHAR}, 
      #{totalPointsIdent,jdbcType=VARCHAR}, #{dataDate,jdbcType=TIMESTAMP}, #{startpapE,jdbcType=DECIMAL}, 
      #{endpapE,jdbcType=DECIMAL}, #{papE,jdbcType=DECIMAL}, #{startrapE,jdbcType=DECIMAL}, 
      #{endrapE,jdbcType=DECIMAL}, #{rapE,jdbcType=DECIMAL}, #{tgSpq,jdbcType=DECIMAL}, 
      #{usageTypeCode,jdbcType=VARCHAR}, #{tFactor,jdbcType=DECIMAL}, #{ct,jdbcType=VARCHAR}, 
      #{pt,jdbcType=VARCHAR}, #{meterAssetNo,jdbcType=VARCHAR}, #{fmrAssetNo,jdbcType=VARCHAR}, 
      #{mpSn,jdbcType=VARCHAR})
  </insert>
  <insert id="insertSelective" parameterType="org.dfzt.entity.po.LinelossSpq" >
    insert into lineloss_spq
    <trim prefix="(" suffix=")" suffixOverrides="," >
      <if test="id != null" >
        id,
      </if>
      <if test="consNo != null" >
        cons_no,
      </if>
      <if test="consName != null" >
        cons_name,
      </if>
      <if test="consType != null" >
        cons_type,
      </if>
      <if test="elecAddr != null" >
        elec_addr,
      </if>
      <if test="terminalAddr != null" >
        terminal_addr,
      </if>
      <if test="totalPointsIdent != null" >
        total_points_ident,
      </if>
      <if test="dataDate != null" >
        data_date,
      </if>
      <if test="startpapE != null" >
        startpap_e,
      </if>
      <if test="endpapE != null" >
        endpap_e,
      </if>
      <if test="papE != null" >
        pap_e,
      </if>
      <if test="startrapE != null" >
        startrap_e,
      </if>
      <if test="endrapE != null" >
        endrap_e,
      </if>
      <if test="rapE != null" >
        rap_e,
      </if>
      <if test="tgSpq != null" >
        tg_spq,
      </if>
      <if test="usageTypeCode != null" >
        usage_type_code,
      </if>
      <if test="tFactor != null" >
        t_factor,
      </if>
      <if test="ct != null" >
        ct,
      </if>
      <if test="pt != null" >
        pt,
      </if>
      <if test="meterAssetNo != null" >
        meter_asset_no,
      </if>
      <if test="fmrAssetNo != null" >
        fmr_asset_no,
      </if>
      <if test="mpSn != null" >
        mp_sn,
      </if>
    </trim>
    <trim prefix="values (" suffix=")" suffixOverrides="," >
      <if test="id != null" >
        #{id,jdbcType=INTEGER},
      </if>
      <if test="consNo != null" >
        #{consNo,jdbcType=VARCHAR},
      </if>
      <if test="consName != null" >
        #{consName,jdbcType=VARCHAR},
      </if>
      <if test="consType != null" >
        #{consType,jdbcType=VARCHAR},
      </if>
      <if test="elecAddr != null" >
        #{elecAddr,jdbcType=VARCHAR},
      </if>
      <if test="terminalAddr != null" >
        #{terminalAddr,jdbcType=VARCHAR},
      </if>
      <if test="totalPointsIdent != null" >
        #{totalPointsIdent,jdbcType=VARCHAR},
      </if>
      <if test="dataDate != null" >
        #{dataDate,jdbcType=TIMESTAMP},
      </if>
      <if test="startpapE != null" >
        #{startpapE,jdbcType=DECIMAL},
      </if>
      <if test="endpapE != null" >
        #{endpapE,jdbcType=DECIMAL},
      </if>
      <if test="papE != null" >
        #{papE,jdbcType=DECIMAL},
      </if>
      <if test="startrapE != null" >
        #{startrapE,jdbcType=DECIMAL},
      </if>
      <if test="endrapE != null" >
        #{endrapE,jdbcType=DECIMAL},
      </if>
      <if test="rapE != null" >
        #{rapE,jdbcType=DECIMAL},
      </if>
      <if test="tgSpq != null" >
        #{tgSpq,jdbcType=DECIMAL},
      </if>
      <if test="usageTypeCode != null" >
        #{usageTypeCode,jdbcType=VARCHAR},
      </if>
      <if test="tFactor != null" >
        #{tFactor,jdbcType=DECIMAL},
      </if>
      <if test="ct != null" >
        #{ct,jdbcType=VARCHAR},
      </if>
      <if test="pt != null" >
        #{pt,jdbcType=VARCHAR},
      </if>
      <if test="meterAssetNo != null" >
        #{meterAssetNo,jdbcType=VARCHAR},
      </if>
      <if test="fmrAssetNo != null" >
        #{fmrAssetNo,jdbcType=VARCHAR},
      </if>
      <if test="mpSn != null" >
        #{mpSn,jdbcType=VARCHAR},
      </if>
    </trim>
  </insert>
  <update id="updateByPrimaryKeySelective" parameterType="org.dfzt.entity.po.LinelossSpq" >
    update lineloss_spq
    <set >
      <if test="consNo != null" >
        cons_no = #{consNo,jdbcType=VARCHAR},
      </if>
      <if test="consName != null" >
        cons_name = #{consName,jdbcType=VARCHAR},
      </if>
      <if test="consType != null" >
        cons_type = #{consType,jdbcType=VARCHAR},
      </if>
      <if test="elecAddr != null" >
        elec_addr = #{elecAddr,jdbcType=VARCHAR},
      </if>
      <if test="terminalAddr != null" >
        terminal_addr = #{terminalAddr,jdbcType=VARCHAR},
      </if>
      <if test="totalPointsIdent != null" >
        total_points_ident = #{totalPointsIdent,jdbcType=VARCHAR},
      </if>
      <if test="dataDate != null" >
        data_date = #{dataDate,jdbcType=TIMESTAMP},
      </if>
      <if test="startpapE != null" >
        startpap_e = #{startpapE,jdbcType=DECIMAL},
      </if>
      <if test="endpapE != null" >
        endpap_e = #{endpapE,jdbcType=DECIMAL},
      </if>
      <if test="papE != null" >
        pap_e = #{papE,jdbcType=DECIMAL},
      </if>
      <if test="startrapE != null" >
        startrap_e = #{startrapE,jdbcType=DECIMAL},
      </if>
      <if test="endrapE != null" >
        endrap_e = #{endrapE,jdbcType=DECIMAL},
      </if>
      <if test="rapE != null" >
        rap_e = #{rapE,jdbcType=DECIMAL},
      </if>
      <if test="tgSpq != null" >
        tg_spq = #{tgSpq,jdbcType=DECIMAL},
      </if>
      <if test="usageTypeCode != null" >
        usage_type_code = #{usageTypeCode,jdbcType=VARCHAR},
      </if>
      <if test="tFactor != null" >
        t_factor = #{tFactor,jdbcType=DECIMAL},
      </if>
      <if test="ct != null" >
        ct = #{ct,jdbcType=VARCHAR},
      </if>
      <if test="pt != null" >
        pt = #{pt,jdbcType=VARCHAR},
      </if>
      <if test="meterAssetNo != null" >
        meter_asset_no = #{meterAssetNo,jdbcType=VARCHAR},
      </if>
      <if test="fmrAssetNo != null" >
        fmr_asset_no = #{fmrAssetNo,jdbcType=VARCHAR},
      </if>
      <if test="mpSn != null" >
        mp_sn = #{mpSn,jdbcType=VARCHAR},
      </if>
    </set>
    where id = #{id,jdbcType=INTEGER}
  </update>
  <update id="updateByPrimaryKey" parameterType="org.dfzt.entity.po.LinelossSpq" >
    update lineloss_spq
    set cons_no = #{consNo,jdbcType=VARCHAR},
      cons_name = #{consName,jdbcType=VARCHAR},
      cons_type = #{consType,jdbcType=VARCHAR},
      elec_addr = #{elecAddr,jdbcType=VARCHAR},
      terminal_addr = #{terminalAddr,jdbcType=VARCHAR},
      total_points_ident = #{totalPointsIdent,jdbcType=VARCHAR},
      data_date = #{dataDate,jdbcType=TIMESTAMP},
      startpap_e = #{startpapE,jdbcType=DECIMAL},
      endpap_e = #{endpapE,jdbcType=DECIMAL},
      pap_e = #{papE,jdbcType=DECIMAL},
      startrap_e = #{startrapE,jdbcType=DECIMAL},
      endrap_e = #{endrapE,jdbcType=DECIMAL},
      rap_e = #{rapE,jdbcType=DECIMAL},
      tg_spq = #{tgSpq,jdbcType=DECIMAL},
      usage_type_code = #{usageTypeCode,jdbcType=VARCHAR},
      t_factor = #{tFactor,jdbcType=DECIMAL},
      ct = #{ct,jdbcType=VARCHAR},
      pt = #{pt,jdbcType=VARCHAR},
      meter_asset_no = #{meterAssetNo,jdbcType=VARCHAR},
      fmr_asset_no = #{fmrAssetNo,jdbcType=VARCHAR},
      mp_sn = #{mpSn,jdbcType=VARCHAR}
    where id = #{id,jdbcType=INTEGER}
  </update>

  <select id="selectNowAndMin" resultType="org.dfzt.entity.po.LinelossSpq">
    select * from lineloss_spq where cons_no= #{consNo} and data_date like '${dateTime}%'
  </select>


  <select id="selectlastday" resultType="org.dfzt.entity.po.LinelossSpq">
    select * from lineloss_spq
    where data_date=#{startTime}
  </select>

  <!--根据用户编号和上个月时间查询改用户每一天的电量(正向有功总)-->
  <select id="selectPowerUser" resultType="org.dfzt.entity.po.LinelossSpq">
    select * from lineloss_spq where cons_no=#{consNo}
    and data_date like CONCAT(#{lastmon},'%') order by data_date asc
  </select>

  <select id="selectAllUser" resultType="org.dfzt.entity.po.LinelossUserSynana">
    select * from lineloss_user_synana where tg_no = #{tgNo,jdbcType=VARCHAR};
  </select>

  <select id="selectplatBydate" resultType="org.dfzt.entity.po.LinelossDateSynana">
    select * from lineloss_date_synana where lineloss_date like '${linelossDate}%'
  </select>

  <select id="selectlineSpq" resultType="java.math.BigDecimal">
    select pap_e from lineloss_spq where cons_name =#{consName} and data_date like '${startMon}%'
  </select>

  <select id="selectConsName" resultType="java.lang.String">
    select cons_name from lineloss_spq where tg_no = #{tgNo} and data_date like '${startMon}%'
  </select>


  <select id="selectLineloss" resultType="org.dfzt.entity.po.LinelossSynana">
    select data_date,loss_pq from lineloss_synana where tg_no = #{tgNo} and data_date like '${startMon}%'
  </select>
</mapper>