<?xml version="1.0" encoding="UTF-8" ?>
<!DOCTYPE mapper PUBLIC "-//mybatis.org//DTD Mapper 3.0//EN" "http://mybatis.org/dtd/mybatis-3-mapper.dtd" >
<mapper namespace="org.dfzt.mapper.LinelossWorkOrderMapper" >
  <resultMap id="BaseResultMap" type="org.dfzt.entity.po.LinelossWorkOrder" >
    <id column="id" property="id" jdbcType="INTEGER" />
    <result column="work_order_no" property="workOrderNo" jdbcType="VARCHAR" />
    <result column="tg_manager" property="tgManager" jdbcType="VARCHAR" />
    <result column="tg_id" property="tgId" jdbcType="VARCHAR" />
    <result column="tg_name" property="tgName" jdbcType="VARCHAR" />
    <result column="tg_cap" property="tgCap" jdbcType="INTEGER" />
    <result column="stat_date" property="statDate" jdbcType="TIMESTAMP" />
    <result column="ppq" property="ppq" jdbcType="DECIMAL" />
    <result column="tg_spq" property="tgSpq" jdbcType="DECIMAL" />
    <result column="loss_pq" property="lossPq" jdbcType="DECIMAL" />
    <result column="lineloss_rate" property="linelossRate" jdbcType="DECIMAL" />
    <result column="meter_asset_no" property="meterAssetNo" jdbcType="VARCHAR" />
    <result column="wiring_mode" property="wiringMode" jdbcType="VARCHAR" />
    <result column="t_factor" property="tFactor" jdbcType="DECIMAL" />
    <result column="pap_e" property="papE" jdbcType="DECIMAL" />
    <result column="rap_e" property="rapE" jdbcType="DECIMAL" />
    <result column="event_type" property="eventType" jdbcType="VARCHAR" />
    <result column="com_ques_num" property="comQuesNum" jdbcType="INTEGER" />
    <result column="elesteal_num" property="elestealNum" jdbcType="INTEGER" />
    <result column="zero_fire_num" property="zeroFireNum" jdbcType="INTEGER" />
    <result column="current_nobal_num" property="currentNobalNum" jdbcType="INTEGER" />
    <result column="plat_overload_num" property="platOverloadNum" jdbcType="INTEGER" />
    <result column="user_overload_num" property="userOverloadNum" jdbcType="INTEGER" />
    <result column="work_order_cycle" property="workOrderCycle" jdbcType="VARCHAR" />
    <result column="work_order_status" property="workOrderStatus" jdbcType="VARCHAR" />
    <result column="work_order_creator" property="workOrderCreator" jdbcType="VARCHAR" />
    <result column="work_order_ctime" property="workOrderCtime" jdbcType="TIMESTAMP" />
    <result column="work_order_utime" property="workOrderUtime" jdbcType="VARCHAR" />
    <result column="work_order_stime" property="workOrderStime" jdbcType="TIMESTAMP" />
    <result column="work_order_ftime" property="workOrderFtime" jdbcType="TIMESTAMP" />
    <result column="handler" property="handler" jdbcType="VARCHAR" />
    <result column="handler_rtime" property="handlerRtime" jdbcType="TIMESTAMP" />
    <result column="hwork_order_handler" property="hworkOrderHandler" jdbcType="VARCHAR" />
    <result column="hwork_order_handler_rtime" property="hworkOrderHandlerRtime" jdbcType="TIMESTAMP" />
    <result column="hwork_order_handler_ttime" property="hworkOrderHandlerTtime" jdbcType="TIMESTAMP" />
    <result column="user_type" property="userType" jdbcType="VARCHAR" />
  </resultMap>
  <sql id="Base_Column_List" >
    id, work_order_no, tg_manager, tg_id, tg_name, tg_cap,
    stat_date, ppq, tg_spq, loss_pq, lineloss_rate, meter_asset_no,
    wiring_mode, t_factor, pap_e, rap_e,
    event_type, com_ques_num, elesteal_num, zero_fire_num,current_nobal_num ,plat_overload_num, user_overload_num,
    work_order_cycle, work_order_status, work_order_creator, work_order_ctime, work_order_utime,
    work_order_stime, work_order_ftime, handler, handler_rtime, hwork_order_handler,
    hwork_order_handler_rtime, hwork_order_handler_ttime, user_type
  </sql>
  <select id="selectByPrimaryKey" resultMap="BaseResultMap" parameterType="java.lang.Integer" >
    select
    <include refid="Base_Column_List" />
    from lineloss_work_order
    where id = #{id,jdbcType=INTEGER}
  </select>
  <delete id="deleteByPrimaryKey" parameterType="java.lang.Integer" >
    delete from lineloss_work_order
    where id = #{id,jdbcType=INTEGER}
  </delete>

  <insert id="insertSelective" parameterType="org.dfzt.entity.po.LinelossWorkOrder" >
    insert into lineloss_work_order
    <trim prefix="(" suffix=")" suffixOverrides="," >
      <if test="id != null" >
        id,
      </if>
      <if test="workOrderNo != null" >
        work_order_no,
      </if>
      <if test="tgManager != null" >
        tg_manager,
      </if>
      <if test="tgId != null" >
        tg_id,
      </if>
      <if test="tgName != null" >
        tg_name,
      </if>
      <if test="tgCap != null" >
        tg_cap,
      </if>
      <if test="statDate != null" >
        stat_date,
      </if>
      <if test="ppq != null" >
        ppq,
      </if>
      <if test="tgSpq != null" >
        tg_spq,
      </if>
      <if test="lossPq != null" >
        loss_pq,
      </if>
      <if test="linelossRate != null" >
        lineloss_rate,
      </if>
      <if test="meterAssetNo != null" >
        meter_asset_no,
      </if>
      <if test="wiringMode != null" >
        wiring_mode,
      </if>
      <if test="tFactor != null" >
        t_factor,
      </if>
      <if test="papE != null" >
        pap_e,
      </if>
      <if test="rapE != null" >
        rap_e,
      </if>
      <if test="eventType != null" >
        event_type,
      </if>
      <if test="comQuesNum != null" >
        com_ques_num,
      </if>
      <if test="elestealNum != null" >
        elesteal_num,
      </if>
      <if test="zeroFireNum != null" >
        zero_fire_num,
      </if>
      <if test="currentNobalNum != null" >
        current_nobal_num,
      </if>
      <if test="platOverloadNum != null" >
        plat_overload_num,
      </if>
      <if test="userOverloadNum != null" >
        user_overload_num,
      </if>
      <if test="workOrderCycle != null" >
        work_order_cycle,
      </if>
      <if test="workOrderStatus != null" >
        work_order_status,
      </if>
      <if test="workOrderCreator != null" >
        work_order_creator,
      </if>
      <if test="workOrderCtime != null" >
        work_order_ctime,
      </if>
      <if test="workOrderUtime != null" >
        work_order_utime,
      </if>
      <if test="workOrderStime != null" >
        work_order_stime,
      </if>
      <if test="workOrderFtime != null" >
        work_order_ftime,
      </if>
      <if test="handler != null" >
        handler,
      </if>
      <if test="handlerRtime != null" >
        handler_rtime,
      </if>
      <if test="hworkOrderHandler != null" >
        hwork_order_handler,
      </if>
      <if test="hworkOrderHandlerRtime != null" >
        hwork_order_handler_rtime,
      </if>
      <if test="hworkOrderHandlerTtime != null" >
        hwork_order_handler_ttime,
      </if>
      <if test="userType != null" >
        user_type,
      </if>
    </trim>
    <trim prefix="values (" suffix=")" suffixOverrides="," >
      <if test="id != null" >
        #{id,jdbcType=INTEGER},
      </if>
      <if test="workOrderNo != null" >
        #{workOrderNo,jdbcType=VARCHAR},
      </if>
      <if test="tgManager != null" >
        #{tgManager,jdbcType=VARCHAR},
      </if>
      <if test="tgId != null" >
        #{tgId,jdbcType=VARCHAR},
      </if>
      <if test="tgName != null" >
        #{tgName,jdbcType=VARCHAR},
      </if>
      <if test="tgCap != null" >
        #{tgCap,jdbcType=INTEGER},
      </if>
      <if test="statDate != null" >
        #{statDate,jdbcType=TIMESTAMP},
      </if>
      <if test="ppq != null" >
        #{ppq,jdbcType=DECIMAL},
      </if>
      <if test="tgSpq != null" >
        #{tgSpq,jdbcType=DECIMAL},
      </if>
      <if test="lossPq != null" >
        #{lossPq,jdbcType=DECIMAL},
      </if>
      <if test="linelossRate != null" >
        #{linelossRate,jdbcType=DECIMAL},
      </if>
      <if test="meterAssetNo != null" >
        #{meterAssetNo,jdbcType=VARCHAR},
      </if>
      <if test="wiringMode != null" >
        #{wiringMode,jdbcType=VARCHAR},
      </if>
      <if test="tFactor != null" >
        #{tFactor,jdbcType=DECIMAL},
      </if>
      <if test="papE != null" >
        #{papE,jdbcType=DECIMAL},
      </if>
      <if test="rapE != null" >
        #{rapE,jdbcType=DECIMAL},
      </if>
      <if test="eventType != null" >
        #{eventType,jdbcType=VARCHAR},
      </if>
      <if test="comQuesNum != null" >
        #{comQuesNum,jdbcType=INTEGER},
      </if>
      <if test="elestealNum != null" >
        #{elestealNum,jdbcType=INTEGER},
      </if>
      <if test="zeroFireNum != null" >
        #{zeroFireNum,jdbcType=INTEGER},
      </if>
      <if test="currentNobalNum != null" >
        #{currentNobalNum,jdbcType=INTEGER},
      </if>
      <if test="platOverloadNum != null" >
        #{platOverloadNum,jdbcType=INTEGER},
      </if>
      <if test="userOverloadNum != null" >
        #{userOverloadNum,jdbcType=INTEGER},
      </if>
      <if test="workOrderCycle != null" >
        #{workOrderCycle,jdbcType=VARCHAR},
      </if>
      <if test="workOrderStatus != null" >
        #{workOrderStatus,jdbcType=VARCHAR},
      </if>
      <if test="workOrderCreator != null" >
        #{workOrderCreator,jdbcType=VARCHAR},
      </if>
      <if test="workOrderCtime != null" >
        #{workOrderCtime,jdbcType=TIMESTAMP},
      </if>
      <if test="workOrderUtime != null" >
        #{workOrderUtime,jdbcType=VARCHAR},
      </if>
      <if test="workOrderStime != null" >
        #{workOrderStime,jdbcType=TIMESTAMP},
      </if>
      <if test="workOrderFtime != null" >
        #{workOrderFtime,jdbcType=TIMESTAMP},
      </if>
      <if test="handler != null" >
        #{handler,jdbcType=VARCHAR},
      </if>
      <if test="handlerRtime != null" >
        #{handlerRtime,jdbcType=TIMESTAMP},
      </if>
      <if test="hworkOrderHandler != null" >
        #{hworkOrderHandler,jdbcType=VARCHAR},
      </if>
      <if test="hworkOrderHandlerRtime != null" >
        #{hworkOrderHandlerRtime,jdbcType=TIMESTAMP},
      </if>
      <if test="hworkOrderHandlerTtime != null" >
        #{hworkOrderHandlerTtime,jdbcType=TIMESTAMP},
      </if>
      <if test="userType != null" >
        #{userType,jdbcType=VARCHAR},
      </if>
    </trim>
  </insert>

  <select id="selectAllLine" resultType="org.dfzt.entity.po.LinelossWorkOrder">
    select * from lineloss_work_order
  </select>

  <update id="updateTypeNum">
    update lineloss_work_order set
    com_ques_num = #{comQuesNum,jdbcType=INTEGER},
      elesteal_num = #{elestealNum,jdbcType=INTEGER},
      zero_fire_num = #{zeroFireNum,jdbcType=INTEGER},
      current_nobal_num = #{currentNobalNum,jdbcType=INTEGER},
      plat_overload_num = #{platOverloadNum,jdbcType=INTEGER},
      user_overload_num = #{userOverloadNum,jdbcType=INTEGER}
      where tg_id = #{tgId,jdbcType=VARCHAR}
  </update>

  <select id="selectOne" resultType="org.dfzt.entity.po.LinelossWorkOrder">
    select * from lineloss_work_order where tg_id = #{tgId,jdbcType=VARCHAR}
  </select>

  <update id="updateWoStatus2">
    update lineloss_work_order set work_order_status='2' where tg_id = #{tgId}
  </update>

  <update id="updateWoStatus3">
    update lineloss_work_order set work_order_status='3' where work_order_no = #{workOrderNo}
  </update>

  <select id="selectAllLine1" resultType="org.dfzt.entity.po.LinelossWorkOrder">
    select * from lineloss_work_order
  </select>

  <select id="selectRole" resultType="java.lang.String">
    select user_role from sys_user where login_name=#{username}
  </select>

  <select id="selectList1" parameterType="org.dfzt.entity.po.LinelossWorkOrder" resultType="org.dfzt.entity.po.LinelossWorkOrder">
    select * from lineloss_work_order where 1=1
    <if test="l.workOrderNo != null" >
      and work_order_no like concat('%',#{l.workOrderNo},'%')
    </if>
    <if test="l.tgManager != null" >
      and tg_manager like concat('%',#{l.tgManager},'%')
    </if>
    <if test="l.tgName != null" >
      and tg_name like concat('%',#{l.tgName},'%')
    </if>
    <if test="l.tgId != null" >
      and tg_id like concat('%',#{l.tgId},'%')
    </if>
    <if test="orgName != null" >
      and org_name like concat('%',#{orgName},'%')
    </if>
    <if test="l.workOrderCtime != null" >
      and work_order_ctime like concat('%',#{l.workOrderCtime},'%')
    </if>
    <if test="status != null" >
      and work_order_status in (${status})
    </if>
    order by work_order_ctime desc
    limit #{pageNo},#{pageSize}
  </select>

  <select id="selectList3" parameterType="org.dfzt.entity.po.LinelossWorkOrder" resultType="org.dfzt.entity.po.LinelossWorkOrder">
    select * from lineloss_work_order where work_order_cycle = '2'
    <if test="workOrderNo != null" >
      and work_order_no like concat('%',#{workOrderNo},'%')
    </if>
    <if test="tgManager != null" >
      and tg_manager like concat('%',#{tgManager},'%')
    </if>
    <if test="tgName != null" >
      and tg_name like concat('%',#{tgName},'%')
    </if>
    <if test="tgId != null" >
      and tg_id like concat('%',#{tgId},'%')
    </if>
    <if test="orgName != null" >
      and org_name like concat('%',#{orgName},'%')
    </if>
    <if test="l.workOrderCtime != null" >
      and work_order_ctime like concat('%',#{l.workOrderCtime},'%')
    </if>
    <if test="status != null" >
      and work_order_status in (${status})
    </if>
    order by work_order_ctime desc
    limit #{pageNo},#{pageSize}
  </select>

  <select id="selectList2" resultType="org.dfzt.entity.po.LinelossWorkOrder">
    select * from lineloss_work_order where work_order_status=#{workOrderStatus}
    <if test="one !=null">
      and concat(`work_order_no`,`tg_manager`,`tg_name`,`tg_id`,`work_order_status`) like concat('%',#{one},'%')
    </if>
    <if test="readNames != null and readNames.size() > 0">
      and tg_manager in
      <foreach item="item" collection="readNames" separator="," open="(" close=")" index="">
        #{item}
      </foreach>
    </if>
    order by work_order_ctime desc
    limit #{pageNo},#{pageSize}
  </select>
<!--  where work_order_cycle='2'-->
  <select id="selectList4" resultType="org.dfzt.entity.po.LinelossWorkOrder">
    select * from lineloss_work_order where 1=1
    <if test="one !=null">
      and concat(`work_order_no`,`tg_manager`,`tg_name`,`tg_id`,`work_order_status`) like concat('%',#{one},'%')
    </if>
    and work_order_status in (${workOrderStatus})
    or tg_manager=#{username}
    order by work_order_ctime desc
    limit #{pageNo},${pageSize}
  </select>

  <update id="updateWoStatus4">
    update lineloss_work_order set work_order_status='4' where tg_id = #{tgId}
  </update>

  <insert id="insertlilossSynana" parameterType="org.dfzt.entity.po.LinelossSynana" useGeneratedKeys="true" keyProperty="id">
    insert into lineloss_synana
    <trim prefix="(" suffix=")" suffixOverrides=",">
      <if test="id != null"> id, </if>
      <if test="upOrgName != null"> up_org_name, </if>
      <if test="orgName != null"> org_name, </if>
      <if test="tgName != null"> tg_name, </if>
      <if test="tgNo != null"> tg_no, </if>
      <if test="tgCap != null"> tg_cap, </if>
      <if test="chkunitName != null"> chkunit_name, </if>
      <if test="dataDate != null"> data_date, </if>
      <if test="ppq != null"> ppq, </if>
      <if test="tgSpq != null"> tg_spq, </if>
      <if test="spq != null"> spq, </if>
      <if test="lossPq != null"> loss_pq, </if>
      <if test="linelossRate != null"> lineloss_rate, </if>
      <if test="llIdxUp != null"> ll_idx_up, </if>
      <if test="llIdxLow != null"> ll_idx_low, </if>
      <if test="differValue != null"> differ_value, </if>
      <if test="starTg != null"> star_tg, </if>
      <if test="readSuccCnt != null"> read_succ_cnt, </if>
      <if test="readSuccRate != null"> read_succ_rate, </if>
      <if test="instRate != null"> inst_rate, </if>
      <if test="pfFlag != null"> pf_flag, </if>
      <if test="linelossTheory != null"> lineloss_theory, </if>
      <if test="uRate != null"> u_rate, </if>
      <if test="iRate != null"> i_rate, </if>
      <if test="loadRate != null"> load_rate, </if>
      <if test="factoryCode != null"> factory_code, </if>
      <if test="chargePerson != null"> charge_person, </if>
      <if test="composeSign != null"> compose_sign, </if>
      <if test="ppqRepair != null"> ppq_repair, </if>
      <if test="spqRepair != null"> spq_repair, </if>
      <if test="tgLabel != null"> tg_label, </if>
      <if test="synchroUserName != null"> synchro_user_name, </if>
      <if test="synchroUserDeptno != null"> synchro_user_deptno, </if>
      <if test="synchroUserTime != null"> synchro_user_time, </if>
      <if test="synchroUserType != null"> synchro_user_type, </if>
    </trim>
    <trim prefix="values (" suffix=")" suffixOverrides=",">
      <if test="id != null"> #{id,jdbcType=INTEGER}, </if>
      <if test="upOrgName != null"> #{upOrgName,jdbcType=VARCHAR}, </if>
      <if test="orgName != null"> #{orgName,jdbcType=VARCHAR}, </if>
      <if test="tgName != null"> #{tgName,jdbcType=VARCHAR}, </if>
      <if test="tgNo != null"> #{tgNo,jdbcType=VARCHAR}, </if>
      <if test="tgCap != null"> #{tgCap,jdbcType=INTEGER}, </if>
      <if test="chkunitName != null"> #{chkunitName,jdbcType=VARCHAR}, </if>
      <if test="dataDate != null"> #{dataDate,jdbcType=TIMESTAMP}, </if>
      <if test="ppq != null"> #{ppq,jdbcType=DECIMAL}, </if>
      <if test="tgSpq != null"> #{tgSpq,jdbcType=DECIMAL}, </if>
      <if test="spq != null"> #{spq,jdbcType=DECIMAL}, </if>
      <if test="lossPq != null"> #{lossPq,jdbcType=DECIMAL}, </if>
      <if test="linelossRate != null"> #{linelossRate,jdbcType=DECIMAL}, </if>
      <if test="llIdxUp != null"> #{llIdxUp,jdbcType=DECIMAL}, </if>
      <if test="llIdxLow != null"> #{llIdxLow,jdbcType=DECIMAL}, </if>
      <if test="differValue != null"> #{differValue,jdbcType=DECIMAL}, </if>
      <if test="starTg != null"> #{starTg,jdbcType=DECIMAL}, </if>
      <if test="readSuccCnt != null"> #{readSuccCnt,jdbcType=DECIMAL}, </if>
      <if test="readSuccRate != null"> #{readSuccRate,jdbcType=DECIMAL}, </if>
      <if test="instRate != null"> #{instRate,jdbcType=DECIMAL}, </if>
      <if test="pfFlag != null"> #{pfFlag,jdbcType=DECIMAL}, </if>
      <if test="linelossTheory != null"> #{linelossTheory,jdbcType=DECIMAL}, </if>
      <if test="uRate != null"> #{uRate,jdbcType=DECIMAL}, </if>
      <if test="iRate != null"> #{iRate,jdbcType=DECIMAL}, </if>
      <if test="loadRate != null"> #{loadRate,jdbcType=DECIMAL}, </if>
      <if test="factoryCode != null"> #{factoryCode,jdbcType=VARCHAR}, </if>
      <if test="chargePerson != null"> #{chargePerson,jdbcType=VARCHAR}, </if>
      <if test="composeSign != null"> #{composeSign,jdbcType=VARCHAR}, </if>
      <if test="ppqRepair != null"> #{ppqRepair,jdbcType=DECIMAL}, </if>
      <if test="spqRepair != null"> #{spqRepair,jdbcType=DECIMAL}, </if>
      <if test="tgLabel != null"> #{tgLabel,jdbcType=VARCHAR}, </if>
      <if test="synchroUserName != null"> #{synchroUserName,jdbcType=VARCHAR}, </if>
      <if test="synchroUserDeptno != null"> #{synchroUserDeptno,jdbcType=VARCHAR}, </if>
      <if test="synchroUserTime != null"> #{synchroUserTime,jdbcType=TIMESTAMP}, </if>
      <if test="synchroUserType != null"> #{synchroUserType,jdbcType=VARCHAR}, </if>
    </trim>
  </insert>

  <select id="selectConCap" resultType="java.math.BigDecimal">
    select run_cap from c_cons where cons_no=#{consNo}
  </select>

  <select id="selectLinelossStatus" resultType="java.lang.String">
    select tg_id from lineloss_work_order where work_order_ctime like concat(#{yesdtime},'%')
  </select>

  <select id="selectWorkCycle" resultType="java.lang.String">
    select work_order_cycle from lineloss_work_order where tg_id=#{tgNo} and work_order_ctime like concat(#{yesdtime},'%')
  </select>

  <update id="updateworkCycle">
    update lineloss_work_order set work_order_cycle=#{workOrderCycle} where tg_id=#{tgNo} and work_order_ctime like concat(#{today},'%')
  </update>

  <select id="selectYesdayLineWo" resultType="java.lang.String">
    select tg_id from lineloss_work_order where work_order_ctime like concat(#{ymd},'%')
  </select>

  <update id="updateLineloss">
    update lineloss_work_order set work_order_status='4' where tg_id=#{tgNo} and work_order_ctime like concat(#{ymd},'%')
  </update>
</mapper>