<?xml version="1.0" encoding="UTF-8"?>
<!DOCTYPE mapper PUBLIC "-//mybatis.org//DTD Mapper 3.0//EN" "http://mybatis.org/dtd/mybatis-3-mapper.dtd">
<mapper namespace="org.dfzt.mapper.MeterWorkOrderMapper">

    <resultMap type="org.dfzt.entity.po.MeterWorkOrder" id="MeterWorkOrderMap">
        <result property="id" column="id" jdbcType="INTEGER"/>
        <result property="workOrderNo" column="work_order_no" jdbcType="VARCHAR"/>
        <result property="tgManager" column="tg_manager" jdbcType="VARCHAR"/>
        <result property="tgId" column="tg_id" jdbcType="VARCHAR"/>
        <result property="tgName" column="tg_name" jdbcType="VARCHAR"/>
        <result property="orgName" column="org_name" jdbcType="VARCHAR"/>
        <result property="consName" column="cons_name" jdbcType="VARCHAR"/>
        <result property="consNo" column="cons_no" jdbcType="VARCHAR"/>
        <result property="consAddr" column="cons_addr" jdbcType="VARCHAR"/>
        <result property="mobile" column="mobile" jdbcType="VARCHAR"/>
        <result property="assetNo" column="asset_no" jdbcType="VARCHAR"/>
        <result property="factoryCode" column="factory_code" jdbcType="VARCHAR"/>
        <result property="elecmeterFactory" column="elecmeter_factory" jdbcType="VARCHAR"/>
        <result property="terminalFactory" column="terminal_factory" jdbcType="VARCHAR"/>
        <result property="eventType" column="event_type" jdbcType="VARCHAR"/>
        <result property="workOrderStatus" column="work_order_status" jdbcType="VARCHAR"/>
        <result property="workOrderCreator" column="work_order_creator" jdbcType="VARCHAR"/>
        <result property="workOrderCtime" column="work_order_ctime" jdbcType="TIMESTAMP"/>
        <result property="workOrderUtime" column="work_order_utime" jdbcType="VARCHAR"/>
        <result property="workOrderStime" column="work_order_stime" jdbcType="TIMESTAMP"/>
        <result property="workOrderFtime" column="work_order_ftime" jdbcType="TIMESTAMP"/>
        <result property="workOrderCycle" column="work_order_cycle" jdbcType="INTEGER"/>
        <result property="handler" column="handler" jdbcType="VARCHAR"/>
        <result property="handlerRtime" column="handler_rtime" jdbcType="TIMESTAMP"/>
        <result property="hworkOrderHandler" column="hwork_order_handler" jdbcType="VARCHAR"/>
        <result property="hworkOrderHandlerRtime" column="hwork_order_handler_rtime" jdbcType="TIMESTAMP"/>
        <result property="hworkOrderHandlerTtime" column="hwork_order_handler_ttime" jdbcType="TIMESTAMP"/>
    </resultMap>

    <!-- 批量插入 -->
    <insert id="insertBatch" keyProperty="id" useGeneratedKeys="true">
        insert into dfzt_boot.meter_work_order(work_order_no, area_manager_desk, platform_id, platform_name,
        power_supply_unit, user_name, user_code, user_add, user_phone, elecmeter_asset_num, elecmeter_code,
        elecmeter_factory, terminal_factory, event_type, work_order_status, work_order_creator, work_order_ctime,
        work_order_utime, work_order_stime, work_order_ftime, work_order_cycle, handler, handler_rtime,
        hwork_order_handler, hwork_order_handler_rtime, hwork_order_handler_ttime)
        values
        <foreach collection="entities" item="entity" separator=",">
            (#{entity.workOrderNo}, #{entity.areaManagerDesk}, #{entity.platformId}, #{entity.platformName},
            #{entity.powerSupplyUnit}, #{entity.userName}, #{entity.userCode}, #{entity.userAdd}, #{entity.userPhone},
            #{entity.elecmeterAssetNum}, #{entity.elecmeterCode}, #{entity.elecmeterFactory}, #{entity.terminalFactory},
            #{entity.eventType}, #{entity.workOrderStatus}, #{entity.workOrderCreator}, #{entity.workOrderCtime},
            #{entity.workOrderUtime}, #{entity.workOrderStime}, #{entity.workOrderFtime}, #{entity.workOrderCycle},
            #{entity.handler}, #{entity.handlerRtime}, #{entity.hworkOrderHandler}, #{entity.hworkOrderHandlerRtime},
            #{entity.hworkOrderHandlerTtime})
        </foreach>
    </insert>
    <!-- 批量插入或按主键更新 -->
    <insert id="insertOrUpdateBatch" keyProperty="id" useGeneratedKeys="true">
        insert into dfzt_boot.meter_work_order(work_order_no, area_manager_desk, platform_id, platform_name,
        power_supply_unit, user_name, user_code, user_add, user_phone, elecmeter_asset_num, elecmeter_code,
        elecmeter_factory, terminal_factory, event_type, work_order_status, work_order_creator, work_order_ctime,
        work_order_utime, work_order_stime, work_order_ftime, work_order_cycle, handler, handler_rtime,
        hwork_order_handler, hwork_order_handler_rtime, hwork_order_handler_ttime)
        values
        <foreach collection="entities" item="entity" separator=",">
            (#{entity.workOrderNo}, #{entity.areaManagerDesk}, #{entity.platformId}, #{entity.platformName},
            #{entity.powerSupplyUnit}, #{entity.userName}, #{entity.userCode}, #{entity.userAdd}, #{entity.userPhone},
            #{entity.elecmeterAssetNum}, #{entity.elecmeterCode}, #{entity.elecmeterFactory}, #{entity.terminalFactory},
            #{entity.eventType}, #{entity.workOrderStatus}, #{entity.workOrderCreator}, #{entity.workOrderCtime},
            #{entity.workOrderUtime}, #{entity.workOrderStime}, #{entity.workOrderFtime}, #{entity.workOrderCycle},
            #{entity.handler}, #{entity.handlerRtime}, #{entity.hworkOrderHandler}, #{entity.hworkOrderHandlerRtime},
            #{entity.hworkOrderHandlerTtime})
        </foreach>
        on duplicate key update
        work_order_no = values(work_order_no) , area_manager_desk = values(area_manager_desk) , platform_id =
        values(platform_id) , platform_name = values(platform_name) , power_supply_unit = values(power_supply_unit) ,
        user_name = values(user_name) , user_code = values(user_code) , user_add = values(user_add) , user_phone =
        values(user_phone) , elecmeter_asset_num = values(elecmeter_asset_num) , elecmeter_code = values(elecmeter_code)
        , elecmeter_factory = values(elecmeter_factory) , terminal_factory = values(terminal_factory) , event_type =
        values(event_type) , work_order_status = values(work_order_status) , work_order_creator =
        values(work_order_creator) , work_order_ctime = values(work_order_ctime) , work_order_utime =
        values(work_order_utime) , work_order_stime = values(work_order_stime) , work_order_ftime =
        values(work_order_ftime) , work_order_cycle = values(work_order_cycle) , handler = values(handler) ,
        handler_rtime = values(handler_rtime) , hwork_order_handler = values(hwork_order_handler) ,
        hwork_order_handler_rtime = values(hwork_order_handler_rtime) , hwork_order_handler_ttime =
        values(hwork_order_handler_ttime)
    </insert>
    <insert id="insertSelective" parameterType="org.dfzt.entity.po.MeterWorkOrder" >
        insert into meter_work_order
        <trim prefix="(" suffix=")" suffixOverrides="," >
            <if test="id != null" >
                id,
            </if>
            <if test="workOrderNo != null" >
                work_order_no,
            </if>
            <if test="tgManager != null" >
                tg_manager,
            </if>
            <if test="tgId != null" >
                tg_id,
            </if>
            <if test="tgName != null" >
                tg_name,
            </if>
            <if test="orgName != null" >
                org_name,
            </if>
            <if test="consName != null" >
                cons_name,
            </if>
            <if test="consNo != null" >
                cons_no,
            </if>
            <if test="consAddr != null" >
                cons_addr,
            </if>
            <if test="mobile != null" >
                mobile,
            </if>
            <if test="AssetNo != null" >
                asset_no,
            </if>
            <if test="factoryCode != null" >
                factory_code,
            </if>
            <if test="elecmeterFactory != null" >
                elecmeter_factory,
            </if>
            <if test="terminalFactory != null" >
                terminal_factory,
            </if>
            <if test="eventType != null" >
                event_type,
            </if>
            <if test="workOrderStatus != null" >
                work_order_status,
            </if>
            <if test="workOrderCreator != null" >
                work_order_creator,
            </if>
            <if test="workOrderCtime != null" >
                work_order_ctime,
            </if>
            <if test="workOrderCtime1 != null" >
                work_order_ctime1,
            </if>
            <if test="workOrderUtime != null" >
                work_order_utime,
            </if>
            <if test="workOrderStime != null" >
                work_order_stime,
            </if>
            <if test="workOrderFtime != null" >
                work_order_ftime,
            </if>
            <if test="workOrderCycle != null" >
                work_order_cycle,
            </if>
            <if test="handler != null" >
                handler,
            </if>
            <if test="handlerRtime != null" >
                handler_rtime,
            </if>
            <if test="hworkOrderHandler != null" >
                hwork_order_handler,
            </if>
            <if test="hworkOrderHandlerRtime != null" >
                hwork_order_handler_rtime,
            </if>
            <if test="hworkOrderHandlerTtime != null" >
                hwork_order_handler_ttime,
            </if>
        </trim>
        <trim prefix="values (" suffix=")" suffixOverrides="," >
            <if test="id != null" >
                #{id,jdbcType=INTEGER},
            </if>
            <if test="workOrderNo != null" >
                #{workOrderNo,jdbcType=VARCHAR},
            </if>
            <if test="tgManager != null" >
                #{tgManager,jdbcType=VARCHAR},
            </if>
            <if test="tgId != null" >
                #{tgId,jdbcType=VARCHAR},
            </if>
            <if test="tgName != null" >
                #{tgName,jdbcType=VARCHAR},
            </if>
            <if test="orgName != null" >
                #{orgName,jdbcType=VARCHAR},
            </if>
            <if test="consName != null" >
                #{consName,jdbcType=VARCHAR},
            </if>
            <if test="consNo != null" >
                #{consNo,jdbcType=VARCHAR},
            </if>
            <if test="consAddr != null" >
                #{consAddr,jdbcType=VARCHAR},
            </if>
            <if test="mobile != null" >
                #{mobile,jdbcType=VARCHAR},
            </if>
            <if test="AssetNo != null" >
                #{AssetNo,jdbcType=VARCHAR},
            </if>
            <if test="factoryCode != null" >
                #{factoryCode,jdbcType=VARCHAR},
            </if>
            <if test="elecmeterFactory != null" >
                #{elecmeterFactory,jdbcType=VARCHAR},
            </if>
            <if test="terminalFactory != null" >
                #{terminalFactory,jdbcType=VARCHAR},
            </if>
            <if test="eventType != null" >
                #{eventType,jdbcType=VARCHAR},
            </if>
            <if test="workOrderStatus != null" >
                #{workOrderStatus,jdbcType=VARCHAR},
            </if>
            <if test="workOrderCreator != null" >
                #{workOrderCreator,jdbcType=VARCHAR},
            </if>
            <if test="workOrderCtime != null" >
                #{workOrderCtime,jdbcType=VARCHAR},
            </if>
            <if test="workOrderCtime1 != null" >
                #{workOrderCtime1,jdbcType=TIMESTAMP},
            </if>
            <if test="workOrderUtime != null" >
                #{workOrderUtime,jdbcType=VARCHAR},
            </if>
            <if test="workOrderStime != null" >
                #{workOrderStime,jdbcType=TIMESTAMP},
            </if>
            <if test="workOrderFtime != null" >
                #{workOrderFtime,jdbcType=TIMESTAMP},
            </if>
            <if test="workOrderCycle != null" >
                #{workOrderCycle,jdbcType=INTEGER},
            </if>
            <if test="handler != null" >
                #{handler,jdbcType=VARCHAR},
            </if>
            <if test="handlerRtime != null" >
                #{handlerRtime,jdbcType=TIMESTAMP},
            </if>
            <if test="hworkOrderHandler != null" >
                #{hworkOrderHandler,jdbcType=VARCHAR},
            </if>
            <if test="hworkOrderHandlerRtime != null" >
                #{hworkOrderHandlerRtime,jdbcType=TIMESTAMP},
            </if>
            <if test="hworkOrderHandlerTtime != null" >
                #{hworkOrderHandlerTtime,jdbcType=TIMESTAMP},
            </if>
        </trim>
    </insert>
    <select id="findAll" resultType="org.dfzt.entity.po.CollectInformation">
        select * from collect_informa
    </select>

    <update id="updateWorkOrderStu2">
        update meter_work_order
        set work_order_status1 = '2'
        where work_order_no = #{workOrderNo}
    </update>

    <update id="updateWorkOrderStu3">
        update meter_work_order
        set work_order_status1 = '3'
        where work_order_no = #{workOrderNo}
    </update>

    <update id="updateWorkOrderStu1">
        update meter_work_order
        set work_order_status1 = '1'
        where work_order_no = #{workOrderNo}
    </update>

    <update id="updateWorkOrderCyc2">
        update meter_work_order
        set work_order_cycle = #{workOrderCycle}
        where work_order_no = #{workOrderNo}
    </update>

    <update id="updateWorkOrderStu4">
        update meter_work_order
        set work_order_status1 = '4'
        where work_order_no = #{workOrderNo}
    </update>

    <select id="selectOne" resultType="org.dfzt.entity.po.MeterWorkOrder">
        select * from meter_work_order where work_order_no = #{workOrderNo}
    </select>

    <select id="selectByUsercode" resultType="org.dfzt.entity.po.CollectInformation">
        select * from collect_informa where cons_no=#{consNo}
    </select>

    <select id="selectByUsercode1" resultType="org.dfzt.entity.po.CollectInformation">
        select * from collect_informa where cons_no=#{consNo} and stat_date like concat(#{tertime},'%')
    </select>

    <select id="selectExcelList" resultType="org.dfzt.entity.po.MeterWorkOrder">
        select * from meter_work_order where 1=1
        <if test="m.workOrderNo != null" >
            and work_order_no like concat('%',#{m.workOrderNo},'%')
        </if>
        <if test="m.consName != null" >
            and cons_name like concat('%',#{m.consName},'%')
        </if>
        <if test="orgName != null" >
            and org_name like concat('%',#{orgName},'%')
        </if>
        <if test="status != null">
            and work_order_status in (${status})
        </if>
    </select>
</mapper>

