<?xml version="1.0" encoding="UTF-8"?>
<!DOCTYPE mapper PUBLIC "-//mybatis.org//DTD Mapper 3.0//EN" "http://mybatis.org/dtd/mybatis-3-mapper.dtd">
<mapper namespace="org.dfzt.mapper.MeterCurrentVoltageMapper">

    <resultMap type="org.dfzt.entity.po.MeterCurrentVoltage" id="MeterCurrentVoltageMap">
        <result property="id" column="id" jdbcType="INTEGER"/>
        <result property="supplyUnit" column="supply_unit" jdbcType="VARCHAR"/>
        <result property="userCode" column="user_code" jdbcType="INTEGER"/>
        <result property="userName" column="user_name" jdbcType="VARCHAR"/>
        <result property="elecmeterAssetNum" column="elecmeter_asset_num" jdbcType="VARCHAR"/>
        <result property="elecmeterFactory" column="elecmeter_factory" jdbcType="VARCHAR"/>
        <result property="terminalFactory" column="terminal_factory" jdbcType="VARCHAR"/>
        <result property="platformId" column="platform_id" jdbcType="INTEGER"/>
        <result property="platformName" column="platform_name" jdbcType="VARCHAR"/>
        <result property="meterReadDate" column="meter_read_date" jdbcType="TIMESTAMP"/>
        <result property="dataSources" column="data_sources" jdbcType="VARCHAR"/>
        <result property="compMag" column="comp_mag" jdbcType="INTEGER"/>
        <result property="phaseSequence" column="phase_sequence" jdbcType="VARCHAR"/>
        <result property="point" column="point" jdbcType="INTEGER"/>
        <result property="pointZero" column="point_zero" jdbcType="DECIMAL"/>
        <result property="pointZeroFif" column="point_zero_fif" jdbcType="DECIMAL"/>
        <result property="pointZeroThir" column="point_zero_thir" jdbcType="DECIMAL"/>
        <result property="pointZeroForfive" column="point_zero_forfive" jdbcType="DECIMAL"/>
        <result property="pointOne" column="point_one" jdbcType="DECIMAL"/>
        <result property="pointOneFif" column="point_one_fif" jdbcType="DECIMAL"/>
        <result property="pointOneThir" column="point_one_thir" jdbcType="DECIMAL"/>
        <result property="pointOneForfive" column="point_one_forfive" jdbcType="DECIMAL"/>
        <result property="pointTwo" column="point_two" jdbcType="DECIMAL"/>
        <result property="pointTwoFif" column="point_two_fif" jdbcType="DECIMAL"/>
        <result property="pointTwoThir" column="point_two_thir" jdbcType="DECIMAL"/>
        <result property="pointTwoForfive" column="point_two_forfive" jdbcType="DECIMAL"/>
        <result property="pointThr" column="point_thr" jdbcType="DECIMAL"/>
        <result property="pointThrFif" column="point_thr_fif" jdbcType="DECIMAL"/>
        <result property="pointThrThir" column="point_thr_thir" jdbcType="DECIMAL"/>
        <result property="pointThrForfive" column="point_thr_forfive" jdbcType="DECIMAL"/>
        <result property="pointFour" column="point_four" jdbcType="DECIMAL"/>
        <result property="pointFourFif" column="point_four_fif" jdbcType="DECIMAL"/>
        <result property="pointFourThir" column="point_four_thir" jdbcType="DECIMAL"/>
        <result property="pointFourForfive" column="point_four_forfive" jdbcType="DECIMAL"/>
        <result property="pointFive" column="point_five" jdbcType="DECIMAL"/>
        <result property="pointFiveFif" column="point_five_fif" jdbcType="DECIMAL"/>
        <result property="pointFiveThir" column="point_five_thir" jdbcType="DECIMAL"/>
        <result property="pointFiveForfive" column="point_five_forfive" jdbcType="DECIMAL"/>
        <result property="pointSix" column="point_six" jdbcType="DECIMAL"/>
        <result property="pointSixFif" column="point_six_fif" jdbcType="DECIMAL"/>
        <result property="pointSixThir" column="point_six_thir" jdbcType="DECIMAL"/>
        <result property="pointSixForfive" column="point_six_forfive" jdbcType="DECIMAL"/>
        <result property="pointSen" column="point_sen" jdbcType="DECIMAL"/>
        <result property="pointSenFif" column="point_sen_fif" jdbcType="DECIMAL"/>
        <result property="pointSenThir" column="point_sen_thir" jdbcType="DECIMAL"/>
        <result property="pointSenForfive" column="point_sen_forfive" jdbcType="NUMERIC"/>
        <result property="pointEig" column="point_eig" jdbcType="NUMERIC"/>
        <result property="pointEigFif" column="point_eig_fif" jdbcType="NUMERIC"/>
        <result property="pointEigThir" column="point_eig_thir" jdbcType="NUMERIC"/>
        <result property="pointEigForfive" column="point_eig_forfive" jdbcType="NUMERIC"/>
        <result property="pointNine" column="point_nine" jdbcType="NUMERIC"/>
        <result property="pointNineFif" column="point_nine_fif" jdbcType="NUMERIC"/>
        <result property="pointNineThir" column="point_nine_thir" jdbcType="NUMERIC"/>
        <result property="pointNineForfive" column="point_nine_forfive" jdbcType="DECIMAL"/>
        <result property="pointTen" column="point_ten" jdbcType="DECIMAL"/>
        <result property="pointTenFif" column="point_ten_fif" jdbcType="DECIMAL"/>
        <result property="pointTenThir" column="point_ten_thir" jdbcType="DECIMAL"/>
        <result property="pointTenForfive" column="point_ten_forfive" jdbcType="DECIMAL"/>
        <result property="pointEle" column="point_ele" jdbcType="DECIMAL"/>
        <result property="pointEleFif" column="point_ele_fif" jdbcType="DECIMAL"/>
        <result property="pointEleThir" column="point_ele_thir" jdbcType="DECIMAL"/>
        <result property="pointEleForfive" column="point_ele_forfive" jdbcType="DECIMAL"/>
        <result property="pointTwe" column="point_twe" jdbcType="DECIMAL"/>
        <result property="pointTweFif" column="point_twe_fif" jdbcType="DECIMAL"/>
        <result property="pointTweThir" column="point_twe_thir" jdbcType="DECIMAL"/>
        <result property="pointTweForfive" column="point_twe_forfive" jdbcType="DECIMAL"/>
        <result property="pointThirtn" column="point_thirtn" jdbcType="DECIMAL"/>
        <result property="pointThirtnFif" column="point_thirtn_fif" jdbcType="DECIMAL"/>
        <result property="pointThirtnThir" column="point_thirtn_thir" jdbcType="DECIMAL"/>
        <result property="pointThirtnForfive" column="point_thirtn_forfive" jdbcType="DECIMAL"/>
        <result property="pointFourtn" column="point_fourtn" jdbcType="DECIMAL"/>
        <result property="pointFourtnFif" column="point_fourtn_fif" jdbcType="DECIMAL"/>
        <result property="pointFourtnThir" column="point_fourtn_thir" jdbcType="DECIMAL"/>
        <result property="pointFourtnForfive" column="point_fourtn_forfive" jdbcType="DECIMAL"/>
        <result property="pointFiftn" column="point_fiftn" jdbcType="DECIMAL"/>
        <result property="pointFiftnFif" column="point_fiftn_fif" jdbcType="DECIMAL"/>
        <result property="pointFiftnThir" column="point_fiftn_thir" jdbcType="DECIMAL"/>
        <result property="pointFiftnForfive" column="point_fiftn_forfive" jdbcType="DECIMAL"/>
        <result property="pointSixth" column="point_sixth" jdbcType="DECIMAL"/>
        <result property="pointSixthFif" column="point_sixth_fif" jdbcType="DECIMAL"/>
        <result property="pointSixthThir" column="point_sixth_thir" jdbcType="DECIMAL"/>
        <result property="pointSixthForfive" column="point_sixth_forfive" jdbcType="DECIMAL"/>
        <result property="pointSentn" column="point_sentn" jdbcType="DECIMAL"/>
        <result property="pointSentnFif" column="point_sentn_fif" jdbcType="DECIMAL"/>
        <result property="pointSentnThir" column="point_sentn_thir" jdbcType="DECIMAL"/>
        <result property="pointSentnForfive" column="point_sentn_forfive" jdbcType="DECIMAL"/>
        <result property="pointEigtn" column="point_eigtn" jdbcType="DECIMAL"/>
        <result property="pointEigtnFif" column="point_eigtn_fif" jdbcType="DECIMAL"/>
        <result property="pointEigtnThir" column="point_eigtn_thir" jdbcType="DECIMAL"/>
        <result property="pointEigtnForfive" column="point_eigtn_forfive" jdbcType="DECIMAL"/>
        <result property="pointNineth" column="point_nineth" jdbcType="DECIMAL"/>
        <result property="pointNinethFif" column="point_nineth_fif" jdbcType="DECIMAL"/>
        <result property="pointNinethThir" column="point_nineth_thir" jdbcType="DECIMAL"/>
        <result property="pointNinethForfive" column="point_nineth_forfive" jdbcType="DECIMAL"/>
        <result property="pointTwety" column="point_twety" jdbcType="DECIMAL"/>
        <result property="pointTwetyFif" column="point_twety_fif" jdbcType="DECIMAL"/>
        <result property="pointTwetyThir" column="point_twety_thir" jdbcType="DECIMAL"/>
        <result property="pointTwetyForfive" column="point_twety_forfive" jdbcType="DECIMAL"/>
        <result property="pointTwetyone" column="point_twetyone" jdbcType="DECIMAL"/>
        <result property="pointTwetyoneFif" column="point_twetyone_fif" jdbcType="DECIMAL"/>
        <result property="pointTwetyoneThir" column="point_twetyone_thir" jdbcType="DECIMAL"/>
        <result property="pointTwetyoneForfive" column="point_twetyone_forfive" jdbcType="DECIMAL"/>
        <result property="pointTwetytwo" column="point_twetytwo" jdbcType="DECIMAL"/>
        <result property="pointTwetytwoFif" column="point_twetytwo_fif" jdbcType="DECIMAL"/>
        <result property="pointTwetytwoThir" column="point_twetytwo_thir" jdbcType="DECIMAL"/>
        <result property="pointTwetytwoForfive" column="point_twetytwo_forfive" jdbcType="DECIMAL"/>
        <result property="pointTwetythr" column="point_twetythr" jdbcType="DECIMAL"/>
        <result property="pointTwetythrFif" column="point_twetythr_fif" jdbcType="DECIMAL"/>
        <result property="pointTwetythrThir" column="point_twetythr_thir" jdbcType="DECIMAL"/>
        <result property="pointTwetythrForfive" column="point_twetythr_forfive" jdbcType="DECIMAL"/>
        <result property="userAdd" column="user_add" jdbcType="VARCHAR"/>
        <result property="elecmeterAdd" column="elecmeter_add" jdbcType="VARCHAR"/>
        <result property="terminalAdd" column="terminal_add" jdbcType="VARCHAR"/>
        <result property="sendTime" column="send_time" jdbcType="TIMESTAMP"/>
        <result property="measurPnumber" column="measur_pnumber" jdbcType="INTEGER"/>
        <result property="terAssetNo" column="ter_asset_no" jdbcType="VARCHAR"/>
        <result property="type" column="type" jdbcType="VARCHAR"/>
        <result property="userType" column="user_type" jdbcType="VARCHAR"/>
    </resultMap>

    <!-- 批量插入 -->
    <insert id="insertBatch" keyProperty="id" useGeneratedKeys="true">
        insert into dfzt_boot.meter_current_voltage(supply_unit, user_code, user_name, elecmeter_asset_num,
        elecmeter_factory, terminal_factory, platform_id, platform_name, meter_read_date, data_sources, comp_mag,
        phase_sequence, point, point_zero, point_zero_fif, point_zero_thir, point_zero_forfive, point_one,
        point_one_fif, point_one_thir, point_one_forfive, point_two, point_two_fif, point_two_thir, point_two_forfive,
        point_thr, point_thr_fif, point_thr_thir, point_thr_forfive, point_four, point_four_fif, point_four_thir,
        point_four_forfive, point_five, point_five_fif, point_five_thir, point_five_forfive, point_six, point_six_fif,
        point_six_thir, point_six_forfive, point_sen, point_sen_fif, point_sen_thir, point_sen_forfive, point_eig,
        point_eig_fif, point_eig_thir, point_eig_forfive, point_nine, point_nine_fif, point_nine_thir,
        point_nine_forfive, point_ten, point_ten_fif, point_ten_thir, point_ten_forfive, point_ele, point_ele_fif,
        point_ele_thir, point_ele_forfive, point_twe, point_twe_fif, point_twe_thir, point_twe_forfive, point_thirtn,
        point_thirtn_fif, point_thirtn_thir, point_thirtn_forfive, point_fourtn, point_fourtn_fif, point_fourtn_thir,
        point_fourtn_forfive, point_fiftn, point_fiftn_fif, point_fiftn_thir, point_fiftn_forfive, point_sixth,
        point_sixth_fif, point_sixth_thir, point_sixth_forfive, point_sentn, point_sentn_fif, point_sentn_thir,
        point_sentn_forfive, point_eigtn, point_eigtn_fif, point_eigtn_thir, point_eigtn_forfive, point_nineth,
        point_nineth_fif, point_nineth_thir, point_nineth_forfive, point_twety, point_twety_fif, point_twety_thir,
        point_twety_forfive, point_twetyone, point_twetyone_fif, point_twetyone_thir, point_twetyone_forfive,
        point_twetytwo, point_twetytwo_fif, point_twetytwo_thir, point_twetytwo_forfive, point_twetythr,
        point_twetythr_fif, point_twetythr_thir, point_twetythr_forfive, user_add, elecmeter_add, terminal_add,
        send_time, measur_pnumber, ter_asset_no, type, user_type)
        values
        <foreach collection="entities" item="entity" separator=",">
            (#{entity.supplyUnit}, #{entity.userCode}, #{entity.userName}, #{entity.elecmeterAssetNum},
            #{entity.elecmeterFactory}, #{entity.terminalFactory}, #{entity.platformId}, #{entity.platformName},
            #{entity.meterReadDate}, #{entity.dataSources}, #{entity.compMag}, #{entity.phaseSequence}, #{entity.point},
            #{entity.pointZero}, #{entity.pointZeroFif}, #{entity.pointZeroThir}, #{entity.pointZeroForfive},
            #{entity.pointOne}, #{entity.pointOneFif}, #{entity.pointOneThir}, #{entity.pointOneForfive},
            #{entity.pointTwo}, #{entity.pointTwoFif}, #{entity.pointTwoThir}, #{entity.pointTwoForfive},
            #{entity.pointThr}, #{entity.pointThrFif}, #{entity.pointThrThir}, #{entity.pointThrForfive},
            #{entity.pointFour}, #{entity.pointFourFif}, #{entity.pointFourThir}, #{entity.pointFourForfive},
            #{entity.pointFive}, #{entity.pointFiveFif}, #{entity.pointFiveThir}, #{entity.pointFiveForfive},
            #{entity.pointSix}, #{entity.pointSixFif}, #{entity.pointSixThir}, #{entity.pointSixForfive},
            #{entity.pointSen}, #{entity.pointSenFif}, #{entity.pointSenThir}, #{entity.pointSenForfive},
            #{entity.pointEig}, #{entity.pointEigFif}, #{entity.pointEigThir}, #{entity.pointEigForfive},
            #{entity.pointNine}, #{entity.pointNineFif}, #{entity.pointNineThir}, #{entity.pointNineForfive},
            #{entity.pointTen}, #{entity.pointTenFif}, #{entity.pointTenThir}, #{entity.pointTenForfive},
            #{entity.pointEle}, #{entity.pointEleFif}, #{entity.pointEleThir}, #{entity.pointEleForfive},
            #{entity.pointTwe}, #{entity.pointTweFif}, #{entity.pointTweThir}, #{entity.pointTweForfive},
            #{entity.pointThirtn}, #{entity.pointThirtnFif}, #{entity.pointThirtnThir}, #{entity.pointThirtnForfive},
            #{entity.pointFourtn}, #{entity.pointFourtnFif}, #{entity.pointFourtnThir}, #{entity.pointFourtnForfive},
            #{entity.pointFiftn}, #{entity.pointFiftnFif}, #{entity.pointFiftnThir}, #{entity.pointFiftnForfive},
            #{entity.pointSixth}, #{entity.pointSixthFif}, #{entity.pointSixthThir}, #{entity.pointSixthForfive},
            #{entity.pointSentn}, #{entity.pointSentnFif}, #{entity.pointSentnThir}, #{entity.pointSentnForfive},
            #{entity.pointEigtn}, #{entity.pointEigtnFif}, #{entity.pointEigtnThir}, #{entity.pointEigtnForfive},
            #{entity.pointNineth}, #{entity.pointNinethFif}, #{entity.pointNinethThir}, #{entity.pointNinethForfive},
            #{entity.pointTwety}, #{entity.pointTwetyFif}, #{entity.pointTwetyThir}, #{entity.pointTwetyForfive},
            #{entity.pointTwetyone}, #{entity.pointTwetyoneFif}, #{entity.pointTwetyoneThir},
            #{entity.pointTwetyoneForfive}, #{entity.pointTwetytwo}, #{entity.pointTwetytwoFif},
            #{entity.pointTwetytwoThir}, #{entity.pointTwetytwoForfive}, #{entity.pointTwetythr},
            #{entity.pointTwetythrFif}, #{entity.pointTwetythrThir}, #{entity.pointTwetythrForfive}, #{entity.userAdd},
            #{entity.elecmeterAdd}, #{entity.terminalAdd}, #{entity.sendTime}, #{entity.measurPnumber},
            #{entity.terAssetNo}, #{entity.type}, #{entity.userType})
        </foreach>
    </insert>
    <!-- 批量插入或按主键更新 -->
    <insert id="insertOrUpdateBatch" keyProperty="id" useGeneratedKeys="true">
        insert into dfzt_boot.meter_current_voltage(supply_unit, user_code, user_name, elecmeter_asset_num,
        elecmeter_factory, terminal_factory, platform_id, platform_name, meter_read_date, data_sources, comp_mag,
        phase_sequence, point, point_zero, point_zero_fif, point_zero_thir, point_zero_forfive, point_one,
        point_one_fif, point_one_thir, point_one_forfive, point_two, point_two_fif, point_two_thir, point_two_forfive,
        point_thr, point_thr_fif, point_thr_thir, point_thr_forfive, point_four, point_four_fif, point_four_thir,
        point_four_forfive, point_five, point_five_fif, point_five_thir, point_five_forfive, point_six, point_six_fif,
        point_six_thir, point_six_forfive, point_sen, point_sen_fif, point_sen_thir, point_sen_forfive, point_eig,
        point_eig_fif, point_eig_thir, point_eig_forfive, point_nine, point_nine_fif, point_nine_thir,
        point_nine_forfive, point_ten, point_ten_fif, point_ten_thir, point_ten_forfive, point_ele, point_ele_fif,
        point_ele_thir, point_ele_forfive, point_twe, point_twe_fif, point_twe_thir, point_twe_forfive, point_thirtn,
        point_thirtn_fif, point_thirtn_thir, point_thirtn_forfive, point_fourtn, point_fourtn_fif, point_fourtn_thir,
        point_fourtn_forfive, point_fiftn, point_fiftn_fif, point_fiftn_thir, point_fiftn_forfive, point_sixth,
        point_sixth_fif, point_sixth_thir, point_sixth_forfive, point_sentn, point_sentn_fif, point_sentn_thir,
        point_sentn_forfive, point_eigtn, point_eigtn_fif, point_eigtn_thir, point_eigtn_forfive, point_nineth,
        point_nineth_fif, point_nineth_thir, point_nineth_forfive, point_twety, point_twety_fif, point_twety_thir,
        point_twety_forfive, point_twetyone, point_twetyone_fif, point_twetyone_thir, point_twetyone_forfive,
        point_twetytwo, point_twetytwo_fif, point_twetytwo_thir, point_twetytwo_forfive, point_twetythr,
        point_twetythr_fif, point_twetythr_thir, point_twetythr_forfive, user_add, elecmeter_add, terminal_add,
        send_time, measur_pnumber, ter_asset_no, type, user_type)
        values
        <foreach collection="entities" item="entity" separator=",">
            (#{entity.supplyUnit}, #{entity.userCode}, #{entity.userName}, #{entity.elecmeterAssetNum},
            #{entity.elecmeterFactory}, #{entity.terminalFactory}, #{entity.platformId}, #{entity.platformName},
            #{entity.meterReadDate}, #{entity.dataSources}, #{entity.compMag}, #{entity.phaseSequence}, #{entity.point},
            #{entity.pointZero}, #{entity.pointZeroFif}, #{entity.pointZeroThir}, #{entity.pointZeroForfive},
            #{entity.pointOne}, #{entity.pointOneFif}, #{entity.pointOneThir}, #{entity.pointOneForfive},
            #{entity.pointTwo}, #{entity.pointTwoFif}, #{entity.pointTwoThir}, #{entity.pointTwoForfive},
            #{entity.pointThr}, #{entity.pointThrFif}, #{entity.pointThrThir}, #{entity.pointThrForfive},
            #{entity.pointFour}, #{entity.pointFourFif}, #{entity.pointFourThir}, #{entity.pointFourForfive},
            #{entity.pointFive}, #{entity.pointFiveFif}, #{entity.pointFiveThir}, #{entity.pointFiveForfive},
            #{entity.pointSix}, #{entity.pointSixFif}, #{entity.pointSixThir}, #{entity.pointSixForfive},
            #{entity.pointSen}, #{entity.pointSenFif}, #{entity.pointSenThir}, #{entity.pointSenForfive},
            #{entity.pointEig}, #{entity.pointEigFif}, #{entity.pointEigThir}, #{entity.pointEigForfive},
            #{entity.pointNine}, #{entity.pointNineFif}, #{entity.pointNineThir}, #{entity.pointNineForfive},
            #{entity.pointTen}, #{entity.pointTenFif}, #{entity.pointTenThir}, #{entity.pointTenForfive},
            #{entity.pointEle}, #{entity.pointEleFif}, #{entity.pointEleThir}, #{entity.pointEleForfive},
            #{entity.pointTwe}, #{entity.pointTweFif}, #{entity.pointTweThir}, #{entity.pointTweForfive},
            #{entity.pointThirtn}, #{entity.pointThirtnFif}, #{entity.pointThirtnThir}, #{entity.pointThirtnForfive},
            #{entity.pointFourtn}, #{entity.pointFourtnFif}, #{entity.pointFourtnThir}, #{entity.pointFourtnForfive},
            #{entity.pointFiftn}, #{entity.pointFiftnFif}, #{entity.pointFiftnThir}, #{entity.pointFiftnForfive},
            #{entity.pointSixth}, #{entity.pointSixthFif}, #{entity.pointSixthThir}, #{entity.pointSixthForfive},
            #{entity.pointSentn}, #{entity.pointSentnFif}, #{entity.pointSentnThir}, #{entity.pointSentnForfive},
            #{entity.pointEigtn}, #{entity.pointEigtnFif}, #{entity.pointEigtnThir}, #{entity.pointEigtnForfive},
            #{entity.pointNineth}, #{entity.pointNinethFif}, #{entity.pointNinethThir}, #{entity.pointNinethForfive},
            #{entity.pointTwety}, #{entity.pointTwetyFif}, #{entity.pointTwetyThir}, #{entity.pointTwetyForfive},
            #{entity.pointTwetyone}, #{entity.pointTwetyoneFif}, #{entity.pointTwetyoneThir},
            #{entity.pointTwetyoneForfive}, #{entity.pointTwetytwo}, #{entity.pointTwetytwoFif},
            #{entity.pointTwetytwoThir}, #{entity.pointTwetytwoForfive}, #{entity.pointTwetythr},
            #{entity.pointTwetythrFif}, #{entity.pointTwetythrThir}, #{entity.pointTwetythrForfive}, #{entity.userAdd},
            #{entity.elecmeterAdd}, #{entity.terminalAdd}, #{entity.sendTime}, #{entity.measurPnumber},
            #{entity.terAssetNo}, #{entity.type}, #{entity.userType})
        </foreach>
        on duplicate key update
        supply_unit = values(supply_unit) , user_code = values(user_code) , user_name = values(user_name) ,
        elecmeter_asset_num = values(elecmeter_asset_num) , elecmeter_factory = values(elecmeter_factory) ,
        terminal_factory = values(terminal_factory) , platform_id = values(platform_id) , platform_name =
        values(platform_name) , meter_read_date = values(meter_read_date) , data_sources = values(data_sources) ,
        comp_mag = values(comp_mag) , phase_sequence = values(phase_sequence) , point = values(point) , point_zero =
        values(point_zero) , point_zero_fif = values(point_zero_fif) , point_zero_thir = values(point_zero_thir) ,
        point_zero_forfive = values(point_zero_forfive) , point_one = values(point_one) , point_one_fif =
        values(point_one_fif) , point_one_thir = values(point_one_thir) , point_one_forfive = values(point_one_forfive)
        , point_two = values(point_two) , point_two_fif = values(point_two_fif) , point_two_thir =
        values(point_two_thir) , point_two_forfive = values(point_two_forfive) , point_thr = values(point_thr) ,
        point_thr_fif = values(point_thr_fif) , point_thr_thir = values(point_thr_thir) , point_thr_forfive =
        values(point_thr_forfive) , point_four = values(point_four) , point_four_fif = values(point_four_fif) ,
        point_four_thir = values(point_four_thir) , point_four_forfive = values(point_four_forfive) , point_five =
        values(point_five) , point_five_fif = values(point_five_fif) , point_five_thir = values(point_five_thir) ,
        point_five_forfive = values(point_five_forfive) , point_six = values(point_six) , point_six_fif =
        values(point_six_fif) , point_six_thir = values(point_six_thir) , point_six_forfive = values(point_six_forfive)
        , point_sen = values(point_sen) , point_sen_fif = values(point_sen_fif) , point_sen_thir =
        values(point_sen_thir) , point_sen_forfive = values(point_sen_forfive) , point_eig = values(point_eig) ,
        point_eig_fif = values(point_eig_fif) , point_eig_thir = values(point_eig_thir) , point_eig_forfive =
        values(point_eig_forfive) , point_nine = values(point_nine) , point_nine_fif = values(point_nine_fif) ,
        point_nine_thir = values(point_nine_thir) , point_nine_forfive = values(point_nine_forfive) , point_ten =
        values(point_ten) , point_ten_fif = values(point_ten_fif) , point_ten_thir = values(point_ten_thir) ,
        point_ten_forfive = values(point_ten_forfive) , point_ele = values(point_ele) , point_ele_fif =
        values(point_ele_fif) , point_ele_thir = values(point_ele_thir) , point_ele_forfive = values(point_ele_forfive)
        , point_twe = values(point_twe) , point_twe_fif = values(point_twe_fif) , point_twe_thir =
        values(point_twe_thir) , point_twe_forfive = values(point_twe_forfive) , point_thirtn = values(point_thirtn) ,
        point_thirtn_fif = values(point_thirtn_fif) , point_thirtn_thir = values(point_thirtn_thir) ,
        point_thirtn_forfive = values(point_thirtn_forfive) , point_fourtn = values(point_fourtn) , point_fourtn_fif =
        values(point_fourtn_fif) , point_fourtn_thir = values(point_fourtn_thir) , point_fourtn_forfive =
        values(point_fourtn_forfive) , point_fiftn = values(point_fiftn) , point_fiftn_fif = values(point_fiftn_fif) ,
        point_fiftn_thir = values(point_fiftn_thir) , point_fiftn_forfive = values(point_fiftn_forfive) , point_sixth =
        values(point_sixth) , point_sixth_fif = values(point_sixth_fif) , point_sixth_thir = values(point_sixth_thir) ,
        point_sixth_forfive = values(point_sixth_forfive) , point_sentn = values(point_sentn) , point_sentn_fif =
        values(point_sentn_fif) , point_sentn_thir = values(point_sentn_thir) , point_sentn_forfive =
        values(point_sentn_forfive) , point_eigtn = values(point_eigtn) , point_eigtn_fif = values(point_eigtn_fif) ,
        point_eigtn_thir = values(point_eigtn_thir) , point_eigtn_forfive = values(point_eigtn_forfive) , point_nineth =
        values(point_nineth) , point_nineth_fif = values(point_nineth_fif) , point_nineth_thir =
        values(point_nineth_thir) , point_nineth_forfive = values(point_nineth_forfive) , point_twety =
        values(point_twety) , point_twety_fif = values(point_twety_fif) , point_twety_thir = values(point_twety_thir) ,
        point_twety_forfive = values(point_twety_forfive) , point_twetyone = values(point_twetyone) , point_twetyone_fif
        = values(point_twetyone_fif) , point_twetyone_thir = values(point_twetyone_thir) , point_twetyone_forfive =
        values(point_twetyone_forfive) , point_twetytwo = values(point_twetytwo) , point_twetytwo_fif =
        values(point_twetytwo_fif) , point_twetytwo_thir = values(point_twetytwo_thir) , point_twetytwo_forfive =
        values(point_twetytwo_forfive) , point_twetythr = values(point_twetythr) , point_twetythr_fif =
        values(point_twetythr_fif) , point_twetythr_thir = values(point_twetythr_thir) , point_twetythr_forfive =
        values(point_twetythr_forfive) , user_add = values(user_add) , elecmeter_add = values(elecmeter_add) ,
        terminal_add = values(terminal_add) , send_time = values(send_time) , measur_pnumber = values(measur_pnumber) ,
        ter_asset_no = values(ter_asset_no) , type = values(type) , user_type = values(user_type)
    </insert>


    <select id="selPointMax" resultType="org.dfzt.entity.po.MeterCurrentVoltage">
        SELECT MAX(maxs) AS Voltage
        FROM(
                SELECT id, MAX(max_data) AS maxs
                FROM (
                         SELECT id, point_zero AS max_data
                         FROM meter_current_voltage
                         UNION SELECT id, point_zero_fif
                         FROM meter_current_voltage
                         UNION SELECT id, point_zero_thir
                         FROM meter_current_voltage
                         UNION SELECT id, point_zero_forfive
                         FROM meter_current_voltage
                         UNION SELECT id, point_one
                         FROM meter_current_voltage
                         UNION SELECT id, point_one_fif
                         FROM meter_current_voltage
                         UNION SELECT id, point_one_thir
                         FROM meter_current_voltage
                         UNION SELECT id, point_one_forfive
                         FROM meter_current_voltage
                         UNION SELECT id, point_two
                         FROM meter_current_voltage
                         UNION SELECT id, point_two_fif
                         FROM meter_current_voltage
                         UNION SELECT id, point_two_thir
                         FROM meter_current_voltage
                         UNION SELECT id, point_two_forfive
                         FROM meter_current_voltage
                         UNION SELECT id, point_thr
                         FROM meter_current_voltage
                         UNION SELECT id, point_thr_fif
                         FROM meter_current_voltage
                         UNION SELECT id, point_thr_thir
                         FROM meter_current_voltage
                         UNION SELECT id, point_thr_forfive
                         FROM meter_current_voltage
                         UNION SELECT id, point_four
                         FROM meter_current_voltage
                         UNION SELECT id, point_four_fif
                         FROM meter_current_voltage
                         UNION SELECT id, point_four_thir
                         FROM meter_current_voltage
                         UNION SELECT id, point_four_forfive
                         FROM meter_current_voltage
                         UNION SELECT id, point_five
                         FROM meter_current_voltage
                         UNION SELECT id, point_five_fif
                         FROM meter_current_voltage
                         UNION SELECT id, point_five_thir
                         FROM meter_current_voltage
                         UNION SELECT id, point_five_forfive
                         FROM meter_current_voltage
                         UNION SELECT id, point_six
                         FROM meter_current_voltage
                         UNION SELECT id, point_six_fif
                         FROM meter_current_voltage
                         UNION SELECT id, point_six_thir
                         FROM meter_current_voltage
                         UNION SELECT id, point_six_forfive
                         FROM meter_current_voltage
                         UNION SELECT id, point_sen
                         FROM meter_current_voltage
                         UNION SELECT id, point_sen_fif
                         FROM meter_current_voltage
                         UNION SELECT id, point_sen_thir
                         FROM meter_current_voltage
                         UNION SELECT id, point_sen_forfive
                         FROM meter_current_voltage
                         UNION SELECT id, point_eig
                         FROM meter_current_voltage
                         UNION SELECT id, point_eig_fif
                         FROM meter_current_voltage
                         UNION SELECT id, point_eig_thir
                         FROM meter_current_voltage
                         UNION SELECT id, point_eig_forfive
                         FROM meter_current_voltage
                         UNION SELECT id, point_nine
                         FROM meter_current_voltage
                         UNION SELECT id, point_nine_fif
                         FROM meter_current_voltage
                         UNION SELECT id, point_nine_thir
                         FROM meter_current_voltage
                         UNION SELECT id, point_nine_forfive
                         FROM meter_current_voltage
                         UNION SELECT id, point_ten
                         FROM meter_current_voltage
                         UNION SELECT id, point_ten_fif
                         FROM meter_current_voltage
                         UNION SELECT id, point_ten_thir
                         FROM meter_current_voltage
                         UNION SELECT id, point_ten_forfive
                         FROM meter_current_voltage
                         UNION SELECT id, point_ele
                         FROM meter_current_voltage
                         UNION SELECT id, point_ele_fif
                         FROM meter_current_voltage
                         UNION SELECT id, point_ele_thir
                         FROM meter_current_voltage
                         UNION SELECT id, point_ele_forfive
                         FROM meter_current_voltage
                         UNION SELECT id, point_twe
                         FROM meter_current_voltage
                         UNION SELECT id, point_twe_fif
                         FROM meter_current_voltage
                         UNION SELECT id, point_twe_thir
                         FROM meter_current_voltage
                         UNION SELECT id, point_twe_forfive
                         FROM meter_current_voltage
                         UNION SELECT id, point_thirtn
                         FROM meter_current_voltage
                         UNION SELECT id, point_thirtn_fif
                         FROM meter_current_voltage
                         UNION SELECT id, point_thirtn_thir
                         FROM meter_current_voltage
                         UNION SELECT id, point_thirtn_forfive
                         FROM meter_current_voltage
                         UNION SELECT id, point_fourtn
                         FROM meter_current_voltage
                         UNION SELECT id, point_fourtn_fif
                         FROM meter_current_voltage
                         UNION SELECT id, point_fourtn_thir
                         FROM meter_current_voltage
                         UNION SELECT id, point_fourtn_forfive
                         FROM meter_current_voltage
                         UNION SELECT id, point_fiftn
                         FROM meter_current_voltage
                         UNION SELECT id, point_fiftn_fif
                         FROM meter_current_voltage
                         UNION SELECT id, point_fiftn_thir
                         FROM meter_current_voltage
                         UNION SELECT id, point_fiftn_forfive
                         FROM meter_current_voltage
                         UNION SELECT id, point_sixth
                         FROM meter_current_voltage
                         UNION SELECT id, point_sixth_fif
                         FROM meter_current_voltage
                         UNION SELECT id, point_sixth_thir
                         FROM meter_current_voltage
                         UNION SELECT id, point_sixth_forfive
                         FROM meter_current_voltage
                         UNION SELECT id, point_sentn
                         FROM meter_current_voltage
                         UNION SELECT id, point_sentn_fif
                         FROM meter_current_voltage
                         UNION SELECT id, point_sentn_thir
                         FROM meter_current_voltage
                         UNION SELECT id, point_sentn_forfive
                         FROM meter_current_voltage
                         UNION SELECT id, point_eigtn
                         FROM meter_current_voltage
                         UNION SELECT id, point_eigtn_fif
                         FROM meter_current_voltage
                         UNION SELECT id, point_eigtn_thir
                         FROM meter_current_voltage
                         UNION SELECT id, point_eigtn_forfive
                         FROM meter_current_voltage
                         UNION SELECT id, point_nineth
                         FROM meter_current_voltage
                         UNION SELECT id, point_nineth_fif
                         FROM meter_current_voltage
                         UNION SELECT id, point_nineth_thir
                         FROM meter_current_voltage
                         UNION SELECT id, point_nineth_forfive
                         FROM meter_current_voltage
                         UNION SELECT id, point_twety
                         FROM meter_current_voltage
                         UNION SELECT id, point_twety_fif
                         FROM meter_current_voltage
                         UNION SELECT id, point_twety_thir
                         FROM meter_current_voltage
                         UNION SELECT id, point_twety_forfive
                         FROM meter_current_voltage
                         UNION SELECT id, point_twetyone
                         FROM meter_current_voltage
                         UNION SELECT id, point_twetyone_fif
                         FROM meter_current_voltage
                         UNION SELECT id, point_twetyone_thir
                         FROM meter_current_voltage
                         UNION SELECT id, point_twetyone_forfive
                         FROM meter_current_voltage
                         UNION SELECT id, point_twetytwo
                         FROM meter_current_voltage
                         UNION SELECT id, point_twetytwo_fif
                         FROM meter_current_voltage
                         UNION SELECT id, point_twetytwo_thir
                         FROM meter_current_voltage
                         UNION SELECT id, point_twetytwo_forfive
                         FROM meter_current_voltage
                         UNION SELECT id, point_twetythr
                         FROM meter_current_voltage
                         UNION SELECT id, point_twetythr_fif
                         FROM meter_current_voltage
                         UNION SELECT id, point_twetythr_thir
                         FROM meter_current_voltage
                         UNION SELECT id, point_twetythr_forfive
                         FROM meter_current_voltage
                     ) MaxData
                GROUP BY id
            ) MAX
    </select>

</mapper>

