<?xml version="1.0" encoding="UTF-8"?>
<!DOCTYPE mapper
        PUBLIC "-//mybatis.org//DTD Mapper 3.0//EN"
        "http://mybatis.org/dtd/mybatis-3-mapper.dtd">
<mapper namespace="org.dfzt.mapper.NetmuWorkOrderMapper">

    <resultMap id="BaseResultMap" type="org.dfzt.entity.po.NetmuWorkOrder">
            <id property="id" column="id" jdbcType="INTEGER"/>
            <result property="workOrderNo" column="work_order_no" jdbcType="VARCHAR"/>
            <result property="appNo" column="app_no" jdbcType="VARCHAR"/>
            <result property="consNo" column="cons_no" jdbcType="VARCHAR"/>
            <result property="consName" column="cons_name" jdbcType="VARCHAR"/>
            <result property="tgNo" column="tg_no" jdbcType="VARCHAR"/>
            <result property="tgName" column="tg_name" jdbcType="VARCHAR"/>
            <result property="orgNo" column="org_no" jdbcType="VARCHAR"/>
            <result property="orgName" column="org_name" jdbcType="VARCHAR"/>
            <result property="elecAddr" column="elec_addr" jdbcType="VARCHAR"/>
            <result property="appMode" column="app_mode" jdbcType="VARCHAR"/>
            <result property="appTypeCode" column="app_type_code" jdbcType="VARCHAR"/>
            <result property="handleTime" column="handle_time" jdbcType="TIMESTAMP"/>
            <result property="contactName" column="contact_name" jdbcType="VARCHAR"/>
            <result property="contactMode" column="contact_mode" jdbcType="VARCHAR"/>
            <result property="mobile" column="mobile" jdbcType="VARCHAR"/>
            <result property="newElecAddr" column="new_elec_addr" jdbcType="VARCHAR"/>
            <result property="newContactName" column="new_contact_name" jdbcType="VARCHAR"/>
            <result property="newMobile" column="new_mobile" jdbcType="VARCHAR"/>
            <result property="countStatus" column="count_status" jdbcType="VARCHAR"/>
            <result property="workOrderCtime" column="work_order_ctime" jdbcType="TIMESTAMP"/>
            <result property="workOrderStatus" column="work_order_status" jdbcType="VARCHAR"/>
    </resultMap>

    <sql id="Base_Column_List">
        id,work_order_no,app_no,
        cons_no,cons_name,tg_no,
        tg_name,org_no,org_name,
        elec_addr,app_mode,app_type_code,
        handle_time,contact_name,contact_mode,
        mobile,new_elec_addr,new_contact_name,
        new_mobile,count_status,work_order_ctime,
        work_order_status
    </sql>

    <update id="updateNetmuWorkOrder">
        UPDATE netmu_work_order
        SET work_order_status=#{workOrderStatus},
            new_elec_addr = #{newElecAddr},
            new_contact_name = #{newContactName},
            new_mobile = #{newMobile}
        WHERE (id = #{id})
    </update>
</mapper>
