<?xml version="1.0" encoding="UTF-8"?>
<!DOCTYPE mapper PUBLIC "-//mybatis.org//DTD Mapper 3.0//EN" "http://mybatis.org/dtd/mybatis-3-mapper.dtd">
<mapper namespace="org.dfzt.mapper.OOrgMapper">
  <resultMap id="BaseResultMap" type="org.dfzt.entity.po.OOrg">
    <!--@mbg.generated-->
    <!--@Table o_org-->
    <id column="id" jdbcType="INTEGER" property="id" />
    <id column="org_no" jdbcType="VARCHAR" property="orgNo" />
    <result column="org_name" jdbcType="VARCHAR" property="orgName" />
    <result column="p_org_no" jdbcType="VARCHAR" property="pOrgNo" />
    <result column="org_type" jdbcType="VARCHAR" property="orgType" />
    <result column="sort_no" jdbcType="INTEGER" property="sortNo" />
    <result column="org_shorthand" jdbcType="VARCHAR" property="orgShorthand" />
  </resultMap>
  <sql id="Base_Column_List">
    <!--@mbg.generated-->
    id, org_no, org_name, p_org_no, org_type, sort_no, org_shorthand
  </sql>

  <select id="selectOrg" resultType="org.dfzt.entity.po.OOrg">
    select org_no,org_name,p_org_no from o_org where p_org_no in (select org_no from o_org where p_org_no='15421' and org_no != '1542105')
  </select>

  <insert id="insertOrg">
    insert into o_org
    <trim prefix="(" suffix=")" suffixOverrides="," >
      <if test="id != null" >id,</if>
      <if test="orgNo != null" >org_no,</if>
      <if test="orgName != null" >org_name,</if>
      <if test="pOrgNo != null" >p_org_no,</if>
      <if test="orgType != null" >org_type,</if>
      <if test="sortNo != null" >sort_no,</if>
      <if test="orgShorthand != null" >org_shorthand,</if>
    </trim>
    <trim prefix="values (" suffix=")" suffixOverrides="," >
    <if test="id != null" >#{id,jdbcType=INTEGER},</if>
      <if test="orgNo != null" >#{orgNo,jdbcType=VARCHAR},</if>
      <if test="orgName != null" >#{orgName,jdbcType=VARCHAR},</if>
      <if test="pOrgNo != null" >#{pOrgNo,jdbcType=VARCHAR},</if>
      <if test="orgType != null" >#{orgType,jdbcType=VARCHAR},</if>
      <if test="sortNo != null" >#{sortNo,jdbcType=INTEGER},</if>
      <if test="orgShorthand != null" >#{orgShorthand,jdbcType=VARCHAR},</if>
    </trim>
  </insert>

  <select id="selectByorgno" resultType="java.lang.Integer">
    select count(*) from o_org where org_no=#{orgNo}
  </select>

  <select id="selectPowerInfo" resultType="org.dfzt.entity.po.OOrg">
    select org_no orgNo, org_name orgName from fro_cms_epsa_md.sa_org
    <where>
      org_no in
      <foreach collection="list" item="item" open="(" close=")" separator=",">
        #{item}
      </foreach>
    </where>
  </select>
</mapper>