<?xml version="1.0" encoding="UTF-8"?>
<!DOCTYPE mapper PUBLIC "-//mybatis.org//DTD Mapper 3.0//EN" "http://mybatis.org/dtd/mybatis-3-mapper.dtd">
<mapper namespace="org.dfzt.mapper.OStaffMapper">
  <resultMap id="BaseResultMap" type="org.dfzt.entity.po.OStaff">
    <!--@mbg.generated-->
    <!--@Table o_staff-->
    <id column="id" jdbcType="INTEGER" property="id" />
    <id column="emp_No" jdbcType="VARCHAR" property="empNo" />
    <result column="dept_no" jdbcType="VARCHAR" property="deptNo" />
    <result column="staff_no" jdbcType="VARCHAR" property="staffNo" />
    <result column="name" jdbcType="VARCHAR" property="name" />
    <result column="gender" jdbcType="VARCHAR" property="gender" />
    <result column="photo" jdbcType="BLOB" property="photo" />
    <result column="pos_name" jdbcType="VARCHAR" property="posName" />
    <result column="position" jdbcType="VARCHAR" property="position" />
    <result column="work_type_code" jdbcType="VARCHAR" property="workTypeCode" />
    <result column="tech_level_code" jdbcType="VARCHAR" property="techLevelCode" />
    <result column="ymd" jdbcType="VARCHAR" property="ymd" />
    <result column="degree_code" jdbcType="VARCHAR" property="degreeCode" />
    <result column="mobile" jdbcType="VARCHAR" property="mobile" />
    <result column="office_tel_no" jdbcType="VARCHAR" property="officeTelNo" />
    <result column="srv_level_code" jdbcType="VARCHAR" property="srvLevelCode" />
    <result column="cert_flag" jdbcType="VARCHAR" property="certFlag" />
    <result column="fixed_flag" jdbcType="VARCHAR" property="fixedFlag" />
    <result column="on_pos_flag" jdbcType="VARCHAR" property="onPosFlag" />
    <result column="profession_code" jdbcType="VARCHAR" property="professionCode" />
    <result column="profession_bgn_date" jdbcType="VARCHAR" property="professionBgnDate" />
    <result column="join_date" jdbcType="VARCHAR" property="joinDate" />
    <result column="titel" jdbcType="VARCHAR" property="titel" />
    <result column="political_status_code" jdbcType="VARCHAR" property="politicalStatusCode" />
    <result column="title_level_code" jdbcType="VARCHAR" property="titleLevelCode" />
    <result column="status_code" jdbcType="VARCHAR" property="statusCode" />
    <result column="remark" jdbcType="VARCHAR" property="remark" />
    <result column="categories" jdbcType="VARCHAR" property="categories" />
  </resultMap>
  <sql id="Base_Column_List">
    <!--@mbg.generated-->
    id, emp_on, dept_no, staff_no, `name`, gender, photo, pos_name, `position`, work_type_code, 
    tech_level_code, ymd, degree_code, mobile, office_tel_no, srv_level_code, cert_flag, 
    fixed_flag, on_pos_flag, profession_code, profession_bgn_date, join_date, titel, 
    political_status_code, title_level_code, status_code, remark, categories
  </sql>

  <select id="selectOsList" resultType="org.dfzt.entity.po.OStaff">
    select emp_no,dept_no,staff_no,"name",gender,pos_name,"position",work_type_code,tech_level_code,
    ymd,degree_code,mobile,office_tel_no,srv_level_code,cert_flag,fixed_flag,on_pos_flag, profession_code,
    profession_bgn_date,join_date,titel,political_status_code,title_level_code,status_code, remark, categories
    from o_staff
  </select>


  <insert id="insertOStaff" parameterType="org.dfzt.entity.po.OStaff">
    insert into o_staff
    <trim prefix="(" suffix=")" suffixOverrides=",">
      <if test="id != null"> id, </if>
      <if test="empNo != null"> emp_no, </if>
      <if test="deptNo != null"> dept_no, </if>
      <if test="staffNo != null"> staff_no, </if>
      <if test="name != null"> `name`, </if>
      <if test="gender != null"> gender, </if>
      <if test="posName != null"> pos_name, </if>
      <if test="position != null"> `position`, </if>
      <if test="workTypeCode != null"> work_type_code, </if>
      <if test="techLevelCode != null"> tech_level_code, </if>
      <if test="ymd != null"> ymd, </if>
      <if test="degreeCode != null"> degree_code, </if>
      <if test="mobile != null"> mobile, </if>
      <if test="officeTelNo != null"> office_tel_no, </if>
      <if test="srvLevelCode != null"> srv_level_code, </if>
      <if test="certFlag != null"> cert_flag, </if>
      <if test="fixedFlag != null"> fixed_flag, </if>
      <if test="onPosFlag != null"> on_pos_flag, </if>
      <if test="professionCode != null"> profession_code, </if>
      <if test="professionBgnDate != null"> profession_bgn_date, </if>
      <if test="joinDate != null"> join_date, </if>
      <if test="titel != null"> titel, </if>
      <if test="politicalStatusCode != null"> political_status_code, </if>
      <if test="titleLevelCode != null"> title_level_code, </if>
      <if test="statusCode != null"> status_code, </if>
      <if test="remark != null"> remark, </if>
      <if test="categories != null"> categories, </if>
    </trim>
    <trim prefix="values (" suffix=")" suffixOverrides=",">
      <if test="id != null"> #{id,jdbcType=INTEGER}, </if>
      <if test="empNo != null"> #{empNo,jdbcType=VARCHAR}, </if>
      <if test="deptNo != null"> #{deptNo,jdbcType=VARCHAR}, </if>
      <if test="staffNo != null"> #{staffNo,jdbcType=VARCHAR}, </if>
      <if test="name != null"> #{name,jdbcType=VARCHAR}, </if>
      <if test="gender != null"> #{gender,jdbcType=VARCHAR}, </if>
      <if test="posName != null"> #{posName,jdbcType=VARCHAR}, </if>
      <if test="position != null"> #{position,jdbcType=VARCHAR}, </if>
      <if test="workTypeCode != null"> #{workTypeCode,jdbcType=VARCHAR}, </if>
      <if test="techLevelCode != null"> #{techLevelCode,jdbcType=VARCHAR}, </if>
      <if test="ymd != null"> #{ymd,jdbcType=TIMESTAMP}, </if>
      <if test="degreeCode != null"> #{degreeCode,jdbcType=VARCHAR}, </if>
      <if test="mobile != null"> #{mobile,jdbcType=VARCHAR}, </if>
      <if test="officeTelNo != null"> #{officeTelNo,jdbcType=VARCHAR}, </if>
      <if test="srvLevelCode != null"> #{srvLevelCode,jdbcType=VARCHAR}, </if>
      <if test="certFlag != null"> #{certFlag,jdbcType=VARCHAR}, </if>
      <if test="fixedFlag != null"> #{fixedFlag,jdbcType=VARCHAR}, </if>
      <if test="onPosFlag != null"> #{onPosFlag,jdbcType=VARCHAR}, </if>
      <if test="professionCode != null"> #{professionCode,jdbcType=VARCHAR}, </if>
      <if test="professionBgnDate != null"> #{professionBgnDate,jdbcType=TIMESTAMP}, </if>
      <if test="joinDate != null"> #{joinDate,jdbcType=TIMESTAMP}, </if>
      <if test="titel != null"> #{titel,jdbcType=VARCHAR}, </if>
      <if test="politicalStatusCode != null"> #{politicalStatusCode,jdbcType=VARCHAR}, </if>
      <if test="titleLevelCode != null"> #{titleLevelCode,jdbcType=VARCHAR}, </if>
      <if test="statusCode != null"> #{statusCode,jdbcType=VARCHAR}, </if>
      <if test="remark != null"> #{remark,jdbcType=VARCHAR}, </if>
      <if test="categories != null"> #{categories,jdbcType=VARCHAR}, </if>
    </trim>
  </insert>


</mapper>