<?xml version="1.0" encoding="UTF-8"?>
<!DOCTYPE mapper PUBLIC "-//mybatis.org//DTD Mapper 3.0//EN" "http://mybatis.org/dtd/mybatis-3-mapper.dtd">
<mapper namespace="org.dfzt.mapper.OverhaulInforMapper">

    <!-- 通用查询映射结果 -->
    <resultMap id="BaseResultMap" type="org.dfzt.entity.vo.OverhaulInfor">
        <id column="id" property="id" />
        <result column="consume_material" property="consumeMaterial" />
        <result column="handle_photo" property="handlePhoto" />
        <result column="work_photo" property="workPhoto" />
        <result column="monitor_photo" property="monitorPhoto" />
        <result column="safe_photo" property="safePhoto" />
        <result column="agree_start_photo" property="agreeStartPhoto" />
        <result column="defect_photo" property="defectPhoto" />
        <result column="safe_dismantle_photo" property="safeDismantlePhoto" />
        <result column="work_order_no" property="workOrderNo" />
    </resultMap>

    <!-- 通用查询结果列 -->
    <sql id="Base_Column_List">
        id, consume_material, handle_photo, work_photo, monitor_photo, safe_photo, agree_start_photo, defect_photo, safe_dismantle_photo,work_order_no
    </sql>

    <insert id="insertOverhaul" parameterType="org.dfzt.entity.vo.OverhaulInfor" >
        insert into overhaul_infor
        <trim prefix="(" suffix=")" suffixOverrides="," >
            <if test="id != null" >
                id,
            </if>
            <if test="consumeMaterial != null" >
                consume_material,
            </if>
            <if test="handlePhoto != null" >
                handle_photo,
            </if>
            <if test="workPhoto != null" >
                work_photo,
            </if>
            <if test="monitorPhoto != null" >
                monitor_photo,
            </if>
            <if test="safePhoto != null" >
                safe_photo,
            </if>
            <if test="agreeStartPhoto != null" >
                agree_start_photo,
            </if>
            <if test="defectPhoto != null" >
                defect_photo,
            </if>
            <if test="safeDismantlePhoto != null" >
                safe_dismantle_photo,
            </if>
            <if test="workOrderNo != null" >
                work_order_no,
            </if>
        </trim>
        <trim prefix="values (" suffix=")" suffixOverrides="," >
            <if test="id != null" >
                #{id,jdbcType=INTEGER},
            </if>
            <if test="consumeMaterial != null" >
                #{consumeMaterial,jdbcType=VARCHAR},
            </if>
            <if test="handlePhoto != null" >
                #{handlePhoto,jdbcType=VARCHAR},
            </if>
            <if test="workPhoto != null" >
                #{workPhoto,jdbcType=VARCHAR},
            </if>
            <if test="monitorPhoto != null" >
                #{monitorPhoto,jdbcType=VARCHAR},
            </if>
            <if test="safePhoto != null" >
                #{safePhoto,jdbcType=VARCHAR},
            </if>
            <if test="agreeStartPhoto != null" >
                #{agreeStartPhoto,jdbcType=VARCHAR},
            </if>
            <if test="defectPhoto != null" >
                #{defectPhoto,jdbcType=VARCHAR},
            </if>
            <if test="safeDismantlePhoto != null" >
                #{safeDismantlePhoto,jdbcType=VARCHAR},
            </if>
            <if test="workOrderNo != null" >
                #{workOrderNo,jdbcType=VARCHAR},
            </if>
        </trim>
    </insert>

    <select id="selectOne" resultType="org.dfzt.entity.vo.OverhaulInfor">
        select * from overhaul_infor where work_order_no=#{workOrderNo}
    </select>
</mapper>
