<?xml version="1.0" encoding="UTF-8"?>
<!DOCTYPE mapper
        PUBLIC "-//mybatis.org//DTD Mapper 3.0//EN"
        "http://mybatis.org/dtd/mybatis-3-mapper.dtd">
<mapper namespace="org.dfzt.mapper.PicmaWorkOrderMapper">

    <resultMap id="BaseResultMap" type="org.dfzt.entity.po.PicmaWorkOrder">
            <id property="id" column="id" jdbcType="INTEGER"/>
            <result property="workOrderNo" column="work_order_no" jdbcType="VARCHAR"/>
            <result property="appNo" column="app_no" jdbcType="VARCHAR"/>
            <result property="newReplaceId" column="new_replace_id" jdbcType="VARCHAR"/>
            <result property="consNo" column="cons_no" jdbcType="VARCHAR"/>
            <result property="consName" column="cons_name" jdbcType="VARCHAR"/>
            <result property="tgNo" column="tg_no" jdbcType="VARCHAR"/>
            <result property="tgName" column="tg_name" jdbcType="VARCHAR"/>
            <result property="orgNo" column="org_no" jdbcType="VARCHAR"/>
            <result property="orgName" column="org_name" jdbcType="VARCHAR"/>
            <result property="appMode" column="app_mode" jdbcType="VARCHAR"/>
            <result property="workOrderCtime" column="work_order_ctime" jdbcType="TIMESTAMP"/>
            <result property="workOrderStatus" column="work_order_status" jdbcType="VARCHAR"/>
    </resultMap>

    <sql id="Base_Column_List">
        id,work_order_no,app_no,
        new_replace_id,cons_no,cons_name,
        tg_no,tg_name,org_no,
        org_name,app_mode,work_order_ctime,
        work_order_status
    </sql>
</mapper>
