<?xml version="1.0" encoding="UTF-8"?>
<!DOCTYPE mapper
        PUBLIC "-//mybatis.org//DTD Mapper 3.0//EN"
        "http://mybatis.org/dtd/mybatis-3-mapper.dtd">
<mapper namespace="org.dfzt.mapper.PreventStealingMapper">

    <resultMap id="BaseResultMap" type="org.dfzt.entity.po.PreventStealing">
        <id property="id" column="id" jdbcType="VARCHAR"/>
        <result property="selectTime" column="select_time" jdbcType="DATE"/>
        <result property="tgName" column="tg_name" jdbcType="VARCHAR"/>
        <result property="queryNo" column="query_no" jdbcType="VARCHAR"/>
        <result property="orgName" column="org_name" jdbcType="VARCHAR"/>
        <result property="consNo" column="cons_no" jdbcType="VARCHAR"/>
        <result property="consName" column="cons_name" jdbcType="VARCHAR"/>
        <result property="consAddr" column="cons_addr" jdbcType="VARCHAR"/>
        <result property="consVoltCode" column="cons_volt_code" jdbcType="VARCHAR"/>
        <result property="violateCode" column="violate_code" jdbcType="VARCHAR"/>
        <result property="violateLong" column="violate_long" jdbcType="VARCHAR"/>
        <result property="violateHour" column="violate_hour" jdbcType="VARCHAR"/>
        <result property="violateCap" column="violate_cap" jdbcType="VARCHAR"/>
        <result property="alarmDesc" column="alarm_desc" jdbcType="VARCHAR"/>
        <result property="vImage" column="v_image" jdbcType="VARCHAR"/>
        <result property="vVideo" column="v_video" jdbcType="VARCHAR"/>
        <result property="handlingAddress" column="handling_address" jdbcType="VARCHAR"/>
        <result property="contactPhone" column="contact_phone" jdbcType="INTEGER"/>
        <result property="userSignature" column="user_signature" jdbcType="VARCHAR"/>
        <result property="checkerName" column="checker_name" jdbcType="VARCHAR"/>
        <result property="checkerNo" column="checker_no" jdbcType="INTEGER"/>
        <result property="isDelete" column="is_delete" jdbcType="INTEGER"/>
        <result property="commitTime" column="commit_time" jdbcType="DATE"/>
    </resultMap>

    <sql id="Base_Column_List">
        id,select_time,tg_name,
        query_no,org_name,cons_no,
        cons_name,cons_addr,cons_volt_code,
        violate_code,violate_long,violate_hour,
        violate_cap,alarm_desc,v_image,
        v_video,handling_address,contact_phone,
        user_signature,checker_name,checker_no,
        is_delete,commit_time
    </sql>

    <!--查询全部未删除-->
    <select id="select" resultMap="BaseResultMap">
        select
        <include refid="Base_Column_List"/>
        from prevent_stealing
        where is_delete=0
    </select>
    <!--查询全部已逻辑删除-->
    <select id="selectNo" resultMap="BaseResultMap">
        select
        <include refid="Base_Column_List"/>
        from prevent_stealing
        where
        is_delete=1


    </select>
    <!--查询全部状态-->
    <select id="selectAllStatus" resultMap="BaseResultMap">
        select
        <include refid="Base_Column_List"/>
        from prevent_stealing where 1=1
        <if test="tgName != null">
            and tg_name like concat('%',#{tgName},'%')
        </if>
        <if test="queryNo != null">
            and query_no like concat('%',#{queryNo},'%')
        </if>
        <if test="orgName != null">
            and org_name like concat('%',#{orgName},'%')
        </if>
        <if test="consNo != null">
            and cons_no like concat('%',#{consNo},'%')
        </if>
        <if test="consName != null">
            and cons_name like concat('%',#{consName},'%')
        </if>
    </select>


</mapper>
