<?xml version="1.0" encoding="UTF-8"?>
<!DOCTYPE mapper PUBLIC "-//mybatis.org//DTD Mapper 3.0//EN" "http://mybatis.org/dtd/mybatis-3-mapper.dtd">
<mapper namespace="org.dfzt.mapper.RCpMapper">

    <resultMap type="org.dfzt.entity.po.RCp" id="RCpMap">
        <result property="id" column="id" jdbcType="INTEGER"/>
        <result property="terminalAddr" column="terminal_addr" jdbcType="VARCHAR"/>
        <result property="terminalTypeCode" column="terminal_type_code" jdbcType="VARCHAR"/>
        <result property="protocolCode" column="protocol_code" jdbcType="VARCHAR"/>
        <result property="factoryCode" column="factory_code" jdbcType="VARCHAR"/>
        <result property="mpNo" column="mp_no" jdbcType="VARCHAR"/>
    </resultMap>

    <!-- 批量插入 -->
    <insert id="insertBatch" keyProperty="id" useGeneratedKeys="true">
        insert into dfzt_boot.r_cp(terminal_addr, terminal_type_code, protocol_code, factory_code, mp_no)
        values
        <foreach collection="entities" item="entity" separator=",">
            (#{entity.terminalAddr}, #{entity.terminalTypeCode}, #{entity.protocolCode}, #{entity.factoryCode},
            #{entity.mpNo})
        </foreach>
    </insert>
    <!-- 批量插入或按主键更新 -->
    <insert id="insertOrUpdateBatch" keyProperty="id" useGeneratedKeys="true">
        insert into dfzt_boot.r_cp(terminal_addr, terminal_type_code, protocol_code, factory_code, mp_no)
        values
        <foreach collection="entities" item="entity" separator=",">
            (#{entity.terminalAddr}, #{entity.terminalTypeCode}, #{entity.protocolCode}, #{entity.factoryCode},
             #{entity.mpNo})
        </foreach>
        on duplicate key update
        terminal_addr = values(terminal_addr) , terminal_type_code = values(terminal_type_code) , protocol_code =
        values(protocol_code) , factory_code = values(factory_code) , mp_no = values(mp_no)
    </insert>

</mapper>

