<?xml version="1.0" encoding="UTF-8"?>
<!DOCTYPE mapper PUBLIC "-//mybatis.org//DTD Mapper 3.0//EN" "http://mybatis.org/dtd/mybatis-3-mapper.dtd">
<mapper namespace="org.dfzt.mapper.RecycleWorkOrderMapper">

    <resultMap type="org.dfzt.entity.vo.RecycleWorkOrder" id="RecycleWorkOrderMap">
        <result property="workOrderNo" column="work_order_no" jdbcType="VARCHAR"/>
        <result property="tgManager" column="tg_manager" jdbcType="VARCHAR"/>
        <result property="tgId" column="tg_id" jdbcType="VARCHAR"/>
        <result property="tgName" column="tg_name" jdbcType="VARCHAR"/>
        <result property="orgNo" column="org_no" jdbcType="VARCHAR"/>
        <result property="consName" column="cons_name" jdbcType="VARCHAR"/>
        <result property="consNo" column="cons_no" jdbcType="VARCHAR"/>
        <result property="elecAddr" column="elec_addr" jdbcType="VARCHAR"/>
        <result property="mobile" column="mobile" jdbcType="VARCHAR"/>
        <result property="elecTypeCode" column="elec_type_code" jdbcType="VARCHAR"/>
        <result property="oweAmt" column="owe_amt" jdbcType="NUMERIC"/>
        <result property="rcvblPenalty" column="rcvbl_penalty" jdbcType="NUMERIC"/>
        <result property="differenceEarnings" column="difference_earnings" jdbcType="NUMERIC"/>
        <result property="deviationAssess" column="deviation_assess" jdbcType="NUMERIC"/>
        <result property="workOrderStatus" column="work_order_status" jdbcType="VARCHAR"/>
        <!--<result property="workOrderCreator" column="work_order_creator" jdbcType="VARCHAR"/>
        <result property="workorderTime" column="workorder_time" jdbcType="TIMESTAMP"/>
        <result property="workOrderUtime" column="work_order_utime" jdbcType="VARCHAR"/>
        <result property="workOrderStime" column="work_order_stime" jdbcType="TIMESTAMP"/>
        <result property="workOrderFtime" column="work_order_ftime" jdbcType="TIMESTAMP"/>
        <result property="handler" column="handler" jdbcType="VARCHAR"/>
        <result property="handlerRtime" column="handler_rtime" jdbcType="TIMESTAMP"/>-->
        <result property="workOrderCycle" column="work_order_cycle" jdbcType="INTEGER"/>
    </resultMap>

    <!-- 批量插入 -->
    <insert id="insertBatch" keyProperty="workOrderId" useGeneratedKeys="true">
        insert into dfzt.recycle_work_order(tg_manager, tg_id, tg_name, org_no, cons_name, cons_no, elec_addr, mobile,
        elec_type_code, owe_amt, rcvbl_penalty, difference_earnings, deviation_assess, work_order_status,
        work_order_creator, workorder_time, work_order_utime, work_order_stime, work_order_ftime, handler,
        handler_rtime, work_order_cycle,work_order_des)
        values
        <foreach collection="entities" item="entity" separator=",">
            (#{entity.tgManager}, #{entity.tgId}, #{entity.tgName}, #{entity.orgNo}, #{entity.consName},
            #{entity.consNo}, #{entity.elecAddr}, #{entity.mobile}, #{entity.elecTypeCode}, #{entity.oweAmt},
            #{entity.rcvblPenalty}, #{entity.differenceEarnings}, #{entity.deviationAssess}, #{entity.workOrderStatus},
            #{entity.workOrderCreator}, #{entity.workorderTime}, #{entity.workOrderUtime}, #{entity.workOrderStime},
            #{entity.workOrderFtime}, #{entity.handler}, #{entity.handlerRtime}, #{entity.workOrderCycle},#{entity.workOrderDes})
        </foreach>
    </insert>
    <!-- 批量插入或按主键更新 -->
    <insert id="insertOrUpdateBatch" keyProperty="workOrderId" useGeneratedKeys="true">
        insert into dfzt.recycle_work_order(tg_manager, tg_id, tg_name, org_no, cons_name, cons_no, elec_addr, mobile,
        elec_type_code, owe_amt, rcvbl_penalty, difference_earnings, deviation_assess, work_order_status,
        work_order_creator, workorder_time, work_order_utime, work_order_stime, work_order_ftime, handler,
        handler_rtime, work_order_cycle,work_order_des)
        values
        <foreach collection="entities" item="entity" separator=",">
            (#{entity.tgManager}, #{entity.tgId}, #{entity.tgName}, #{entity.orgNo}, #{entity.consName},
            #{entity.consNo}, #{entity.elecAddr}, #{entity.mobile}, #{entity.elecTypeCode}, #{entity.oweAmt},
            #{entity.rcvblPenalty}, #{entity.differenceEarnings}, #{entity.deviationAssess}, #{entity.workOrderStatus},
            #{entity.workOrderCreator}, #{entity.workorderTime}, #{entity.workOrderUtime}, #{entity.workOrderStime},
            #{entity.workOrderFtime}, #{entity.handler}, #{entity.handlerRtime}, #{entity.workOrderCycle},#{entity.workOrderDes})
        </foreach>
        on duplicate key update
        tg_manager = values(tg_manager) , tg_id = values(tg_id) , tg_name = values(tg_name) , org_no = values(org_no) ,
        cons_name = values(cons_name) , cons_no = values(cons_no) , elec_addr = values(elec_addr) , mobile =
        values(mobile) , elec_type_code = values(elec_type_code) , owe_amt = values(owe_amt) , rcvbl_penalty =
        values(rcvbl_penalty) , difference_earnings = values(difference_earnings) , deviation_assess =
        values(deviation_assess) , work_order_status = values(work_order_status) , work_order_creator =
        values(work_order_creator) , workorder_time = values(workorder_time) , work_order_utime =
        values(work_order_utime) , work_order_stime = values(work_order_stime) , work_order_ftime =
        values(work_order_ftime) , handler = values(handler) , handler_rtime = values(handler_rtime) , work_order_cycle
        = values(work_order_cycle),work_order_des = values(work_order_des)
    </insert>

    <update id="updateRecycleWorkOrder" parameterType="map">
        update recycle_work_order
        <trim prefix="set" suffixOverrides=",">
            <if test="workOrderStatus != null and workOrderStatus != ''">
                work_order_status = #{workOrderStatus}
            </if>
        </trim>
        where work_order_no = #{workOrderNo}
    </update>

    <select id="selectRecycleWordOrderId" parameterType="string" resultType="org.dfzt.entity.vo.RecycleWorkOrder">
        select work_order_no, tg_manager, tg_id, tg_name, org_no, cons_name, cons_no, elec_addr, mobile, elec_type_code,
               owe_amt, rcvbl_penalty, difference_earnings, deviation_assess, work_order_status, work_order_cycle,work_order_des
        from recycle_work_order
        where work_order_no = #{workOrderNo}
    </select>



    <insert id="insertSelective" parameterType="org.dfzt.entity.po.RecycleWorkOrder" >
        insert into recycle_work_order
        <trim prefix="(" suffix=")" suffixOverrides="," >
            <if test="id !=null">
                id,
            </if>
            <if test="rcvblAmtId !=null">
                rcvbl_amt_id,
            </if>
            <if test="workOrderNo != null" >
                work_order_no,
            </if>
            <if test="tgManager != null" >
                tg_manager,
            </if>
            <if test="tgId != null" >
                tg_id,
            </if>
            <if test="tgName != null" >
                tg_name,
            </if>
            <if test="orgNo != null" >
                org_no,
            </if>
            <if test="orgName != null" >
                org_name,
            </if>
            <if test="consName != null" >
                cons_name,
            </if>
            <if test="consNo != null" >
                cons_no,
            </if>
            <if test="elecAddr != null" >
                elec_addr,
            </if>
            <if test="mobile != null" >
                mobile,
            </if>
            <if test="elecTypeCode != null" >
                elec_type_code,
            </if>
            <if test="oweAmt != null" >
                owe_amt,
            </if>
            <if test="rcvedAmt != null" >
                rcved_amt,
            </if>
            <if test="rcvblAmt != null" >
                rcvbl_amt,
            </if>
            <if test="rcvedPenalty != null" >
                rcved_penalty,
            </if>
            <if test="rcvblPenalty != null" >
                rcvbl_penalty,
            </if>
            <if test="differenceEarnings != null" >
                difference_earnings,
            </if>
            <if test="deviationAssess != null" >
                deviation_assess,
            </if>
            <if test="workOrderStatus != null" >
                work_order_status,
            </if>
            <if test="workOrderCreator != null" >
                work_order_creator,
            </if>
            <if test="workOrderTime != null" >
                work_order_time,
            </if>
            <if test="workOrderCtime1 != null" >
                work_order_ctime1,
            </if>
            <if test="workOrderUtime != null" >
                work_order_utime,
            </if>
            <if test="workOrderStime != null" >
                work_order_stime,
            </if>
            <if test="workOrderFtime != null" >
                work_order_ftime,
            </if>
            <if test="handler != null" >
                handler,
            </if>
            <if test="handlerRtime != null" >
                handler_rtime,
            </if>
            <if test="workOrderCycle != null" >
                work_order_cycle,
            </if>
            <if test="workOrderDes != null" >
                work_order_des,
            </if>
            <if test="rcvblYm != null" >
                rcvbl_ym,
            </if>
        </trim>
        <trim prefix="values (" suffix=")" suffixOverrides="," >
            <if test="id !=null">
                #{id,jdbcType=INTEGER},
            </if>
            <if test="rcvblAmtId !=null">
                #{rcvblAmtId,jdbcType=DECIMAL},
            </if>
            <if test="workOrderNo != null" >
                #{workOrderNo,jdbcType=VARCHAR},
            </if>
            <if test="tgManager != null" >
                #{tgManager,jdbcType=VARCHAR},
            </if>
            <if test="tgId != null" >
                #{tgId,jdbcType=VARCHAR},
            </if>
            <if test="tgName != null" >
                #{tgName,jdbcType=VARCHAR},
            </if>
            <if test="orgNo != null" >
                #{orgNo,jdbcType=VARCHAR},
            </if>
            <if test="orgName != null" >
                #{orgName,jdbcType=VARCHAR},
            </if>
            <if test="consName != null" >
                #{consName,jdbcType=VARCHAR},
            </if>
            <if test="consNo != null" >
                #{consNo,jdbcType=VARCHAR},
            </if>
            <if test="elecAddr != null" >
                #{elecAddr,jdbcType=VARCHAR},
            </if>
            <if test="mobile != null" >
                #{mobile,jdbcType=VARCHAR},
            </if>
            <if test="elecTypeCode != null" >
                #{elecTypeCode,jdbcType=VARCHAR},
            </if>
            <if test="oweAmt != null" >
                #{oweAmt,jdbcType=DECIMAL},
            </if>
            <if test="rcvedAmt != null" >
                #{rcvedAmt,jdbcType=DECIMAL},
            </if>
            <if test="rcvblAmt != null" >
                #{rcvblAmt,jdbcType=DECIMAL},
            </if>
            <if test="rcvedPenalty != null" >
                #{rcvedPenalty,jdbcType=DECIMAL},
            </if>
            <if test="rcvblPenalty != null" >
                #{rcvblPenalty,jdbcType=DECIMAL},
            </if>
            <if test="differenceEarnings != null" >
                #{differenceEarnings,jdbcType=DECIMAL},
            </if>
            <if test="deviationAssess != null" >
                #{deviationAssess,jdbcType=DECIMAL},
            </if>
            <if test="workOrderStatus != null" >
                #{workOrderStatus,jdbcType=VARCHAR},
            </if>
            <if test="workOrderCreator != null" >
                #{workOrderCreator,jdbcType=VARCHAR},
            </if>
            <if test="workOrderTime != null" >
                #{workOrderTime,jdbcType=TIMESTAMP},
            </if>
            <if test="workOrderCtime1 != null" >
                #{workOrderCtime1,jdbcType=VARCHAR},
            </if>
            <if test="workOrderUtime != null" >
                #{workOrderUtime,jdbcType=VARCHAR},
            </if>
            <if test="workOrderStime != null" >
                #{workOrderStime,jdbcType=TIMESTAMP},
            </if>
            <if test="workOrderFtime != null" >
                #{workOrderFtime,jdbcType=TIMESTAMP},
            </if>
            <if test="handler != null" >
                #{handler,jdbcType=VARCHAR},
            </if>
            <if test="handlerRtime != null" >
                #{handlerRtime,jdbcType=TIMESTAMP},
            </if>
            <if test="workOrderCycle != null" >
                #{workOrderCycle,jdbcType=INTEGER},
            </if>
            <if test="workOrderDes != null" >
                #{workOrderDes,jdbcType=INTEGER},
            </if>
            <if test="rcvblYm != null" >
                #{rcvblYm,jdbcType=INTEGER},
            </if>
        </trim>
    </insert>


    <select id="selectByNoSta4" resultType="org.dfzt.entity.vo.RecycleWorkOrder">
        select * from recycle_work_order
        where DATE_FORMAT(work_order_time,'%Y%m')=DATE_FORMAT(CURDATE(),'%Y%m')
        and work_order_status != 4
    </select>

    <update id="updateCycle1">
        update recycle_work_order set work_order_cycle=1 where work_order_no = #{workorderNo}
    </update>

    <update id="updateCycle2">
        update recycle_work_order set work_order_cycle=2 where work_order_no = #{workorderNo}
    </update>

    <update id="updateDes">
        update recycle_work_order set work_order_des=#{workOrderDes} where work_order_no = #{workorderNo}
    </update>

    <update id="updateStatus2">
        update recycle_work_order set work_order_status = '2', where work_order_no = #{workorderNo}
    </update>

    <update id="updateStatus3">
        update recycle_work_order set work_order_status = '3',work_order_stime=now() where work_order_no = #{workorderNo}
    </update>

    <update id="updateStatus4">
        update recycle_work_order set work_order_status = '4',work_order_ftime=now() where work_order_no = #{workorderNo}
    </update>


    <select id="selectWorkOrderList" resultType="org.dfzt.entity.po.SuperiorWorkOrder">
        select a.work_order_no, a.tg_name, a.tg_id, a.org_no,
               a.cons_name, a.cons_no, a.elec_addr, a.mobile, a.elec_type_code, a.rcvbl_penalty, a.owe_amt,
               a.difference_earnings, a.deviation_assess,a.work_order_time
        from recycle_work_order as a
                 join superior_sensitivity b on a.cons_no = b.cons_no
        where b.app_type = 1
    </select>

    <select id="selectRecyclerList" resultType="org.dfzt.entity.po.RecycleWorkOrder">
        select * from recycle_work_order where 1=1
        <if test="r.workOrderNo != null" >
            and work_order_no like concat('%',#{r.workOrderNo},'%')
        </if>
        <if test="r.tgId != null" >
            and tg_id like concat('%',#{r.tgId},'%')
        </if>
        <if test="r.workOrderCtime1 != null" >
            and work_order_ctime1 like concat('%',#{r.workOrderCtime1},'%')
        </if>
        <if test="orgName != null">
            and org_name like concat('%',#{orgName},'%')
        </if>
        <if test="status != null">
            and work_order_status in (${status})
        </if>
        order by work_order_time desc
        limit #{pageNo},#{pageSize}
    </select>


</mapper>

