<?xml version="1.0" encoding="UTF-8"?>
<!DOCTYPE mapper PUBLIC "-//mybatis.org//DTD Mapper 3.0//EN" "http://mybatis.org/dtd/mybatis-3-mapper.dtd">
<mapper namespace="org.dfzt.mapper.RepairsWorkOrderMapper">

    <resultMap type="org.dfzt.entity.po.RepairsWorkOrder" id="RepairsWorkOrderMap">
        <result property="id" column="id" jdbcType="INTEGER"/>
        <result property="workOrderNo" column="work_order_no" jdbcType="VARCHAR"/>
        <result property="orgName" column="org_name" jdbcType="VARCHAR"/>
        <result property="tgManager" column="tg_manager" jdbcType="VARCHAR"/>
        <result property="tgNo" column="tg_no" jdbcType="VARCHAR"/>
        <result property="tgName" column="tg_name" jdbcType="VARCHAR"/>
        <result property="failureEquipment" column="failure_equipment" jdbcType="VARCHAR"/>
        <result property="voltCode" column="volt_code" jdbcType="VARCHAR"/>
        <result property="ratedCurrent" column="rated_current" jdbcType="VARCHAR"/>
        <result property="tgTemperature" column="tg_temperature" jdbcType="VARCHAR"/>
        <result property="failureArea" column="failure_area" jdbcType="VARCHAR"/>
        <result property="errorStatus" column="error_status" jdbcType="VARCHAR"/>
        <result property="repairsType" column="repairs_type" jdbcType="VARCHAR"/>
        <result property="faultDescribe" column="fault_describe" jdbcType="VARCHAR"/>
        <result property="disposeTime" column="dispose_time" jdbcType="DATE"/>
        <result property="disposeResult" column="dispose_result" jdbcType="VARCHAR"/>
        <result property="consumeMaterials" column="consume_materials" jdbcType="VARCHAR"/>
        <result property="location" column="location" jdbcType="VARCHAR"/>
        <result property="faultPoint" column="fault_point" jdbcType="VARCHAR"/>
        <result property="repairList" column="repair_list" jdbcType="VARCHAR"/>
        <result property="monShiftPer" column="mon_shift_per" jdbcType="VARCHAR"/>
        <result property="secuMeas" column="secu_meas" jdbcType="VARCHAR"/>
        <result property="iscompSecuMeas" column="iscomp_secu_meas" jdbcType="VARCHAR"/>
        <result property="afterTrou" column="after_trou" jdbcType="VARCHAR"/>
        <result property="secuMeasRem" column="secu_meas_rem" jdbcType="VARCHAR"/>
        <result property="workOrderStatus" column="work_order_status" jdbcType="VARCHAR"/>
        <result property="workOrderCtime" column="work_order_ctime" jdbcType="DATE"/>
        <result property="appType" column="app_type" jdbcType="VARCHAR"/>

    </resultMap>

    <!-- 批量插入 -->
    <insert id="insertBatch" keyProperty="workOrderNo" useGeneratedKeys="true">
        insert into dfzt.repairs_work_order(tg_manager, tg_no, tg_name, failure_equipment,volt_code,
        rated_current,tg_temperature, failure_area,
        error_status, repairs_type, fault_describe, dispose_time, dispose_result, consume_materials, location,
        fault_point, repair_list, mon_shift_per, secu_meas, iscomp_secu_meas, after_trou, secu_meas_rem,
        work_order_status, work_order_ctime)
        values
        <foreach collection="entities" item="entity" separator=",">
            (#{entity.tgManager}, #{entity.tgNo}, #{entity.tgName}, #{entity.failureEquipment},
            #{entity.voltCode},#{entity.ratedCurrent},#{entity.tgTemperature},#{entity.failureArea},
            #{entity.errorStatus}, #{entity.repairsType}, #{entity.faultDescribe}, #{entity.disposeTime},
            #{entity.disposeResult}, #{entity.consumeMaterials}, #{entity.location}, #{entity.faultPoint},
            #{entity.repairList}, #{entity.monShiftPer}, #{entity.secuMeas}, #{entity.iscompSecuMeas},
            #{entity.afterTrou}, #{entity.secuMeasRem}, #{entity.workOrderStatus}, #{entity.workOrderCtime})
        </foreach>
    </insert>
    <!-- 批量插入或按主键更新 -->
    <insert id="insertOrUpdateBatch" keyProperty="workOrderNo" useGeneratedKeys="true">
        insert into dfzt.repairs_work_order(tg_manager, tg_no, tg_name, failure_equipment,volt_code,
        rated_current,tg_temperature, failure_area,
        error_status, repairs_type, fault_describe, dispose_time, dispose_result, consume_materials, location,
        fault_point, repair_list, mon_shift_per, secu_meas, iscomp_secu_meas, after_trou, secu_meas_rem,
        work_order_status, work_order_ctime,app_type,work_no,city_org_no,city_org_name,org_no,org_name,work_type,
        fault_type,work_status,line_road_name,line_road_no,fault_name,order_id,fault_time)
        values
        <foreach collection="entities" item="entity" separator=",">
            (#{entity.tgManager}, #{entity.tgNo}, #{entity.tgName}, #{entity.failureEquipment},
            #{entity.voltCode},#{entity.ratedCurrent},#{entity.tgTemperature},#{entity.failureArea},
            #{entity.errorStatus}, #{entity.repairsType}, #{entity.faultDescribe}, #{entity.disposeTime},
            #{entity.disposeResult}, #{entity.consumeMaterials}, #{entity.location}, #{entity.faultPoint},
            #{entity.repairList}, #{entity.monShiftPer}, #{entity.secuMeas}, #{entity.iscompSecuMeas},
            #{entity.afterTrou}, #{entity.secuMeasRem}, #{entity.workOrderStatus}, #{entity.workOrderCtime},#{entity.appType},
            ,#{entity.workNo},#{entity.cityOrgNo},#{entity.cityOrgName},#{entity.orgNo},#{entity.orgName},#{entity.workType},
            #{entity.faultType},#{entity.workStatus},#{entity.lineRoadName},#{entity.lineRoadNo},#{entity.faultName},#{entity.orderId},
            #{entity.faultTime})
        </foreach>
        on duplicate key update
        tg_manager = values(tg_manager) , tg_no = values(tg_no) , tg_name = values(tg_name) , failure_equipment =
        values(failure_equipment), volt_code = values(volt_code), rated_current = values(rated_current),
        tg_temperature = values(tg_temperature),failure_area = values(failure_area) , error_status = values(error_status) ,
        repairs_type = values(repairs_type) , fault_describe = values(fault_describe) , dispose_time =
        values(dispose_time) , dispose_result = values(dispose_result) , consume_materials = values(consume_materials) ,
        location = values(location) , fault_point = values(fault_point) , repair_list = values(repair_list) ,
        mon_shift_per = values(mon_shift_per) , secu_meas = values(secu_meas) , iscomp_secu_meas =
        values(iscomp_secu_meas) , after_trou = values(after_trou) , secu_meas_rem = values(secu_meas_rem) ,
        work_order_status = values(work_order_status) , work_order_ctime = values(work_order_ctime),app_type = values(app_type),
        work_no = values(work_no),city_org_no = values(city_org_no),city_org_name = values(city_org_name),org_no = values(org_no),
        org_name = values(org_name),work_type = values(work_type),fault_type = values(fault_type),work_status = values(work_status),
        line_road_name = values(line_road_name),line_road_no = values(line_road_no),fault_name = values(fault_name),order_id = values(order_id),
        fault_time = values(fault_time),
    </insert>

    <update id="updateRepairsWorkOrder" >
        update repairs_work_order
        <trim prefix="set" suffixOverrides=",">
            <if test="faultPoint != null and faultPoint != '' and faultPoint != 'String'">
                fault_point = #{faultPoint},
            </if>
            <if test="repairList != null and repairList != '' and repairList != 'String'">
                repair_list = #{repairList},
            </if>
            <if test="monShiftPer != null and monShiftPer != '' and monShiftPer != 'String'">
                mon_shift_per = #{monShiftPer},
            </if>
            <if test="secuMeas != null and secuMeas != '' and secuMeas != 'String'">
                secu_meas = #{secuMeas},
            </if>
            <if test="iscompSecuMeas != null and iscompSecuMeas != '' and iscompSecuMeas != 'String'">
                iscomp_secu_meas = #{iscompSecuMeas},
            </if>
            <if test="afterTrou != null and afterTrou != '' and afterTrou != 'String'">
                after_trou = #{afterTrou},
            </if>
            <if test="secuMeasRem != null and secuMeasRem != '' and secuMeasRem != 'String'">
                secu_meas_rem = #{secuMeasRem},
            </if>
            <if test="workOrderStatus != null and workOrderStatus != '' and workOrderStatus != 'String'">
                work_order_status = #{workOrderStatus},
            </if>
        </trim>
        where workorder_id = #{workorderId}
    </update>

    <update id="updateRepinfo" >
        update repairs_work_order
        <trim prefix="set" suffixOverrides=",">
            <if test="repairsType != null and repairsType != ''">
                repairs_type = #{repairsType},
            </if>
            <if test="faultDescribe != null and faultDescribe != ''">
                fault_describe = #{faultDescribe},
            </if>
            <if test="disposeTime != null">
                dispose_time = #{disposeTime},
            </if>
            <if test="disposeResult != null and disposeResult != ''">
                dispose_result = #{disposeResult},
            </if>
            <if test="consumeMaterials != null and consumeMaterials != ''">
                consume_materials = #{consumeMaterials},
            </if>
            <if test="location != null and location != ''">
                location = #{location},
            </if>
            <if test="faultPoint != null and faultPoint != ''">
                fault_point = #{faultPoint},
            </if>
            <if test="repairList != null and repairList != ''">
                repair_list = #{repairList},
            </if>
            <if test="monShiftPer != null and monShiftPer != ''">
                mon_shift_per = #{monShiftPer},
            </if>
            <if test="secuMeas != null and secuMeas != ''">
                secu_meas = #{secuMeas},
            </if>
            <if test="iscompSecuMeas != null and iscompSecuMeas != ''">
                iscomp_secu_meas = #{iscompSecuMeas},
            </if>
            <if test="afterTrou != null and afterTrou != ''">
                after_trou = #{afterTrou},
            </if>
            <if test="secuMeasRem != null and secuMeasRem != ''">
                secu_meas_rem = #{secuMeasRem},
            </if>
            <if test="workOrderStatus != null and workOrderStatus != ''">
                work_order_status = #{workOrderStatus},
            </if>
        </trim>
        where work_order_no = #{workOrderNo}
    </update>

    <select id="selectAllYWOapp" resultType="org.dfzt.entity.po.RepairsWorkOrder">
        select * from repairs_work_order
        where app_type='1'
    </select>


    <select id="selectAllYwByids" resultType="org.dfzt.entity.po.RepairsWorkOrder">
        select * from repairs_work_order where work_order_no=#{id}
    </select>

    <select id="selectByOrderNo" resultType="org.dfzt.entity.po.RepairsWorkOrder"
            parameterType="org.dfzt.entity.po.RepairsWorkOrder">
        select * from repairs_work_order
        <where>
            <if test="workOrderNo != null and workOrderNo != ''">
                work_order_no = #{workOrderNo}
            </if>
            <if test="workOrderStatus != null and workOrderStatus != ''">
            and    work_order_status = #{workOrderStatus}
            </if>
        </where>
    </select>
    <select id="selectByNO" resultType="org.dfzt.entity.po.RepairsWorkOrder" parameterType="java.lang.String">
        select fault_point faultPoint,
               repair_list repairList,
               mon_shift_per monShiftPer,
               secu_meas secuMeas,
               iscomp_secu_meas iscompSecuMeas,
               after_trou afterTrou,
               secu_meas_rem secuMeasRem
        from repairs_work_order
        <where>
            <if test="workOrderNo != null and workOrderNo != ''">
                work_order_no = #{workOrderNo}
            </if>
        </where>
    </select>


    <insert id="insertRepairs" parameterType="org.dfzt.entity.po.RepairsWorkOrder">
        insert into repairs_work_order
        <trim prefix="(" suffix=")" suffixOverrides=",">
            <if test="id != null"> id, </if>
            <if test="workOrderNo != null"> work_order_no, </if>
            <if test="tgManager != null"> tg_manager, </if>
            <if test="tgNo != null"> tg_no, </if>
            <if test="tgName != null"> tg_name, </if>
            <if test="failureEquipment != null"> failure_equipment, </if>
            <if test="failureArea != null"> failure_area, </if>
            <if test="errorStatus != null"> error_status, </if>
            <if test="voltCode != null"> volt_code, </if>
            <if test="ratedCurrent != null"> rated_current, </if>
            <if test="tgTemperature != null"> tg_temperature, </if>
            <if test="repairsType != null"> repairs_type, </if>
            <if test="faultDescribe != null"> fault_describe, </if>
            <if test="disposeTime != null"> dispose_time, </if>
            <if test="disposeResult != null"> dispose_result, </if>
            <if test="consumeMaterials != null"> consume_materials, </if>
            <if test="location != null"> location, </if>
            <if test="faultPoint != null"> fault_point, </if>
            <if test="repairList != null"> repair_list, </if>
            <if test="monShiftPer != null"> mon_shift_per, </if>
            <if test="secuMeas != null"> secu_meas, </if>
            <if test="iscompSecuMeas != null"> iscomp_secu_meas, </if>
            <if test="afterTrou != null"> after_trou, </if>
            <if test="secuMeasRem != null"> secu_meas_rem, </if>
            <if test="workOrderStatus != null"> work_order_status, </if>
            <if test="workOrderCtime != null"> work_order_ctime, </if>
            <if test="consNo != null"> cont_no, </if>
            <if test="appType != null"> app_type, </if>
            <if test="handleTime != null"> handle_time, </if>
            <if test="workNo != null"> work_no, </if>
            <if test="cityOrgNo != null"> city_org_no, </if>
            <if test="cityOrgName != null"> city_org_name, </if>
            <if test="orgNo != null"> org_no, </if>
            <if test="orgName != null"> org_name, </if>
            <if test="workType != null"> work_type, </if>
            <if test="faultType != null"> fault_type, </if>
            <if test="workStatus != null"> work_status, </if>
            <if test="lineRoadName != null"> line_road_name, </if>
            <if test="lineRoadNo != null"> line_road_no, </if>
            <if test="faultName != null"> fault_name, </if>
            <if test="orderId != null"> order_id, </if>
            <if test="workOrderCycle != null"> work_order_cycle, </if>
            <if test="faultTime != null"> fault_time, </if>
        </trim>
        <trim prefix="values (" suffix=")" suffixOverrides=",">
            <if test="id != null"> #{id,jdbcType=INTEGER}, </if>
            <if test="workOrderNo != null"> #{workOrderNo,jdbcType=VARCHAR}, </if>
            <if test="tgManager != null"> #{tgManager,jdbcType=VARCHAR}, </if>
            <if test="tgNo != null"> #{tgNo,jdbcType=VARCHAR}, </if>
            <if test="tgName != null"> #{tgName,jdbcType=VARCHAR}, </if>
            <if test="failureEquipment != null"> #{failureEquipment,jdbcType=VARCHAR}, </if>
            <if test="failureArea != null"> #{failureArea,jdbcType=VARCHAR}, </if>
            <if test="errorStatus != null"> #{errorStatus,jdbcType=VARCHAR}, </if>
            <if test="voltCode != null"> #{voltCode,jdbcType=VARCHAR}, </if>
            <if test="ratedCurrent != null"> #{ratedCurrent,jdbcType=VARCHAR}, </if>
            <if test="tgTemperature != null"> #{tgTemperature,jdbcType=VARCHAR}, </if>
            <if test="repairsType != null"> #{repairsType,jdbcType=VARCHAR}, </if>
            <if test="faultDescribe != null"> #{faultDescribe,jdbcType=VARCHAR}, </if>
            <if test="disposeTime != null"> #{disposeTime,jdbcType=TIMESTAMP}, </if>
            <if test="disposeResult != null"> #{disposeResult,jdbcType=VARCHAR}, </if>
            <if test="consumeMaterials != null"> #{consumeMaterials,jdbcType=VARCHAR}, </if>
            <if test="location != null"> #{location,jdbcType=VARCHAR}, </if>
            <if test="faultPoint != null"> #{faultPoint,jdbcType=VARCHAR}, </if>
            <if test="repairList != null"> #{repairList,jdbcType=VARCHAR}, </if>
            <if test="monShiftPer != null"> #{monShiftPer,jdbcType=VARCHAR}, </if>
            <if test="secuMeas != null"> #{secuMeas,jdbcType=VARCHAR}, </if>
            <if test="iscompSecuMeas != null"> #{iscompSecuMeas,jdbcType=VARCHAR}, </if>
            <if test="afterTrou != null"> #{afterTrou,jdbcType=VARCHAR}, </if>
            <if test="secuMeasRem != null"> #{secuMeasRem,jdbcType=VARCHAR}, </if>
            <if test="workOrderStatus != null"> #{workOrderStatus,jdbcType=VARCHAR}, </if>
            <if test="workOrderCtime != null"> #{workOrderCtime,jdbcType=TIMESTAMP}, </if>
            <if test="consNo != null"> #{consNo,jdbcType=VARCHAR}, </if>
            <if test="appType != null"> #{appType,jdbcType=VARCHAR}, </if>
            <if test="handleTime != null"> #{handleTime,jdbcType=TIMESTAMP}, </if>
            <if test="workNo != null"> #{workNo,jdbcType=VARCHAR}, </if>
            <if test="cityOrgNo != null"> #{cityOrgNo,jdbcType=VARCHAR}, </if>
            <if test="cityOrgName != null"> #{cityOrgName,jdbcType=VARCHAR}, </if>
            <if test="orgNo != null"> #{orgNo,jdbcType=VARCHAR}, </if>
            <if test="orgName != null"> #{orgName,jdbcType=VARCHAR}, </if>
            <if test="workType != null"> #{workType,jdbcType=VARCHAR}, </if>
            <if test="faultType != null"> #{faultType,jdbcType=VARCHAR}, </if>
            <if test="workStatus != null"> #{workStatus,jdbcType=VARCHAR}, </if>
            <if test="lineRoadName != null"> #{lineRoadName,jdbcType=VARCHAR}, </if>
            <if test="lineRoadNo != null"> #{lineRoadNo,jdbcType=VARCHAR}, </if>
            <if test="faultName != null"> #{faultName,jdbcType=VARCHAR}, </if>
            <if test="orderId != null"> #{orderId,jdbcType=VARCHAR}, </if>
            <if test="workOrderCycle != null"> #{workOrderCycle,jdbcType=VARCHAR}, </if>
            <if test="faultTime != null"> #{faultTime,jdbcType=TIMESTAMP}, </if>
        </trim>
    </insert>

    <select id="selectRepairs" resultType="java.lang.Integer">
        select count(*) from repairs_work_order where work_no=#{workNo}
    </select>
    <select id="selectCycleTwoList" resultType="org.dfzt.entity.po.RepairsWorkOrder">
        select *
        from repairs_work_order
        where work_order_status = '1' and '0' > ifnull(work_order_cycle, 0) and date_sub(work_order_ctime, interval 35 minute) >= work_order_ctime
    </select>
    <select id="selectCycleOneList" resultType="org.dfzt.entity.po.RepairsWorkOrder">
        select *
        from repairs_work_order
        where work_order_status = '1' and  ifnull(work_order_cycle, 0) = '0' and date_sub(work_order_ctime, interval 30 minute) >= work_order_ctime
    </select>

    <update id="updateCycle">
        update repairs_work_order set work_order_cycle = #{cycle} where work_no = #{workNo}
    </update>
</mapper>

