<?xml version="1.0" encoding="UTF-8"?>
<!DOCTYPE mapper PUBLIC "-//mybatis.org//DTD Mapper 3.0//EN" "http://mybatis.org/dtd/mybatis-3-mapper.dtd">
<mapper namespace="org.dfzt.mapper.RunSupplementaryCopyMapper">

    <!-- 通用查询映射结果 -->
    <resultMap id="BaseResultMap" type="org.dfzt.entity.vo.RunSupplementaryCopy">
        <id column="id" property="id" />
        <result column="cons_no" property="consNo" />
        <result column="org_name" property="orgName" />
        <result column="cons_name" property="consName" />
        <result column="elec_addr" property="elecAddr" />
        <result column="mr_sect_no" property="mrSectNo" />
        <result column="mr_status_code" property="mrStatusCode" />
        <result column="elec_type_code" property="elecTypeCode" />
        <result column="run_cap" property="runCap" />
        <result column="contract_cap" property="contractCap" />
        <result column="amt_ym" property="amtYm" />
        <result column="cons_sort_code" property="consSortCode" />
        <result column="volt_code" property="voltCode" />
        <result column="mr_plan_no" property="mrPlanNo" />
        <result column="mr_mode_code" property="mrModeCode" />
        <result column="mr_day" property="mrDay" />
        <result column="run_status_code" property="runStatusCode" />
        <result column="excp_type_code" property="excpTypeCode" />
        <result column="arc_emp_name" property="arcEmpName" />
    </resultMap>

    <!-- 通用查询结果列 -->
    <sql id="Base_Column_List">
        id, cons_no, org_name, cons_name, elec_addr, mr_sect_no, mr_status_code, elec_type_code, run_cap, contract_cap, amt_ym, cons_sort_code, volt_code, mr_plan_no, mr_mode_code, mr_day, run_status_code
        ,excp_type_code,arc_emp_name
    </sql>
    <update id="updateone">
        update run_supplementary_copy set mr_status_code=1 ,excp_type_code=0 where cons_no=#{userid}
    </update>

</mapper>
