<?xml version="1.0" encoding="UTF-8"?>
<!DOCTYPE mapper PUBLIC "-//mybatis.org//DTD Mapper 3.0//EN" "http://mybatis.org/dtd/mybatis-3-mapper.dtd">
<mapper namespace="org.dfzt.mapper.RunWorkOrderMapper">

    <!-- 通用查询映射结果 -->
    <resultMap id="BaseResultMap" type="org.dfzt.entity.vo.RunWorkOrder">
        <id column="id" property="id" />
        <result column="cons_no" property="consNo" />
        <result column="org_name" property="orgName" />
        <result column="cons_name" property="consName" />
        <result column="mr_status_code" property="mrStatusCode" />
        <result column="amt_ym" property="amtYm" />
        <result column="volt_code" property="voltCode" />
        <result column="work_order_status" property="workOrderStatus" />
        <result column="mobile" property="mobile" />
        <result column="tg_name" property="tgName" />
        <result column="tg_no" property="tgNo" />
        <result column="app_no" property="appNo" />
        <result column="market_type" property="marketType" />
        <result column="excp_type_code" property="excpTypeCode" />
        <result column="elec_type_code" property="elecTypeCode" />
        <result column="meter_asset_no" property="meterAssetNo" />
        <result column="gps_longitude" property="gpsLongitude" />
        <result column="gps_latitudva" property="gpsLatitudva" />
        <result column="arc_mode" property="arcMode" />
        <result column="meter_generation_time" property="meterGenerationTime" />
        <result column="arc_emp_name" property="arcEmpName" />
        <result column="arc_date" property="arcDate" />
        <result column="meter_pending_time" property="meterPendingTime" />
        <result column="meter_processing_time" property="meterProcessingTime" />
        <result column="meter_to_be_time" property="meterToBeTime" />
        <result column="elec_addr" property="elecAddr" />
        <result column="meter_cycle" property="meterCycle" />
    </resultMap>

    <!-- 通用查询结果列 -->
    <sql id="Base_Column_List">
        id, cons_no, org_name, cons_name, mr_status_code, amt_ym, volt_code, mobile, tg_name, tg_no, app_no,work_order_status, market_type, excp_type_code, elec_type_code, meter_asset_no, gps_longitude,
        gps_latitud, arc_mode, meter_generation_time, arc_emp_name, arc_date, meter_pending_time, meter_processing_time, meter_to_be_time , meter_cycle
    </sql>


    <!--  批量导入  -->
    <insert id="insertBatch" keyProperty="id" useGeneratedKeys="true">
        insert into run_gd(dfbc_gd_userid,dfbc_gd_username,dfbc_gd_useraddress,dfbc_gd_cduser,dfbc_gd_gnd,dfbc_gd_type)
        values
        <foreach collection="runGds" item="runGd" separator=",">
            (#{runGd.dfbc_gd_userid}, #{runGd.dfbc_gd_username}, #{runGd.dfbc_gd_useraddress}, #{runGd.dfbc_gd_cduser},
            #{runGd.dfbc_gd_gnd}, #{runGd.dfbc_gd_type}
        </foreach>

    </insert>
    <!---->
    <insert id="save">
        insert into run_gd(dfbc_gd_userid,dfbc_gd_username,dfbc_gd_useraddress,dfbc_gd_cduser,dfbc_gd_gnd,dfbc_gd_type)
        values
            (#{dfbcGdUserid}, #{dfbcGdUsername}, #{dfbcGdUseraddress}, #{dfbcGdCduser},
             #{dfbcGdGnd}, #{dfbcGdType})
    </insert>

    <!--通过工单编号修改归档方式-->
    <update id="updateid">
        update run_work_order set arc_mode=#{dfbcGdfs}  where app_no=#{id}
    </update>
    <!--通过工单编号修改工单状态-->
    <update id="updateStatus">
        update run_work_order set work_order_status=#{workOrderStatus}  where app_no=#{id}
    </update>

    <!--修改工单抄表状态-->
    <update id="updateone">
        update run_work_order set mr_status_code=1  where app_no=#{gdNo}
    </update>

    <!--根据工单编号修改数据异常状态-->
    <update id="updateunusual">
        update run_work_order set excp_type_code=0  where app_no=#{gdNo}
    </update>


    <!-- 查询工单-->
    <select id="queryAdd" resultType="org.dfzt.entity.vo.RunWorkOrder">
        select  * from run_work_order
    </select>

    <select id="queryid" resultType="java.lang.Integer">
        select  count(cons_no) from run_work_order  where cons_no=#{param1}
    </select>



    <select id="selectPeriod" resultType="java.lang.Integer">
        SELECT count(cons_no)
        FROM run_work_order
        WHERE PERIOD_DIFF(DATE_FORMAT(NOW(),'%Y%m'),
                          DATE_FORMAT(meter_generation_time,'%Y%m')) = #{dateTime}
          and cons_no = #{dfbcGdUserid}
          and arc_mode = 1
    </select>


    <select id="listAll" resultType="org.dfzt.entity.vo.RunWorkOrder">
        select a.*,b.yh_schsx_type from run_work_order join run_dfbc a on run_gd.dfbc_gd_userid=a.dfbc_user_id and
                                               join run_user b on run_gd.dfbc_gd_userid=run_user.yh_user_id
    </select>

    <!--通过userid查询是否存在该工单-->
    <select id="queryOne" resultType="java.lang.Integer">
        select count(*) from run_work_order where cons_no=#{userid}
    </select>

    <!---->
    <insert id="saves">
        insert into run_work_order(dfbc_gd_no,dfbc_gd_userid,dfbc_gd_username,
                           dfbc_gd_useraddress,dfbc_gd_cduser,dfbc_gd_gnd,
                           dfbc_gd_type,dfbc_gd_id,dfbc_gd_tqid,dfbc_gd_tqname,
                           dfbc_gd_supply,dfbc_gd_phone,dfbc_gd_zcid,dfbc_gd_code,
                           dfbc_gd_cb_status,dfbc_gd_sxtype,dfbc_gps_longitude,
                           dfbc_gps_latitude,dfbc_gdzt,dfbc_zqi,dfbc_cbfhyc,dfbc_gdfs,dfbc_dfny,dfbc_scsj)


        values
            (#{dfbcGdNo},#{dfbcGdUserid},#{dfbcGdUsername}, #{dfbcGdUseraddress}, #{dfbcGdCduser},
             #{dfbcGdGnd},#{dfbcGdType},#{dfbcGdId},#{dfbcGdTqid},#{dfbcGdTqname},#{dfbcGdSupply},
             #{dfbcGdPhone}, #{dfbcGdZcid},#{dfbcGdCode},#{dfbcGdCbStatus},#{dfbcGdSxtype},
             #{dfbcGpsLongitude},#{dfbcGpsLatitude},#{dfbcGdzt},#{dfbcZqi},#{dfbcCbfhyc},#{dfbcGdfs},#{dfbcDfny},#{dfbcScsj})
    </insert>

    <select id="selectById" resultType="org.dfzt.entity.po.RunWorkOrderPo">
        SELECT
            rwo.cons_no,
            rwo.cons_name,
            rwo.elec_addr,
            rwo.arc_emp_name,
            rwo.app_no,
            rwo.volt_code,
            rwo.elec_type_code,
            rwo.work_order_status,
            rwo.org_name,
            rwd.gd_event_photo as photo
        FROM
            run_work_order rwo
                LEFT JOIN run_worder_deal rwd on rwo.app_no = rwd.gd_no
        where rwo.app_no = #{appNo}
    </select>



    <select id="selectRunwo" resultType="org.dfzt.entity.vo.RunWorkOutside">
        select result_id,calc_id,ym,org_no,mr_sect_no,cons_id,cons_no,calc_type,volt_code,mp_id,elec_type_code,t_settle_pq,t_amt,prc_code,excp_status,order_reason,order_result_remark from e_amt_verify_result where ym = '202304'
            and (org_no='154212206' or org_no='15421' or org_no='1542121' or org_no='1542122' or org_no='154212101' or org_no='154212102' or
             org_no='154212103' or org_no='154212104' or org_no='154212105' or org_no='154212106' or org_no='154212201' or org_no='154212202'
             or org_no='154212203' or org_no='154212204' or org_no='154212205' or org_no='154211003' or org_no='154211004' or org_no='154211005' or org_no='154211007' or org_no='154211008' or org_no='154211009')
    </select>

    <select id="selectRunwo1" resultType="org.dfzt.entity.po.EAmtVerifyResult">
        select result_id,calc_id,ym,org_no,mr_sect_no,cons_id,cons_no,calc_type,volt_code,mp_id,elec_type_code,trade_type_code,rule_code,veri_remark,verify_scope,t_settle_pq,t_amt,prc_code,excp_status,order_reason,app_no,order_result_remark,mr_plan_no,excp_type,mr_day,mr_src,excp_link,order_result,cons_sort_code,collect_status,sp_id,rule_type,rule_kind,group_id
        from e_amt_verify_result where ym = #{lastYm}
            and org_no in
        <foreach item="item" collection="lists" separator="," open="(" close=")" index="">
            #{item}
        </foreach>
    </select>

    <select id="selectRun1" resultType="java.lang.Object">
        select * from e_amt_verify_result where mr_plan_no=#{mrPlanNo}
    </select>

    <select id="selectRun2" resultType="java.lang.Object">
        select * from e_amt_verify_result where ym=#{ym}
    </select>

    <select id="selectRun3" resultType="java.lang.Object">
        select * from e_amt_verify_result where cons_no=#{consNo}
    </select>

    <select id="selectRun4" resultType="java.lang.Object">
        select * from e_amt_verify_result where app_no=#{appNo}
    </select>

    <select id="selectRunwo3" resultType="org.dfzt.entity.po.EAmtVerifyResult">
        select * from e_amt_verify_result where ym = #{lastYm}
            and (org_no='154212206' or org_no='15421' or org_no='1542121' or org_no='1542122' or org_no='154212101' or org_no='154212102' or
             org_no='154212103' or org_no='154212104' or org_no='154212105' or org_no='154212106' or org_no='154212201' or org_no='154212202'
             or org_no='154212203' or org_no='154212204' or org_no='154212205')
    </select>

    <select id="selectRunwo2" resultType="org.dfzt.entity.vo.RunWorkOutside">
        select * from e_amt_verify_result where 1=1 and
             (org_no='154212206' or org_no='15421' or org_no='1542121' or org_no='1542122' or org_no='154212101' or org_no='154212102' or
             org_no='154212103' or org_no='154212104' or org_no='154212105' or org_no='154212106' or org_no='154212201' or org_no='154212202'
             or org_no='154212203' or org_no='154212204' or org_no='154212205')
    </select>


    <select id="selectyyyy" resultType="java.lang.Object">
        select * from e_plan_status_202304
    </select>


    <select id="getRunWordOrderList" resultType="org.dfzt.entity.vo.RunWorkOrder">
        SELECT
            t.elecAddr,
            t.cons_no consNo,
            t.cons_name consName ,
            t.market_prop_sort marketType,
            t.elec_type_code elecTypeCode,
            t.tg_manager arcEmpName,
            t.orgName,
            g.tg_name tgName,
            t.volt_code voltCode,
            t.mr_status_code mrStatusCode,
            t.amt_ym amtYm,
            t.tg_id tgNo,
            t.mobile,
            t1.nearlyThreeDays
        FROM
        (
        SELECT
        r.*,
        c.market_prop_sort,
        c1.addr elecAddr,
        c1.mobile,
        c2.tg_id,
        c3.tg_manager,
        c3.org_name orgName
        FROM
        run_supplementary_copy r
        LEFT JOIN c_cons c ON r.cons_no = c.cons_no
        LEFT JOIN c_contact c1 ON c.cust_id = c1.cust_id
        LEFT JOIN c_mp1 c2 ON c2.cons_no = r.cons_no
        LEFT JOIN collect_informa c3 ON r.cons_no = c3.cons_no
        <if test="ym !=null and ym!=''">
            and r.amt_ym = #{ym}
        </if>
        --  抄表状态
        <if test="code !=null and code!=''">
            and r.mr_status_code = #{code}
        </if>
        )   t

            LEFT JOIN (
              SELECT  r.cons_no , sum(c.pap_e) nearlyThreeDays  FROM run_supplementary_copy r LEFT JOIN collect_informa c on r.cons_no = c.cons_no
                   where DATE_SUB(CURDATE(), INTERVAL 2 DAY) &lt;= c.rec_time
                      <if test="ym !=null and ym!=''">
                        and r.amt_ym = #{ym}
                      </if>
                       --  抄表状态
                      <if test="code !=null and code!=''">
                        and r.mr_status_code = #{code}
                      </if>
                        GROUP BY r.cons_no
        )   t1

        on t.cons_no = t1.cons_no
        LEFT JOIN g_tg g ON t.tg_id = g.tg_id
        <where>
            t.create_time  BETWEEN  DATE_SUB(now(), INTERVAL 10 MINUTE) and  now();
        </where>
    </select>



    <select id="selectEAmtVer" resultType="org.dfzt.entity.po.EAmtVerifyResult">
        select result_id,calc_id,ym,org_no,mr_sect_no,cons_id,cons_no,calc_type,volt_code,mp_id,elec_type_code,t_settle_pq,t_amt,prc_code,app_no,excp_status,order_reason,order_result_remark,cons_sort_code,appno,sp_id
        from e_amt_verify_result where ym=#{lastYm}
    </select>

    <select id="selectConsmarketSort" resultType="org.dfzt.entity.po.CCons">
        select market_prop_sort,volt_code from c_cons where cons_no=#{consNo}
    </select>

    <select id="selectWorkByResultId" resultType="java.lang.Integer">
        select count(*) from run_work_order where result_id=#{resultId}
    </select>

    <select id="selectByConsNo" resultType="java.lang.String">
        select work_order_no
        from run_work_order
        where work_order_status != '4' and date_format(now(),'%Y-%m-01') and  cons_no = #{consNo} limit 1
    </select>

    <update id="updateRWOCycle">
        update run_work_order set meter_cycle = #{cycle} where work_order_no = #{workOrderNo}
    </update>

    <select id="selectByResultId" resultType="java.lang.Integer">
        select count(*) from e_amt_verify_result where result_id=#{resultId}
    </select>

    <select id="getResultId" resultType="java.lang.String">
        select result_id from e_amt_verify_result where ym=#{ym}
    </select>


    <insert id="insertEamtver" parameterType="org.dfzt.entity.po.EAmtVerifyResult">
        insert into e_amt_verify_result
        <trim prefix="(" suffix=")" suffixOverrides=",">
            <if test="id != null"> id, </if>
            <if test="resultId != null"> result_id, </if>
            <if test="calcId != null"> calc_id, </if>
            <if test="ym != null"> ym, </if>
            <if test="orgNo != null"> org_no, </if>
            <if test="mrSectNo != null"> mr_sect_no, </if>
            <if test="consId != null"> cons_id, </if>
            <if test="consNo != null"> cons_no, </if>
            <if test="calcType != null"> calc_type, </if>
            <if test="mpId != null"> mp_id, </if>
            <if test="voltCode != null"> volt_code, </if>
            <if test="elecTypeCode != null"> elec_type_code, </if>
            <if test="tradeTypeCode != null"> trade_type_code, </if>
            <if test="ruleCode != null"> rule_code, </if>
            <if test="veriRemark != null"> veri_remark, </if>
            <if test="verifyScope != null"> verify_scope, </if>
            <if test="tSettlePq != null"> t_settle_pq, </if>
            <if test="tAmt != null"> t_amt, </if>
            <if test="prcCode != null"> prc_code, </if>
            <if test="excpStatus != null"> excp_status, </if>
            <if test="orderReason != null"> order_reason, </if>
            <if test="orderResultRemark != null"> order_result_remark, </if>
            <if test="orderHandleTime != null"> order_handle_time, </if>
            <if test="orderCompleteTime != null"> order_complete_time, </if>
            <if test="mrPlanNo != null"> mr_plan_no, </if>
            <if test="excpType != null"> excp_type, </if>
            <if test="mrDay != null"> mr_day, </if>
            <if test="mrSrc != null"> mr_src, </if>
            <if test="consSortCode != null"> cons_sort_code, </if>
            <if test="appNo != null"> app_no, </if>
            <if test="excpLink != null"> excp_link, </if>
            <if test="verifyDate != null"> verify_date, </if>
            <if test="orderResult != null"> order_result, </if>
            <if test="sgpsAppNo != null"> sgps_app_no, </if>
            <if test="exceptionHandleMode != null"> exception_handle_mode, </if>
            <if test="collectStatus != null"> collect_status, </if>
            <if test="cancelPublishStatus != null"> cancel_publish_status, </if>
            <if test="ruleType != null"> rule_type, </if>
            <if test="adjustMrdateStatus != null"> adjust_mrdate_status, </if>
            <if test="handleMeterreadStatus != null"> handle_meterread_status, </if>
            <if test="adjustPqStatus != null"> adjust_pq_status, </if>
            <if test="provOrderFlag != null"> prov_order_flag, </if>
            <if test="getDataAgainFlag != null"> get_data_again_flag, </if>
            <if test="publishWhitelistStatus != null"> publish_whitelist_status, </if>
            <if test="spId != null"> sp_id, </if>
            <if test="ruleKind != null"> rule_kind, </if>
            <if test="groupId != null"> group_id, </if>
            <if test="combinationRuleId != null"> combination_rule_id, </if>
            <if test="lockStatus != null"> lock_status, </if>
            <if test="lockPerson != null"> lock_person, </if>
            <if test="confirmNormalType != null"> confirm_normal_type, </if>
            <if test="confirmNormalReason != null"> confirm_normal_reason, </if>
            <if test="dealReasonType != null"> deal_reason_type, </if>
            <if test="dealReasonDescribe != null"> deal_reason_describe, </if>
            <if test="lockReason != null"> lock_reason, </if>
        </trim>
        <trim prefix="values (" suffix=")" suffixOverrides=",">
            <if test="id != null"> #{id,jdbcType=INTEGER}, </if>
            <if test="resultId != null"> #{resultId,jdbcType=VARCHAR}, </if>
            <if test="calcId != null"> #{calcId,jdbcType=VARCHAR}, </if>
            <if test="ym != null"> #{ym,jdbcType=VARCHAR}, </if>
            <if test="orgNo != null"> #{orgNo,jdbcType=VARCHAR}, </if>
            <if test="mrSectNo != null"> #{mrSectNo,jdbcType=VARCHAR}, </if>
            <if test="consId != null"> #{consId,jdbcType=VARCHAR}, </if>
            <if test="consNo != null"> #{consNo,jdbcType=VARCHAR}, </if>
            <if test="calcType != null"> #{calcType,jdbcType=VARCHAR}, </if>
            <if test="mpId != null"> #{mpId,jdbcType=DECIMAL}, </if>
            <if test="voltCode != null"> #{voltCode,jdbcType=VARCHAR}, </if>
            <if test="elecTypeCode != null"> #{elecTypeCode,jdbcType=VARCHAR}, </if>
            <if test="tradeTypeCode != null"> #{tradeTypeCode,jdbcType=VARCHAR}, </if>
            <if test="ruleCode != null"> #{ruleCode,jdbcType=VARCHAR}, </if>
            <if test="veriRemark != null"> #{veriRemark,jdbcType=VARCHAR}, </if>
            <if test="verifyScope != null"> #{verifyScope,jdbcType=VARCHAR}, </if>
            <if test="tSettlePq != null"> #{tSettlePq,jdbcType=DECIMAL}, </if>
            <if test="tAmt != null"> #{tAmt,jdbcType=DECIMAL}, </if>
            <if test="prcCode != null"> #{prcCode,jdbcType=VARCHAR}, </if>
            <if test="excpStatus != null"> #{excpStatus,jdbcType=VARCHAR}, </if>
            <if test="orderReason != null"> #{orderReason,jdbcType=VARCHAR}, </if>
            <if test="orderResultRemark != null"> #{orderResultRemark,jdbcType=VARCHAR}, </if>
            <if test="orderHandleTime != null"> #{orderHandleTime,jdbcType=TIMESTAMP}, </if>
            <if test="orderCompleteTime != null"> #{orderCompleteTime,jdbcType=TIMESTAMP}, </if>
            <if test="mrPlanNo != null"> #{mrPlanNo,jdbcType=VARCHAR}, </if>
            <if test="excpType != null"> #{excpType,jdbcType=VARCHAR}, </if>
            <if test="mrDay != null"> #{mrDay,jdbcType=DECIMAL}, </if>
            <if test="mrSrc != null"> #{mrSrc,jdbcType=VARCHAR}, </if>
            <if test="consSortCode != null"> #{consSortCode,jdbcType=VARCHAR}, </if>
            <if test="appNo != null"> #{appNo,jdbcType=VARCHAR}, </if>
            <if test="excpLink != null"> #{excpLink,jdbcType=VARCHAR}, </if>
            <if test="verifyDate != null"> #{verifyDate,jdbcType=TIMESTAMP}, </if>
            <if test="orderResult != null"> #{orderResult,jdbcType=VARCHAR}, </if>
            <if test="sgpsAppNo != null"> #{sgpsAppNo,jdbcType=VARCHAR}, </if>
            <if test="exceptionHandleMode != null"> #{exceptionHandleMode,jdbcType=VARCHAR}, </if>
            <if test="collectStatus != null"> #{collectStatus,jdbcType=VARCHAR}, </if>
            <if test="cancelPublishStatus != null"> #{cancelPublishStatus,jdbcType=VARCHAR}, </if>
            <if test="ruleType != null"> #{ruleType,jdbcType=VARCHAR}, </if>
            <if test="adjustMrdateStatus != null"> #{adjustMrdateStatus,jdbcType=VARCHAR}, </if>
            <if test="handleMeterreadStatus != null"> #{handleMeterreadStatus,jdbcType=VARCHAR}, </if>
            <if test="adjustPqStatus != null"> #{adjustPqStatus,jdbcType=VARCHAR}, </if>
            <if test="provOrderFlag != null"> #{provOrderFlag,jdbcType=VARCHAR}, </if>
            <if test="getDataAgainFlag != null"> #{getDataAgainFlag,jdbcType=VARCHAR}, </if>
            <if test="publishWhitelistStatus != null"> #{publishWhitelistStatus,jdbcType=VARCHAR}, </if>
            <if test="spId != null"> #{spId,jdbcType=DECIMAL}, </if>
            <if test="ruleKind != null"> #{ruleKind,jdbcType=VARCHAR}, </if>
            <if test="groupId != null"> #{groupId,jdbcType=VARCHAR}, </if>
            <if test="combinationRuleId != null"> #{combinationRuleId,jdbcType=VARCHAR}, </if>
            <if test="lockStatus != null"> #{lockStatus,jdbcType=VARCHAR}, </if>
            <if test="lockPerson != null"> #{lockPerson,jdbcType=VARCHAR}, </if>
            <if test="confirmNormalType != null"> #{confirmNormalType,jdbcType=VARCHAR}, </if>
            <if test="confirmNormalReason != null"> #{confirmNormalReason,jdbcType=VARCHAR}, </if>
            <if test="dealReasonType != null"> #{dealReasonType,jdbcType=VARCHAR}, </if>
            <if test="dealReasonDescribe != null"> #{dealReasonDescribe,jdbcType=VARCHAR}, </if>
            <if test="lockReason != null"> #{lockReason,jdbcType=VARCHAR}, </if>
        </trim>
    </insert>


    <insert id="insertRunwork" parameterType="org.dfzt.entity.vo.RunWorkOrder">
        insert into run_work_order
        <trim prefix="(" suffix=")" suffixOverrides=",">
            <if test="id != null"> id, </if>
            <if test="resultId != null"> result_id, </if>
            <if test="consNo != null"> cons_no, </if>
            <if test="workOrderNo != null"> work_order_no, </if>
            <if test="elecAddr != null"> elec_addr, </if>
            <if test="orgName != null"> org_name, </if>
            <if test="consName != null"> cons_name, </if>
            <if test="mrStatusCode != null"> mr_status_code, </if>
            <if test="mrStatusCode1 != null"> mr_status_code1, </if>
            <if test="amtYm != null"> amt_ym, </if>
            <if test="voltCode != null"> volt_code, </if>
            <if test="barCode != null"> bar_code, </if>
            <if test="workOrderStatus != null"> work_order_status, </if>
            <if test="workOrderStatus1 != null"> work_order_status1, </if>
            <if test="mobile != null"> mobile, </if>
            <if test="tgName != null"> tg_name, </if>
            <if test="tgNo != null"> tg_no, </if>
            <if test="appNo != null"> app_no, </if>
            <if test="marketType != null"> market_type, </if>
            <if test="excpTypeCode != null"> excp_type_code, </if>
            <if test="elecTypeCode != null"> elec_type_code, </if>
            <if test="workOrderCtime1 != null"> work_order_ctime1, </if>
            <if test="workOrderCtime != null"> work_order_ctime, </if>
            <if test="meterAssetNo != null"> meter_asset_no, </if>
            <if test="gpsLongitude != null"> gps_longitude, </if>
            <if test="gpsLatitudva != null"> gps_latitudva, </if>
            <if test="arcMode != null"> arc_mode, </if>
            <if test="meterGenerationTime != null"> meter_generation_time, </if>
            <if test="arcEmpName != null"> arc_emp_name, </if>
            <if test="arcDate != null"> arc_date, </if>
            <if test="meterPendingTime != null"> meter_pending_time, </if>
            <if test="meterProcessingTime != null"> meter_processing_time, </if>
            <if test="meterToBeTime != null"> meter_to_be_time, </if>
            <if test="meterCycle != null"> meter_cycle, </if>
            <if test="nearlyThreeDays != null"> nearly_three_days, </if>
        </trim>
        <trim prefix="values (" suffix=")" suffixOverrides=",">
            <if test="id != null"> #{id,jdbcType=INTEGER}, </if>
            <if test="resultId != null"> #{resultId,jdbcType=INTEGER}, </if>
            <if test="consNo != null"> #{consNo,jdbcType=VARCHAR}, </if>
            <if test="workOrderNo != null"> #{workOrderNo,jdbcType=VARCHAR}, </if>
            <if test="elecAddr != null"> #{elecAddr,jdbcType=VARCHAR}, </if>
            <if test="orgName != null"> #{orgName,jdbcType=VARCHAR}, </if>
            <if test="consName != null"> #{consName,jdbcType=VARCHAR}, </if>
            <if test="mrStatusCode != null"> #{mrStatusCode,jdbcType=VARCHAR}, </if>
            <if test="mrStatusCode1 != null"> #{mrStatusCode1,jdbcType=VARCHAR}, </if>
            <if test="amtYm != null"> #{amtYm,jdbcType=VARCHAR}, </if>
            <if test="voltCode != null"> #{voltCode,jdbcType=VARCHAR}, </if>
            <if test="barCode != null"> #{barCode,jdbcType=VARCHAR}, </if>
            <if test="workOrderStatus != null"> #{workOrderStatus,jdbcType=INTEGER}, </if>
            <if test="workOrderStatus1 != null"> #{workOrderStatus1,jdbcType=VARCHAR}, </if>
            <if test="mobile != null"> #{mobile,jdbcType=VARCHAR}, </if>
            <if test="tgName != null"> #{tgName,jdbcType=VARCHAR}, </if>
            <if test="tgNo != null"> #{tgNo,jdbcType=VARCHAR}, </if>
            <if test="appNo != null"> #{appNo,jdbcType=VARCHAR}, </if>
            <if test="marketType != null"> #{marketType,jdbcType=VARCHAR}, </if>
            <if test="excpTypeCode != null"> #{excpTypeCode,jdbcType=VARCHAR}, </if>
            <if test="elecTypeCode != null"> #{elecTypeCode,jdbcType=VARCHAR}, </if>
            <if test="workOrderCtime1 != null"> #{workOrderCtime1,jdbcType=VARCHAR}, </if>
            <if test="workOrderCtime != null"> #{workOrderCtime,jdbcType=TIMESTAMP}, </if>
            <if test="meterAssetNo != null"> #{meterAssetNo,jdbcType=VARCHAR}, </if>
            <if test="gpsLongitude != null"> #{gpsLongitude,jdbcType=VARCHAR}, </if>
            <if test="gpsLatitudva != null"> #{gpsLatitudva,jdbcType=VARCHAR}, </if>
            <if test="arcMode != null"> #{arcMode,jdbcType=INTEGER}, </if>
            <if test="meterGenerationTime != null"> #{meterGenerationTime,jdbcType=TIMESTAMP}, </if>
            <if test="arcEmpName != null"> #{arcEmpName,jdbcType=VARCHAR}, </if>
            <if test="arcDate != null"> #{arcDate,jdbcType=TIMESTAMP}, </if>
            <if test="meterPendingTime != null"> #{meterPendingTime,jdbcType=TIMESTAMP}, </if>
            <if test="meterProcessingTime != null"> #{meterProcessingTime,jdbcType=TIMESTAMP}, </if>
            <if test="meterToBeTime != null"> #{meterToBeTime,jdbcType=TIMESTAMP}, </if>
            <if test="meterCycle != null"> #{meterCycle,jdbcType=VARCHAR}, </if>
            <if test="nearlyThreeDays != null"> #{nearlyThreeDays,jdbcType=DECIMAL}, </if>
        </trim>
    </insert>


    <select id="selectExcelList" resultType="org.dfzt.entity.vo.RunWorkOrder">
        select * from run_work_order where 1=1
        <if test="r.workOrderNo != null" >
            and work_order_no like concat('%',#{r.workOrderNo},'%')
        </if>
        <if test="r.consName != null" >
            and cons_name like concat('%',#{r.consName},'%')
        </if>
        <if test="orgName != null" >
            and org_name like concat('%',#{orgName},'%')
        </if>
        <if test="status != null">
            and work_order_status in (${status})
        </if>
    </select>

</mapper>
