<?xml version="1.0" encoding="UTF-8"?>
<!DOCTYPE mapper PUBLIC "-//mybatis.org//DTD Mapper 3.0//EN" "http://mybatis.org/dtd/mybatis-3-mapper.dtd">
<mapper namespace="org.dfzt.mapper.RunWorkOutsideMapper">
    <!-- 通用查询映射结果 -->
    <resultMap id="BaseResultMap" type="org.dfzt.entity.vo.RunWorkOutside">
        <id column="id" property="id" />
        <result column="result_id" property="resultId" />
        <result column="calc_id" property="calcId" />
        <result column="ym" property="ym" />
        <result column="org_no" property="orgNo" />
        <result column="mr_sect_no" property="mrSectNo" />
        <result column="cons_id" property="consId" />
        <result column="cons_no" property="consNo" />
        <result column="calc_type" property="calcType" />
        <result column="mp_id" property="mpId" />
        <result column="volt_code" property="voltCode" />
        <result column="elec_type_code" property="elecTypeCode" />
        <result column="trade_type_code" property="tradeTypeCode" />
        <result column="rule_code" property="ruleCode" />
        <result column="veri_remark" property="veriRemark" />
        <result column="verify_scope" property="verifyScope" />
        <result column="t_settle_pq" property="tSettlePq" />
        <result column="t_amt" property="tAmt" />
        <result column="prc_code" property="prcCode" />
        <result column="excp_status" property="excpStatus" />
        <result column="order_reason" property="orderReason" />
        <result column="order_result_remark" property="orderResultRemark" />
        <result column="order_handle_time" property="orderHandleTime" />
        <result column="order_complete_time" property="orderCompleteTime" />
        <result column="mr_plan_no" property="mrPlanNo" />
        <result column="excp_type" property="excpType" />
        <result column="mr_day" property="mrDay" />
        <result column="mr_src" property="mrSrc" />
        <result column="cons_sort_code" property="consSortCode" />
        <result column="app_no" property="appNo" />
        <result column="excp_link" property="excpLink" />
        <result column="verify_date" property="verifyDate" />
        <result column="order_result" property="orderResult" />
        <result column="sgps_app_no" property="sgpsAppNo" />
        <result column="exception_handle_mode" property="exceptionHandleMode" />
        <result column="collect_status" property="collectStatus" />
        <result column="cancel_publish_status" property="cancelPublishStatus" />
        <result column="rule_type" property="ruleType" />
        <result column="adjust_mrdate_status" property="adjustMrdateStatus" />
        <result column="handel_meterread_status" property="handelMeterreadStatus" />
        <result column="adjust_pq_status" property="adjustPqStatus" />
        <result column="prov_order_flag" property="provOrderFlag" />
        <result column="get_data_again_flag" property="getDataAgainFlag" />
        <result column="publish_whitelist_status" property="publishWhitelistStatus" />
        <result column="sp_id" property="spId" />
        <result column="rule_kind" property="ruleKind" />
        <result column="group_id" property="groupId" />
        <result column="combination_rule_id" property="combinationRuleId" />
        <result column="lock_status" property="lockStatus" />
        <result column="lock_person" property="lockPerson" />
        <result column="confirm_normal_type" property="confirmNormalType" />
        <result column="confirm_normal_reason" property="confirmNormalReason" />
        <result column="deal_reason_type" property="dealReasonType" />
        <result column="deal_reason_describe" property="dealReasonDescribe" />
        <result column="lock_reason" property="lockReason" />
    </resultMap>

    <!-- 通用查询结果列 -->
    <sql id="Base_Column_List">
        id, result_id, calc_id, ym, org_no, mr_sect_no, cons_id, cons_no, calc_type, mp_id, volt_code, elec_type_code, trade_type_code, rule_code, veri_remark, verify_scope, t_settle_pq, t_amt, prc_code, excp_status, order_reason, order_result_remark, order_handle_time, order_complete_time, mr_plan_no, excp_type, mr_day, mr_src, cons_sort_code, app_no, excp_link, verify_date, order_result, sgps_app_no, exception_handle_mode, collect_status, cancel_publish_status, rule_type, adjust_mrdate_status, handel_meterread_status, adjust_pq_status, prov_order_flag, get_data_again_flag, publish_whitelist_status, sp_id, rule_kind, group_id, combination_rule_id, lock_status, lock_person, confirm_normal_type, confirm_normal_reason, deal_reason_type, deal_reason_describe, lock_reason
    </sql>

</mapper>
