<?xml version="1.0" encoding="UTF-8"?>
<!DOCTYPE mapper PUBLIC "-//mybatis.org//DTD Mapper 3.0//EN" "http://mybatis.org/dtd/mybatis-3-mapper.dtd">
<mapper namespace="org.dfzt.mapper.RunWorderDealMapper">

    <!-- 通用查询映射结果 -->
    <resultMap id="BaseResultMap" type="org.dfzt.entity.vo.RunWorderDeal">
        <id column="gd_deal_id" property="gdDealId" />
        <result column="gd_no" property="gdNo" />
        <result column="gd_deal_date" property="gdDealDate" />
        <result column="gd_deal_state" property="gdDealState" />
        <result column="gd_event_situation" property="gdEventSituation" />
        <result column="gd_event_photo" property="gdEventPhoto" />
        <result column="gd_event_video" property="gdEventVideo" />
        <result column="gd_meter_id" property="gdMeterId" />
        <result column="gd_display" property="gdDisplay" />
        <result column="meter_number" property="meterNumber" />
    </resultMap>

    <!-- 通用查询结果列 -->
    <sql id="Base_Column_List">
        gd_deal_id, gd_no, gd_deal_date, gd_deal_state, gd_event_situation, gd_event_photo, gd_event_video, gd_meter_id, gd_display, meter_number
    </sql>

</mapper>
