<?xml version="1.0" encoding="UTF-8"?>
<!DOCTYPE mapper PUBLIC "-//mybatis.org//DTD Mapper 3.0//EN" "http://mybatis.org/dtd/mybatis-3-mapper.dtd">
<mapper namespace="org.dfzt.mapper.S95598WkstMapper">
  <resultMap id="BaseResultMap" type="org.dfzt.entity.po.S95598Wkst">
    <!--@mbg.generated-->
    <!--@Table s_95598_wkst-->
    <id column="id" jdbcType="BIGINT" property="id" />
    <result column="app_no" jdbcType="VARCHAR" property="appNo" />
    <result column="req_id" jdbcType="DECIMAL" property="reqId" />
    <result column="group_no" jdbcType="VARCHAR" property="groupNo" />
    <result column="busi_type_code" jdbcType="VARCHAR" property="busiTypeCode" />
    <result column="busi_sub_type" jdbcType="VARCHAR" property="busiSubType" />
    <result column="county_code" jdbcType="VARCHAR" property="countyCode" />
    <result column="urban_rural_flag" jdbcType="VARCHAR" property="urbanRuralFlag" />
    <result column="org_no" jdbcType="VARCHAR" property="orgNo" />
    <result column="emp_no" jdbcType="VARCHAR" property="empNo" />
    <result column="handle_time" jdbcType="TIMESTAMP" property="handleTime" />
    <result column="accept_mode" jdbcType="VARCHAR" property="acceptMode" />
    <result column="accept_content" jdbcType="VARCHAR" property="acceptContent" />
    <result column="handle_opinion" jdbcType="VARCHAR" property="handleOpinion" />
    <result column="reply_flag" jdbcType="VARCHAR" property="replyFlag" />
    <result column="reply_date" jdbcType="TIMESTAMP" property="replyDate" />
    <result column="reply_mode" jdbcType="VARCHAR" property="replyMode" />
    <result column="cons_opinion" jdbcType="VARCHAR" property="consOpinion" />
    <result column="reply_tel" jdbcType="VARCHAR" property="replyTel" />
    <result column="send_date" jdbcType="TIMESTAMP" property="sendDate" />
    <result column="attach" jdbcType="VARCHAR" property="attach" />
    <result column="iden_mode" jdbcType="VARCHAR" property="idenMode" />
    <result column="cert_type_code" jdbcType="VARCHAR" property="certTypeCode" />
    <result column="cert_no" jdbcType="VARCHAR" property="certNo" />
    <result column="arc_mode" jdbcType="VARCHAR" property="arcMode" />
    <result column="integrity_flag" jdbcType="VARCHAR" property="integrityFlag" />
    <result column="accuracy_flag" jdbcType="VARCHAR" property="accuracyFlag" />
    <result column="arc_opinion" jdbcType="VARCHAR" property="arcOpinion" />
    <result column="time_len" jdbcType="BIGINT" property="timeLen" />
    <result column="arc_emp_name" jdbcType="VARCHAR" property="arcEmpName" />
    <result column="arc_date" jdbcType="TIMESTAMP" property="arcDate" />
    <result column="handle_status_code" jdbcType="VARCHAR" property="handleStatusCode" />
    <result column="reply_succ_flag" jdbcType="VARCHAR" property="replySuccFlag" />
    <result column="retvisit_fail_reason" jdbcType="VARCHAR" property="retvisitFailReason" />
    <result column="reply_fail_times" jdbcType="INTEGER" property="replyFailTimes" />
    <result column="dispatch_len" jdbcType="BIGINT" property="dispatchLen" />
    <result column="transfer_len" jdbcType="BIGINT" property="transferLen" />
    <result column="sg_app_no" jdbcType="VARCHAR" property="sgAppNo" />
  </resultMap>
  <sql id="Base_Column_List">
    <!--@mbg.generated-->
    id, app_no, req_id, group_no, busi_type_code, busi_sub_type, county_code, urban_rural_flag, 
    org_no, emp_no, handle_time, accept_mode, accept_content, handle_opinion, reply_flag, 
    reply_date, reply_mode, cons_opinion, reply_tel, send_date, attach, iden_mode, cert_type_code, 
    cert_no, arc_mode, integrity_flag, accuracy_flag, arc_opinion, time_len, arc_emp_name, 
    arc_date, handle_status_code, reply_succ_flag, retvisit_fail_reason, reply_fail_times, 
    dispatch_len, transfer_len, sg_app_no
  </sql>


  <select id="selectNowday" resultType="java.lang.Object">
    select * from S_95598_WKST where reply_tel='15049702255'
  </select>

<!--  <select id="select95598WKST" resultType="org.dfzt.entity.po.S95598Wkst">-->
<!--    select APP_NO,SG_APP_NO,ORG_NO,COUNTY_CODE,BUSI_TYPE_CODE,BUSI_SUB_TYPE,HANDLE_TIME,HANDLE_STATUS_CODE,ACCEPT_CONTENT,SEND_DATE,-->
<!--    EMP_NO,ACCEPT_MODE,REPLY_FLAG,URBAN_RURAL_FLAG,GROUP_NO,REQ_ID-->
<!--    from S_95598_WKST where HANDLE_STATUS_CODE != '08' and to_char(HANDLE_TIME,'yyyy-MM-dd') like #{today}-->
<!--    and （org_no='154212206' or org_no='1542121' or org_no='1542122' or org_no='154212101' or org_no='154212102' or-->
<!--        org_no='154212103' or org_no='154212104' or org_no='154212105' or org_no='154212201' or org_no='154212203' or org_no='154212204'-->
<!--        or org_no='154212205' or org_no='154211003' or org_no='154211004' or org_no='154211005' or org_no='154211007' or org_no='154211008' or org_no='154211009'）-->

<!--  </select>-->

  <select id="select95598WKST" resultType="org.dfzt.entity.po.S95598Wkst">
    select APP_NO,SG_APP_NO,ORG_NO,COUNTY_CODE,BUSI_TYPE_CODE,BUSI_SUB_TYPE,HANDLE_TIME,HANDLE_STATUS_CODE,ACCEPT_CONTENT,SEND_DATE,
    EMP_NO,ACCEPT_MODE,REPLY_FLAG,URBAN_RURAL_FLAG,GROUP_NO,REQ_ID
    from S_95598_WKST where HANDLE_STATUS_CODE != '08' and to_char(HANDLE_TIME,'yyyy-MM-dd') = #{today}
    and org_no like '15421%'
  </select>
<!--  HANDLE_TIME like '%'||#{today,jdbcType=VARCHAR}||'%'
in
    <foreach item="item" collection="lists" separator="," open="(" close=")" index="">
      #{item}
    </foreach>
-->
  <select id="selectAppNo" resultType="java.lang.Integer">
    select count(*) from superior_work_order where app_no=#{appNo}
  </select>
<!--  APP_NO,SG_APP_NO,ORG_NO,COUNTY_CODE,BUSI_TYPE_CODE,BUSI_SUB_TYPE,HANDLE_TIME,HANDLE_STATUS_CODE,ACCEPT_CONTENT,SEND_DATE
                       供电单位，区县码，   受理业务类型   业务子类型     受理时间    受理状态            受理内容描述    发送时间
                            org_no='15421' or org_no='1542121' or org_no='1542122' or org_no='154212101' or org_no='154212102' or
        org_no='154212103' or org_no='1542104' or org_no='1542105' or org_no='154212201' or org_no='154212206' or org_no='154212201'
        or org_no='154212202' or org_no='154212203' or org_no='154212204' or org_no='154212205' or-->

  <insert id="insertS95598Wkst" parameterType="org.dfzt.entity.po.S95598Wkst">
    insert into s_95598_wkst
    <trim prefix="(" suffix=")" suffixOverrides=",">
      <if test="id != null"> id, </if>
      <if test="appNo != null"> app_no, </if>
      <if test="reqId != null"> req_id, </if>
      <if test="groupNo != null"> group_no, </if>
      <if test="busiTypeCode != null"> busi_type_code, </if>
      <if test="busiSubType != null"> busi_sub_type, </if>
      <if test="countyCode != null"> county_code, </if>
      <if test="urbanRuralFlag != null"> urban_rural_flag, </if>
      <if test="orgNo != null"> org_no, </if>
      <if test="empNo != null"> emp_no, </if>
      <if test="handleTime != null"> handle_time, </if>
      <if test="acceptMode != null"> accept_mode, </if>
      <if test="acceptContent != null"> accept_content, </if>
      <if test="handleOpinion != null"> handle_opinion, </if>
      <if test="replyFlag != null"> reply_flag, </if>
      <if test="replyDate != null"> reply_date, </if>
      <if test="replyMode != null"> reply_mode, </if>
      <if test="consOpinion != null"> cons_opinion, </if>
      <if test="replyTel != null"> reply_tel, </if>
      <if test="sendDate != null"> send_date, </if>
      <if test="attach != null"> attach, </if>
      <if test="idenMode != null"> iden_mode, </if>
      <if test="certTypeCode != null"> cert_type_code, </if>
      <if test="certNo != null"> cert_no, </if>
      <if test="arcMode != null"> arc_mode, </if>
      <if test="integrityFlag != null"> integrity_flag, </if>
      <if test="accuracyFlag != null"> accuracy_flag, </if>
      <if test="arcOpinion != null"> arc_opinion, </if>
      <if test="timeLen != null"> time_len, </if>
      <if test="arcEmpName != null"> arc_emp_name, </if>
      <if test="arcDate != null"> arc_date, </if>
      <if test="handleStatusCode != null"> handle_status_code, </if>
      <if test="replySuccFlag != null"> reply_succ_flag, </if>
      <if test="retvisitFailReason != null"> retvisit_fail_reason, </if>
      <if test="replyFailTimes != null"> reply_fail_times, </if>
      <if test="dispatchLen != null"> dispatch_len, </if>
      <if test="transferLen != null"> transfer_len, </if>
      <if test="sgAppNo != null"> sg_app_no, </if>
    </trim>
    <trim prefix="values (" suffix=")" suffixOverrides=",">
      <if test="id != null"> #{id,jdbcType=INTEGER}, </if>
      <if test="appNo != null"> #{appNo,jdbcType=VARCHAR}, </if>
      <if test="reqId != null"> #{reqId,jdbcType=DECIMAL}, </if>
      <if test="groupNo != null"> #{groupNo,jdbcType=VARCHAR}, </if>
      <if test="busiTypeCode != null"> #{busiTypeCode,jdbcType=VARCHAR}, </if>
      <if test="busiSubType != null"> #{busiSubType,jdbcType=VARCHAR}, </if>
      <if test="countyCode != null"> #{countyCode,jdbcType=VARCHAR}, </if>
      <if test="urbanRuralFlag != null"> #{urbanRuralFlag,jdbcType=VARCHAR}, </if>
      <if test="orgNo != null"> #{orgNo,jdbcType=VARCHAR}, </if>
      <if test="empNo != null"> #{empNo,jdbcType=VARCHAR}, </if>
      <if test="handleTime != null"> #{handleTime,jdbcType=TIMESTAMP}, </if>
      <if test="acceptMode != null"> #{acceptMode,jdbcType=VARCHAR}, </if>
      <if test="acceptContent != null"> #{acceptContent,jdbcType=VARCHAR}, </if>
      <if test="handleOpinion != null"> #{handleOpinion,jdbcType=VARCHAR}, </if>
      <if test="replyFlag != null"> #{replyFlag,jdbcType=VARCHAR}, </if>
      <if test="replyDate != null"> #{replyDate,jdbcType=TIMESTAMP}, </if>
      <if test="replyMode != null"> #{replyMode,jdbcType=VARCHAR}, </if>
      <if test="consOpinion != null"> #{consOpinion,jdbcType=VARCHAR}, </if>
      <if test="replyTel != null"> #{replyTel,jdbcType=VARCHAR}, </if>
      <if test="sendDate != null"> #{sendDate,jdbcType=TIMESTAMP}, </if>
      <if test="attach != null"> #{attach,jdbcType=VARCHAR}, </if>
      <if test="idenMode != null"> #{idenMode,jdbcType=VARCHAR}, </if>
      <if test="certTypeCode != null"> #{certTypeCode,jdbcType=VARCHAR}, </if>
      <if test="certNo != null"> #{certNo,jdbcType=VARCHAR}, </if>
      <if test="arcMode != null"> #{arcMode,jdbcType=VARCHAR}, </if>
      <if test="integrityFlag != null"> #{integrityFlag,jdbcType=VARCHAR}, </if>
      <if test="accuracyFlag != null"> #{accuracyFlag,jdbcType=VARCHAR}, </if>
      <if test="arcOpinion != null"> #{arcOpinion,jdbcType=VARCHAR}, </if>
      <if test="timeLen != null"> #{timeLen,jdbcType=BIGINT}, </if>
      <if test="arcEmpName != null"> #{arcEmpName,jdbcType=VARCHAR}, </if>
      <if test="arcDate != null"> #{arcDate,jdbcType=TIMESTAMP}, </if>
      <if test="handleStatusCode != null"> #{handleStatusCode,jdbcType=VARCHAR}, </if>
      <if test="replySuccFlag != null"> #{replySuccFlag,jdbcType=VARCHAR}, </if>
      <if test="retvisitFailReason != null"> #{retvisitFailReason,jdbcType=VARCHAR}, </if>
      <if test="replyFailTimes != null"> #{replyFailTimes,jdbcType=INTEGER}, </if>
      <if test="dispatchLen != null"> #{dispatchLen,jdbcType=BIGINT}, </if>
      <if test="transferLen != null"> #{transferLen,jdbcType=BIGINT}, </if>
      <if test="sgAppNo != null"> #{sgAppNo,jdbcType=VARCHAR}, </if>
    </trim>
  </insert>


  <insert id="insert95598WorkOrder" parameterType="org.dfzt.entity.po.SuperiorWorkOrder">
    insert into superior_work_order
    <trim prefix="(" suffix=")" suffixOverrides=",">
      <if test="id != null"> id, </if>
      <if test="workOrderNo != null"> work_order_no, </if>
      <if test="workOrderSource != null"> work_order_source, </if>
      <if test="appNo != null"> app_no, </if>
      <if test="busiTypeCode != null"> busi_type_code, </if>
      <if test="busiSubType != null"> busi_sub_type, </if>
      <if test="contactName != null"> contact_name, </if>
      <if test="orgName != null"> org_name, </if>
      <if test="addr != null"> addr, </if>
      <if test="mobile != null"> mobile, </if>
      <if test="dialingNumber != null"> dialing_number, </if>
      <if test="handleTime != null"> handle_time, </if>
      <if test="handleStatusCode != null"> handle_status_code, </if>
      <if test="tgManager != null"> tg_manager, </if>
      <if test="whetherOutage != null"> whether_outage, </if>
      <if test="whetherSensitivity != null"> whether_sensitivity, </if>
      <if test="acceptContent != null"> accept_content, </if>
      <if test="workOrderStatus != null"> work_order_status, </if>
      <if test="workOrderCreator != null"> work_order_creator, </if>
      <if test="workOrderCtime != null"> work_order_ctime, </if>
      <if test="workOrderCtime1 != null"> work_order_ctime1, </if>
      <if test="workOrderUtime != null"> work_order_utime, </if>
      <if test="workOrderStime != null"> work_order_stime, </if>
      <if test="workOrderResult != null"> work_order_result, </if>
      <if test="workOrderFtime != null"> work_order_ftime, </if>
      <if test="handler != null"> handler, </if>
      <if test="handlerRtime != null"> handler_rtime, </if>
      <if test="hworkOrderHandler != null"> hwork_order_handler, </if>
      <if test="hworkOrderHandlerRtime != null"> hwork_order_handler_rtime, </if>
      <if test="hworkOrderHandlerTtime != null"> hwork_order_handler_ttime, </if>
      <if test="workOrderCycle != null"> work_order_cycle, </if>
      <if test="relationId != null"> relation_id, </if>
      <if test="examineStatus != null"> examine_status, </if>
      <if test="orgNo != null"> org_no, </if>
    </trim>
    <trim prefix="values (" suffix=")" suffixOverrides=",">
      <if test="id != null"> #{id,jdbcType=INTEGER}, </if>
      <if test="workOrderNo != null"> #{workOrderNo,jdbcType=VARCHAR}, </if>
      <if test="workOrderSource != null"> #{workOrderSource,jdbcType=VARCHAR}, </if>
      <if test="appNo != null"> #{appNo,jdbcType=VARCHAR}, </if>
      <if test="busiTypeCode != null"> #{busiTypeCode,jdbcType=VARCHAR}, </if>
      <if test="busiSubType != null"> #{busiSubType,jdbcType=VARCHAR}, </if>
      <if test="contactName != null"> #{contactName,jdbcType=VARCHAR}, </if>
      <if test="orgName != null"> #{orgName,jdbcType=VARCHAR}, </if>
      <if test="addr != null"> #{addr,jdbcType=VARCHAR}, </if>
      <if test="mobile != null"> #{mobile,jdbcType=VARCHAR}, </if>
      <if test="dialingNumber != null"> #{dialingNumber,jdbcType=VARCHAR}, </if>
      <if test="handleTime != null"> #{handleTime,jdbcType=TIMESTAMP}, </if>
      <if test="handleStatusCode != null"> #{handleStatusCode,jdbcType=VARCHAR}, </if>
      <if test="tgManager != null"> #{tgManager,jdbcType=VARCHAR}, </if>
      <if test="whetherOutage != null"> #{whetherOutage,jdbcType=VARCHAR}, </if>
      <if test="whetherSensitivity != null"> #{whetherSensitivity,jdbcType=VARCHAR}, </if>
      <if test="acceptContent != null"> #{acceptContent,jdbcType=VARCHAR}, </if>
      <if test="workOrderStatus != null"> #{workOrderStatus,jdbcType=VARCHAR}, </if>
      <if test="workOrderCreator != null"> #{workOrderCreator,jdbcType=VARCHAR}, </if>
      <if test="workOrderCtime != null"> #{workOrderCtime,jdbcType=TIMESTAMP}, </if>
      <if test="workOrderCtime1 != null"> #{workOrderCtime1,jdbcType=VARCHAR}, </if>
      <if test="workOrderUtime != null"> #{workOrderUtime,jdbcType=VARCHAR}, </if>
      <if test="workOrderStime != null"> #{workOrderStime,jdbcType=TIMESTAMP}, </if>
      <if test="workOrderResult != null"> #{workOrderResult,jdbcType=VARCHAR}, </if>
      <if test="workOrderFtime != null"> #{workOrderFtime,jdbcType=TIMESTAMP}, </if>
      <if test="handler != null"> #{handler,jdbcType=VARCHAR}, </if>
      <if test="handlerRtime != null"> #{handlerRtime,jdbcType=TIMESTAMP}, </if>
      <if test="hworkOrderHandler != null"> #{hworkOrderHandler,jdbcType=VARCHAR}, </if>
      <if test="hworkOrderHandlerRtime != null"> #{hworkOrderHandlerRtime,jdbcType=TIMESTAMP}, </if>
      <if test="hworkOrderHandlerTtime != null"> #{hworkOrderHandlerTtime,jdbcType=TIMESTAMP}, </if>
      <if test="workOrderCycle != null"> #{workOrderCycle,jdbcType=VARCHAR}, </if>
      <if test="relationId != null"> #{relationId,jdbcType=VARCHAR}, </if>
      <if test="examineStatus != null"> #{examineStatus,jdbcType=VARCHAR}, </if>
      <if test="orgNo != null"> #{orgNo,jdbcType=VARCHAR}, </if>
    </trim>
  </insert>

  <select id="selectSSrvReq" resultType="org.dfzt.entity.po.SSrvReq">
    select REQ_ID,SRV_MODE,BUSI_TYPE_CODE,SRV_EMP_NO,CUST_NO,CONTACT_NAME,ORDER_ID,CALLING_NO,TEL,MOBILE,EMAIL,ADDR,REQ_DATE,ORG_NO,CUST_NAME from S_SRV_REQ where REQ_ID=#{reqId}
  </select>

  <select id="selectS95598codeList" resultType="java.lang.String">
    select app_no from superior_work_order where work_order_status !='4'
  </select>

  <select id="selectHandleCode" resultType="java.lang.String">
    select HANDLE_STATUS_CODE from S_95598_WKST where app_no=#{appNo}
  </select>

  <!--查询优质服务预警工单-->
  <select id="select95598EarlyWarning" resultType="java.lang.String">
    select  work_order_no
    from superior_work_order
    where work_order_status != '4'
    <if test="grade != null and grade != ''">
      <choose>
        <when test="grade == 1">
          and timestampdiff(hour, work_order_ctime, #{dateTime}) > '48'
        </when>
        <otherwise>
          and '48' > timestampdiff(hour, work_order_ctime, #{dateTime}) > '24'
        </otherwise>
      </choose>
    </if>
  </select>


  <update id="update95598Status">
    update superior_work_order set work_order_status='4' where app_no=#{appNo}
  </update>

  <update id="update95598Cycle">
    update superior_work_order set work_order_status=#{cycle} where work_order_no=#{workOrderNo}
  </update>
</mapper>