<?xml version="1.0" encoding="UTF-8"?>
<!DOCTYPE mapper
        PUBLIC "-//mybatis.org//DTD Mapper 3.0//EN"
        "http://mybatis.org/dtd/mybatis-3-mapper.dtd">
<mapper namespace="org.dfzt.mapper.SAppinfoMapper">

    <resultMap id="BaseResultMap" type="org.dfzt.entity.po.SAppinfo">
            <result property="zhongduanId" column="zhongduan_id" jdbcType="VARCHAR"/>
            <result property="instLocPosy" column="inst_loc_posy" jdbcType="VARCHAR"/>
            <result property="voltCode" column="volt_code" jdbcType="VARCHAR"/>
            <result property="countyCode" column="county_code" jdbcType="VARCHAR"/>
            <result property="planResumeDate" column="plan_resume_date" jdbcType="TIMESTAMP"/>
            <result property="consName" column="cons_name" jdbcType="VARCHAR"/>
            <result property="tradeCode" column="trade_code" jdbcType="VARCHAR"/>
            <result property="retvisitFlag" column="retvisit_flag" jdbcType="VARCHAR"/>
            <result property="acceptTime" column="accept_time" jdbcType="TIMESTAMP"/>
            <result property="appSubTypeCode" column="app_sub_type_code" jdbcType="VARCHAR"/>
            <result property="extendSource" column="extend_source" jdbcType="VARCHAR"/>
            <result property="instLocPosx" column="inst_loc_posx" jdbcType="VARCHAR"/>
            <result property="preAppId" column="pre_app_id" jdbcType="DECIMAL"/>
            <result property="acceptMode" column="accept_mode" jdbcType="VARCHAR"/>
            <result property="bankName" column="bank_name" jdbcType="VARCHAR"/>
            <result property="acceptDept" column="accept_dept" jdbcType="VARCHAR"/>
            <result property="tContractCap" column="t_contract_cap" jdbcType="DECIMAL"/>
            <result property="isChgPpy" column="is_chg_ppy" jdbcType="VARCHAR"/>
            <result property="instLocRemark" column="inst_loc_remark" jdbcType="VARCHAR"/>
            <result property="isInstTrans" column="is_inst_trans" jdbcType="VARCHAR"/>
            <result property="serviceType" column="service_type" jdbcType="VARCHAR"/>
            <result property="isRent" column="is_rent" jdbcType="VARCHAR"/>
            <result property="cityCode" column="city_code" jdbcType="VARCHAR"/>
            <result property="contactaddr" column="contactaddr" jdbcType="VARCHAR"/>
            <result property="consOpinion" column="cons_opinion" jdbcType="VARCHAR"/>
            <result property="noteTypeCode" column="note_type_code" jdbcType="VARCHAR"/>
            <result property="startDate" column="start_date" jdbcType="TIMESTAMP"/>
            <result property="orgnContractCap" column="orgn_contract_cap" jdbcType="DECIMAL"/>
            <result property="serviceTime" column="service_time" jdbcType="TIMESTAMP"/>
            <result property="remark" column="remark" jdbcType="VARCHAR"/>
            <result property="extendCurrentTs" column="extend_current_ts" jdbcType="VARCHAR"/>
            <result property="obtainCode" column="obtain_code" jdbcType="VARCHAR"/>
            <result property="userMarketSort" column="user_market_sort" jdbcType="VARCHAR"/>
            <result property="typeCode" column="type_code" jdbcType="VARCHAR"/>
            <result property="bankAcct" column="bank_acct" jdbcType="VARCHAR"/>
            <result property="capRunCap" column="cap_run_cap" jdbcType="DECIMAL"/>
            <result property="signName" column="sign_name" jdbcType="VARCHAR"/>
            <result property="instLocName" column="inst_loc_name" jdbcType="VARCHAR"/>
            <result property="serialNo" column="serial_no" jdbcType="VARCHAR"/>
            <result property="mrDate" column="mr_date" jdbcType="VARCHAR"/>
            <result property="appNo" column="app_no" jdbcType="VARCHAR"/>
            <result property="contactName" column="contact_name" jdbcType="VARCHAR"/>
            <result property="psOrgNo" column="ps_org_no" jdbcType="VARCHAR"/>
            <result property="consNo" column="cons_no" jdbcType="VARCHAR"/>
            <result property="serviceTimeQuantum" column="service_time_quantum" jdbcType="VARCHAR"/>
            <result property="tRunCap" column="t_run_cap" jdbcType="DECIMAL"/>
            <result property="contactMode2" column="contact_mode2" jdbcType="VARCHAR"/>
            <result property="extendOpType" column="extend_op_type" jdbcType="VARCHAR"/>
            <result property="extendOpPosition" column="extend_op_position" jdbcType="VARCHAR"/>
            <result property="bacalcMode" column="bacalc_mode" jdbcType="VARCHAR"/>
            <result property="preAppNo" column="pre_app_no" jdbcType="VARCHAR"/>
            <result property="certNo" column="cert_no" jdbcType="VARCHAR"/>
            <result property="dmdAppValue" column="dmd_app_value" jdbcType="DECIMAL"/>
            <result property="acceptEmp" column="accept_emp" jdbcType="VARCHAR"/>
            <result property="extendPos" column="extend_pos" jdbcType="INTEGER"/>
            <result property="usci" column="usci" jdbcType="VARCHAR"/>
            <result property="elecAddr" column="elec_addr" jdbcType="VARCHAR"/>
            <result property="contractCap" column="contract_cap" jdbcType="DECIMAL"/>
            <result property="appTypeCode" column="app_type_code" jdbcType="VARCHAR"/>
            <result property="stopDate" column="stop_date" jdbcType="TIMESTAMP"/>
            <result property="faultTypeDesc" column="fault_type_desc" jdbcType="VARCHAR"/>
            <result property="contactMode" column="contact_mode" jdbcType="VARCHAR"/>
            <result property="isRnrg" column="is_rnrg" jdbcType="VARCHAR"/>
            <result property="fileId" column="file_id" jdbcType="VARCHAR"/>
            <result property="lodeAttrCode" column="lode_attr_code" jdbcType="VARCHAR"/>
            <result property="delFlag" column="del_flag" jdbcType="INTEGER"/>
            <result property="isChgTrans" column="is_chg_trans" jdbcType="VARCHAR"/>
            <result property="userAccountId" column="user_account_id" jdbcType="VARCHAR"/>
            <result property="orgnRunCap" column="orgn_run_cap" jdbcType="DECIMAL"/>
            <result property="certTypeCode" column="cert_type_code" jdbcType="VARCHAR"/>
            <result property="tsFlag" column="ts_flag" jdbcType="VARCHAR"/>
            <result property="changeBacalcModeFlag" column="change_bacalc_mode_flag" jdbcType="VARCHAR"/>
            <result property="elecTypeCode" column="elec_type_code" jdbcType="VARCHAR"/>
            <result property="extendOpTs" column="extend_op_ts" jdbcType="VARCHAR"/>
            <result property="cap" column="cap" jdbcType="DECIMAL"/>
    </resultMap>

    <sql id="Base_Column_List">
        zhongduan_id,inst_loc_posy,volt_code,
        county_code,plan_resume_date,cons_name,
        trade_code,retvisit_flag,accept_time,
        app_sub_type_code,extend_source,inst_loc_posx,
        pre_app_id,accept_mode,bank_name,
        accept_dept,t_contract_cap,is_chg_ppy,
        inst_loc_remark,is_inst_trans,service_type,
        is_rent,city_code,contactaddr,
        cons_opinion,note_type_code,start_date,
        orgn_contract_cap,service_time,remark,
        extend_current_ts,obtain_code,user_market_sort,
        type_code,bank_acct,cap_run_cap,
        sign_name,inst_loc_name,serial_no,
        mr_date,app_no,contact_name,
        ps_org_no,cons_no,service_time_quantum,
        t_run_cap,contact_mode2,extend_op_type,
        extend_op_position,bacalc_mode,pre_app_no,
        cert_no,dmd_app_value,accept_emp,
        extend_pos,usci,elec_addr,
        contract_cap,app_type_code,stop_date,
        fault_type_desc,contact_mode,is_rnrg,
        file_id,lode_attr_code,del_flag,
        is_chg_trans,user_account_id,orgn_run_cap,
        cert_type_code,ts_flag,change_bacalc_mode_flag,
        elec_type_code,extend_op_ts,cap
    </sql>
</mapper>
