<?xml version="1.0" encoding="UTF-8"?>
<!DOCTYPE mapper
        PUBLIC "-//mybatis.org//DTD Mapper 3.0//EN"
        "http://mybatis.org/dtd/mybatis-3-mapper.dtd">
<mapper namespace="org.dfzt.mapper.SAppMapper">

    <resultMap id="BaseResultMap" type="org.dfzt.entity.po.SApp">
            <result property="prFlag" column="pr_flag" jdbcType="VARCHAR"/>
            <result property="settleMode" column="settle_mode" jdbcType="VARCHAR"/>
            <result property="securityCap" column="security_cap" jdbcType="DECIMAL"/>
            <result property="cancelDate" column="cancel_date" jdbcType="TIMESTAMP"/>
            <result property="delFlag" column="del_flag" jdbcType="INTEGER"/>
            <result property="relaAppCode" column="rela_app_code" jdbcType="VARCHAR"/>
            <result property="extendCurrentTs" column="extend_current_ts" jdbcType="VARCHAR"/>
            <result property="voltCode" column="volt_code" jdbcType="VARCHAR"/>
            <result property="stUpq" column="st_upq" jdbcType="DECIMAL"/>
            <result property="openCapFlag" column="open_cap_flag" jdbcType="VARCHAR"/>
            <result property="isThreezero" column="is_threezero" jdbcType="VARCHAR"/>
            <result property="extendOpPosition" column="extend_op_position" jdbcType="VARCHAR"/>
            <result property="mrdFactorCode" column="mrd_factor_code" jdbcType="VARCHAR"/>
            <result property="consName" column="cons_name" jdbcType="VARCHAR"/>
            <result property="capCase" column="cap_case" jdbcType="VARCHAR"/>
            <result property="reason" column="reason" jdbcType="VARCHAR"/>
            <result property="rtFlag" column="rt_flag" jdbcType="VARCHAR"/>
            <result property="replyFlag" column="reply_flag" jdbcType="VARCHAR"/>
            <result property="endDate" column="end_date" jdbcType="TIMESTAMP"/>
            <result property="custId" column="cust_id" jdbcType="DECIMAL"/>
            <result property="staFlag" column="sta_flag" jdbcType="VARCHAR"/>
            <result property="riskUserFlag" column="risk_user_flag" jdbcType="VARCHAR"/>
            <result property="extendPos" column="extend_pos" jdbcType="INTEGER"/>
            <result property="tmpUseAppNo" column="tmp_use_app_no" jdbcType="VARCHAR"/>
            <result property="refuseReason" column="refuse_reason" jdbcType="VARCHAR"/>
            <result property="mrSectNo" column="mr_sect_no" jdbcType="VARCHAR"/>
            <result property="consSortCode" column="cons_sort_code" jdbcType="VARCHAR"/>
            <result property="noteTypeCode" column="note_type_code" jdbcType="VARCHAR"/>
            <result property="importantPrjFlag" column="important_prj_flag" jdbcType="VARCHAR"/>
            <result property="dueDate" column="due_date" jdbcType="TIMESTAMP"/>
            <result property="appContractCap" column="app_contract_cap" jdbcType="DECIMAL"/>
            <result property="shiftInCap" column="shift_in_cap" jdbcType="DECIMAL"/>
            <result property="appMode" column="app_mode" jdbcType="VARCHAR"/>
            <result property="appNo" column="app_no" jdbcType="VARCHAR"/>
            <result property="contractCap" column="contract_cap" jdbcType="DECIMAL"/>
            <result property="shiftNo" column="shift_no" jdbcType="VARCHAR"/>
            <result property="runCap" column="run_cap" jdbcType="DECIMAL"/>
            <result property="shiftOutCap" column="shift_out_cap" jdbcType="DECIMAL"/>
            <result property="orgNo" column="org_no" jdbcType="VARCHAR"/>
            <result property="marchCase" column="march_case" jdbcType="VARCHAR"/>
            <result property="bgnDate" column="bgn_date" jdbcType="TIMESTAMP"/>
            <result property="psDate" column="ps_date" jdbcType="TIMESTAMP"/>
            <result property="orgnRunCap" column="orgn_run_cap" jdbcType="DECIMAL"/>
            <result property="vatId" column="vat_id" jdbcType="DECIMAL"/>
            <result property="powerUsage" column="power_usage" jdbcType="VARCHAR"/>
            <result property="strAppNo" column="str_app_no" jdbcType="VARCHAR"/>
            <result property="tmpPayRelaNo" column="tmp_pay_rela_no" jdbcType="VARCHAR"/>
            <result property="specReadFlag" column="spec_read_flag" jdbcType="VARCHAR"/>
            <result property="handleFlag" column="handle_flag" jdbcType="VARCHAR"/>
            <result property="custQueryNo" column="cust_query_no" jdbcType="VARCHAR"/>
            <result property="appRunCap" column="app_run_cap" jdbcType="DECIMAL"/>
            <result property="content" column="content" jdbcType="VARCHAR"/>
            <result property="hecIndustryCode" column="hec_industry_code" jdbcType="VARCHAR"/>
            <result property="buildDate" column="build_date" jdbcType="TIMESTAMP"/>
            <result property="loadTrait" column="load_trait" jdbcType="VARCHAR"/>
            <result property="specialDemand" column="special_demand" jdbcType="VARCHAR"/>
            <result property="consNo" column="cons_no" jdbcType="VARCHAR"/>
            <result property="chargeNum" column="charge_num" jdbcType="DECIMAL"/>
            <result property="loadFeatureCode" column="load_feature_code" jdbcType="VARCHAR"/>
            <result property="remindSectNo" column="remind_sect_no" jdbcType="VARCHAR"/>
            <result property="riskCategory" column="risk_category" jdbcType="VARCHAR"/>
            <result property="sendFlag" column="send_flag" jdbcType="VARCHAR"/>
            <result property="elecAddr" column="elec_addr" jdbcType="VARCHAR"/>
            <result property="consInverst" column="cons_inverst" jdbcType="VARCHAR"/>
            <result property="prjNo" column="prj_no" jdbcType="VARCHAR"/>
            <result property="measMode" column="meas_mode" jdbcType="VARCHAR"/>
            <result property="appTypeCode" column="app_type_code" jdbcType="VARCHAR"/>
            <result property="smallBusinessFlag" column="small_business_flag" jdbcType="VARCHAR"/>
            <result property="appHandleTime" column="app_handle_time" jdbcType="TIMESTAMP"/>
            <result property="orgnContractCap" column="orgn_contract_cap" jdbcType="DECIMAL"/>
            <result property="extendOpType" column="extend_op_type" jdbcType="VARCHAR"/>
            <result property="transferCode" column="transfer_code" jdbcType="VARCHAR"/>
            <result property="rtDate" column="rt_date" jdbcType="TIMESTAMP"/>
            <result property="isCrossProvince" column="is_cross_province" jdbcType="VARCHAR"/>
            <result property="prjArea" column="prj_area" jdbcType="VARCHAR"/>
            <result property="psOrgNo" column="ps_org_no" jdbcType="VARCHAR"/>
            <result property="longtermCap" column="longterm_cap" jdbcType="DECIMAL"/>
            <result property="busiTip" column="busi_tip" jdbcType="VARCHAR"/>
            <result property="areaMark" column="area_mark" jdbcType="VARCHAR"/>
            <result property="dmdDate" column="dmd_date" jdbcType="TIMESTAMP"/>
            <result property="prjSource" column="prj_source" jdbcType="VARCHAR"/>
            <result property="tmpDate" column="tmp_date" jdbcType="TIMESTAMP"/>
            <result property="appId" column="app_id" jdbcType="DECIMAL"/>
            <result property="planTime" column="plan_time" jdbcType="TIMESTAMP"/>
            <result property="orgnConsNo" column="orgn_cons_no" jdbcType="VARCHAR"/>
            <result property="tmpFlag" column="tmp_flag" jdbcType="VARCHAR"/>
            <result property="relaAreaId" column="rela_area_id" jdbcType="DECIMAL"/>
            <result property="areaFlag" column="area_flag" jdbcType="VARCHAR"/>
            <result property="handleDeptNo" column="handle_dept_no" jdbcType="VARCHAR"/>
            <result property="mainAppId" column="main_app_id" jdbcType="DECIMAL"/>
            <result property="contactRemark" column="contact_remark" jdbcType="VARCHAR"/>
            <result property="handleTime" column="handle_time" jdbcType="TIMESTAMP"/>
            <result property="lodeAttrCode" column="lode_attr_code" jdbcType="VARCHAR"/>
            <result property="urbanRuralFlag" column="urban_rural_flag" jdbcType="VARCHAR"/>
            <result property="tradeCode" column="trade_code" jdbcType="VARCHAR"/>
            <result property="holiday" column="holiday" jdbcType="VARCHAR"/>
            <result property="riskType" column="risk_type" jdbcType="VARCHAR"/>
            <result property="remark" column="remark" jdbcType="VARCHAR"/>
            <result property="notifyMode" column="notify_mode" jdbcType="VARCHAR"/>
            <result property="tContractCap" column="t_contract_cap" jdbcType="DECIMAL"/>
            <result property="marketPropSort" column="market_prop_sort" jdbcType="VARCHAR"/>
            <result property="statusCode" column="status_code" jdbcType="VARCHAR"/>
            <result property="operateStatus" column="operate_status" jdbcType="VARCHAR"/>
            <result property="tRunCap" column="t_run_cap" jdbcType="DECIMAL"/>
            <result property="elecTypeCode" column="elec_type_code" jdbcType="VARCHAR"/>
            <result property="customerManager" column="customer_manager" jdbcType="VARCHAR"/>
            <result property="permenantReduceFlag" column="permenant_reduce_flag" jdbcType="VARCHAR"/>
            <result property="prioCode" column="prio_code" jdbcType="VARCHAR"/>
            <result property="extendSource" column="extend_source" jdbcType="VARCHAR"/>
            <result property="extendOpTs" column="extend_op_ts" jdbcType="VARCHAR"/>
            <result property="consId" column="cons_id" jdbcType="DECIMAL"/>
    </resultMap>

    <sql id="Base_Column_List">
        pr_flag,settle_mode,security_cap,
        cancel_date,del_flag,rela_app_code,
        extend_current_ts,volt_code,st_upq,
        open_cap_flag,is_threezero,extend_op_position,
        mrd_factor_code,cons_name,cap_case,
        reason,rt_flag,reply_flag,
        end_date,cust_id,sta_flag,
        risk_user_flag,extend_pos,tmp_use_app_no,
        refuse_reason,mr_sect_no,cons_sort_code,
        note_type_code,important_prj_flag,due_date,
        app_contract_cap,shift_in_cap,app_mode,
        app_no,contract_cap,shift_no,
        run_cap,shift_out_cap,org_no,
        march_case,bgn_date,ps_date,
        orgn_run_cap,vat_id,power_usage,
        str_app_no,tmp_pay_rela_no,spec_read_flag,
        handle_flag,cust_query_no,app_run_cap,
        content,hec_industry_code,build_date,
        load_trait,special_demand,cons_no,
        charge_num,load_feature_code,remind_sect_no,
        risk_category,send_flag,elec_addr,
        cons_inverst,prj_no,meas_mode,
        app_type_code,small_business_flag,app_handle_time,
        orgn_contract_cap,extend_op_type,transfer_code,
        rt_date,is_cross_province,prj_area,
        ps_org_no,longterm_cap,busi_tip,
        area_mark,dmd_date,prj_source,
        tmp_date,app_id,plan_time,
        orgn_cons_no,tmp_flag,rela_area_id,
        area_flag,handle_dept_no,main_app_id,
        contact_remark,handle_time,lode_attr_code,
        urban_rural_flag,trade_code,holiday,
        risk_type,remark,notify_mode,
        t_contract_cap,market_prop_sort,status_code,
        operate_status,t_run_cap,elec_type_code,
        customer_manager,permenant_reduce_flag,prio_code,
        extend_source,extend_op_ts,cons_id
    </sql>
</mapper>
