<?xml version="1.0" encoding="UTF-8"?>
<!DOCTYPE mapper PUBLIC "-//mybatis.org//DTD Mapper 3.0//EN" "http://mybatis.org/dtd/mybatis-3-mapper.dtd">
<mapper namespace="org.dfzt.mapper.SItSchemeMapper">

    <resultMap type="org.dfzt.entity.po.SItScheme" id="SItSchemeMap">
        <result property="id" column="id" jdbcType="VARCHAR"/>
        <result property="sortCode" column="sort_code" jdbcType="VARCHAR"/>
        <result property="ctRatio" column="ct_ratio" jdbcType="VARCHAR"/>
        <result property="currentRatioCode" column="current_ratio_code" jdbcType="VARCHAR"/>
        <result property="changeRatio" column="change_ratio" jdbcType="VARCHAR"/>
        <result property="taAccuracyCode" column="ta_accuracy_code" jdbcType="VARCHAR"/>
        <result property="manufacturer" column="manufacturer" jdbcType="VARCHAR"/>
        <result property="mpNo" column="mp_no" jdbcType="VARCHAR"/>
    </resultMap>

    <!-- 批量插入 -->
    <insert id="insertBatch" keyProperty="id" useGeneratedKeys="true">
        insert into dfzt_boot.s_it_scheme(sort_code, ct_ratio, current_ratio_code, change_ratio, ta_accuracy_code,
        manufacturer, mp_no)
        values
        <foreach collection="entities" item="entity" separator=",">
            (#{entity.sortCode}, #{entity.ctRatio}, #{entity.currentRatioCode}, #{entity.changeRatio},
            #{entity.taAccuracyCode}, #{entity.manufacturer}, #{entity.mpNo})
        </foreach>
    </insert>
    <!-- 批量插入或按主键更新 -->
    <insert id="insertOrUpdateBatch" keyProperty="id" useGeneratedKeys="true">
        insert into dfzt_boot.s_it_scheme(sort_code, ct_ratio, current_ratio_code, change_ratio, ta_accuracy_code,
        manufacturer, mp_no)
        values
        <foreach collection="entities" item="entity" separator=",">
            (#{entity.sortCode}, #{entity.ctRatio}, #{entity.currentRatioCode}, #{entity.changeRatio},
            #{entity.taAccuracyCode}, #{entity.manufacturer}, #{entity.mpNo})
        </foreach>
        on duplicate key update
        sort_code = values(sort_code) , ct_ratio = values(ct_ratio) , current_ratio_code = values(current_ratio_code) ,
        change_ratio = values(change_ratio) , ta_accuracy_code = values(ta_accuracy_code) , manufacturer =
        values(manufacturer) , mp_no = values(mp_no)
    </insert>

</mapper>

