<?xml version="1.0" encoding="UTF-8"?>
<!DOCTYPE mapper PUBLIC "-//mybatis.org//DTD Mapper 3.0//EN" "http://mybatis.org/dtd/mybatis-3-mapper.dtd">
<mapper namespace="org.dfzt.mapper.SPowerViolateStealMapper">
  <resultMap id="BaseResultMap" type="org.dfzt.entity.po.SPowerViolateSteal">
    <!--@mbg.generated-->
    <!--@Table s_power_violate_steal-->
    <id column="violate_no" jdbcType="DECIMAL" property="violateNo" />
    <result column="attr_code" jdbcType="VARCHAR" property="attrCode" />
    <result column="s_s_id" jdbcType="DECIMAL" property="sSId" />
    <result column="alarm_desc" jdbcType="VARCHAR" property="alarmDesc" />
    <result column="extend_field_8" jdbcType="VARCHAR" property="extendField8" />
    <result column="extend_field_valid_flag" jdbcType="VARCHAR" property="extendFieldValidFlag" />
    <result column="add_pq" jdbcType="DECIMAL" property="addPq" />
    <result column="extend_field_6" jdbcType="VARCHAR" property="extendField6" />
    <result column="type_code" jdbcType="VARCHAR" property="typeCode" />
    <result column="extend_field_org_code" jdbcType="VARCHAR" property="extendFieldOrgCode" />
    <result column="occur_time" jdbcType="VARCHAR" property="occurTime" />
    <result column="extend_field_2" jdbcType="VARCHAR" property="extendField2" />
    <result column="extend_field_1" jdbcType="VARCHAR" property="extendField1" />
    <result column="extend_field_4" jdbcType="VARCHAR" property="extendField4" />
    <result column="s_p_id" jdbcType="DECIMAL" property="sPId" />
    <result column="evidence_content" jdbcType="VARCHAR" property="evidenceContent" />
    <result column="extend_field_src_system" jdbcType="VARCHAR" property="extendFieldSrcSystem" />
    <result column="extend_field_7" jdbcType="VARCHAR" property="extendField7" />
    <result column="id" jdbcType="DECIMAL" property="id" />
    <result column="ds" jdbcType="VARCHAR" property="ds" />
    <result column="extend_field_9" jdbcType="TIMESTAMP" property="extendField9" />
    <result column="extend_field_update_flag" jdbcType="VARCHAR" property="extendFieldUpdateFlag" />
    <result column="case_flag" jdbcType="VARCHAR" property="caseFlag" />
    <result column="extend_field_update_time" jdbcType="TIMESTAMP" property="extendFieldUpdateTime" />
    <result column="extend_field_time_stamp" jdbcType="TIMESTAMP" property="extendFieldTimeStamp" />
    <result column="extend_field_5" jdbcType="TIMESTAMP" property="extendField5" />
    <result column="poweroff_flag" jdbcType="VARCHAR" property="poweroffFlag" />
    <result column="amt" jdbcType="DECIMAL" property="amt" />
    <result column="extend_field_10" jdbcType="TIMESTAMP" property="extendField10" />
    <result column="extend_field_3" jdbcType="TIMESTAMP" property="extendField3" />
    <result column="add_amt" jdbcType="DECIMAL" property="addAmt" />
    <result column="id2" jdbcType="TIMESTAMP" property="id2" />
  </resultMap>
  <sql id="Base_Column_List">
    <!--@mbg.generated-->
    violate_no, attr_code, s_s_id, alarm_desc, extend_field_8, extend_field_valid_flag, 
    add_pq, extend_field_6, type_code, extend_field_org_code, occur_time, extend_field_2, 
    extend_field_1, extend_field_4, s_p_id, evidence_content, extend_field_src_system, 
    extend_field_7, id, ds, extend_field_9, extend_field_update_flag, case_flag, extend_field_update_time, 
    extend_field_time_stamp, extend_field_5, poweroff_flag, amt, extend_field_10, extend_field_3, 
    add_amt, id2
  </sql>
</mapper>