<?xml version="1.0" encoding="UTF-8"?>
<!DOCTYPE mapper PUBLIC "-//mybatis.org//DTD Mapper 3.0//EN" "http://mybatis.org/dtd/mybatis-3-mapper.dtd">
<mapper namespace="org.dfzt.mapper.SuperiorSensitivityMapper">

    <resultMap type="org.dfzt.entity.vo.SuperiorSensitivity" id="SuperiorSensitivityMap">
        <result property="id" column="id" jdbcType="VARCHAR"/>
        <result property="consNo" column="cons_no" jdbcType="VARCHAR"/>
        <result property="consName" column="cons_name" jdbcType="VARCHAR"/>
        <result property="mobile" column="mobile" jdbcType="VARCHAR"/>
        <result property="elecAddr" column="elec_addr" jdbcType="VARCHAR"/>
        <result property="tgId" column="tg_id" jdbcType="VARCHAR"/>
        <result property="tgName" column="tg_name" jdbcType="VARCHAR"/>
        <result property="orgNo" column="org_no" jdbcType="VARCHAR"/>
        <result property="labelTime" column="label_time" jdbcType="TIMESTAMP"/>
        <result property="labelCause" column="label_cause" jdbcType="VARCHAR"/>
        <result property="labelName" column="label_name" jdbcType="VARCHAR"/>
        <result property="appType" column="app_type" jdbcType="VARCHAR"/>
    </resultMap>
    <sql id="Base_Column_List">
        <!--@mbg.generated-->
         id,cons_no, cons_name, mobile, elec_addr, tg_id, tg_name, org_no,
        label_time, label_cause, label_name, app_type
    </sql>


    <!-- 批量插入 -->
    <insert id="insertBatch" keyProperty="userId" useGeneratedKeys="true">
        insert into dfzt_boot.superior_sensitivity(user_name, user_phone, user_location, platform_id, platform_name,
        power_unit, label_time, label_cause, label_name, app_type)
        values
        <foreach collection="entities" item="entity" separator=",">
            (#{entity.userName}, #{entity.userPhone}, #{entity.userLocation}, #{entity.platformId},
            #{entity.platformName}, #{entity.powerUnit}, #{entity.labelTime}, #{entity.labelCause}, #{entity.labelName},
            #{entity.type})
        </foreach>
    </insert>
    <!-- 批量插入或按主键更新 -->
    <insert id="insertOrUpdateBatch" keyProperty="userId" useGeneratedKeys="true">
        insert into dfzt_boot.superior_sensitivity(user_name, user_phone, user_location, platform_id, platform_name,
        power_unit, label_time, label_cause, label_name, app_type)
        values
        <foreach collection="entities" item="entity" separator=",">
            (#{entity.userName}, #{entity.userPhone}, #{entity.userLocation}, #{entity.platformId},
            #{entity.platformName}, #{entity.powerUnit}, #{entity.labelTime}, #{entity.labelCause}, #{entity.labelName},
            #{entity.type})
        </foreach>
        on duplicate key update
        user_name = values(user_name) , user_phone = values(user_phone) , user_location = values(user_location) ,
        platform_id = values(platform_id) , platform_name = values(platform_name) , power_unit = values(power_unit) ,
        label_time = values(label_time) , label_cause = values(label_cause) , label_name = values(label_name) , app_type =
        values(app_type)
    </insert>

    <select id="selectAll" resultMap="SuperiorSensitivityMap">
        select id,cons_no, cons_name, mobile, elec_addr, tg_no,
        tg_name, org_no, label_time, label_cause, label_name
        from superior_sensitivity
        <where>
            <if test="consNo != null and consNo != ''">
                and cons_no like concat('%', #{consNo} ,'%')
            </if>
            <if test="consName != null and consName != ''">
                and cons_name like concat('%', #{consName} ,'%')
            </if>
            <if test="mobile != null and mobile != ''">
                and mobile like concat('%', #{mobile} ,'%')
            </if>
            <if test="elecAddr != null and elecAddr != ''">
                and elec_addr like concat('%', #{elecAddr} ,'%')
            </if>
            <if test="tgNo != null and tgNo != ''">
                and tg_no like concat('%', #{tgNo} ,'%')
            </if>
            <if test="tgName != null and tgName != ''">
                and tg_name like concat('%', #{tgName} ,'%')
            </if>
            <if test="orgNo != null and orgNo != ''">
                and org_no like concat('%', #{orgNo} ,'%')
            </if>
            <!--<if test="startTime != null and startTime != '' and startTime != null and startTime != ''">
                and label_time between #{startTime} and #{stopTime}
            </if>-->
            <if test="startTime != null and startTime != ''">
                and label_time <![CDATA[>=]]> #{startTime}
            </if>
            <if test="stopTime != null and stopTime != ''">
                and label_time <![CDATA[<=]]> #{stopTime}
            </if>
            <if test="labelCause != null and labelCause != ''">
                and label_cause like concat('%', #{labelCause} ,'%')
            </if>
            <if test="labelName != null and labelName != ''">
                and label_name like concat('%', #{labelName} ,'%')
            </if>
            and app_type = 1
        </where>
    </select>

    <update id="updateAll" parameterType="map">
        update superior_sensitivity
        <trim prefix="set" suffixOverrides=",">
            <if test="labelCause != null and labelCause != '' and labelCause != 'String'">
                label_time = now(),
            </if>
            <if test="labelCause != null and labelCause != '' and labelCause != 'String'">
                label_cause = #{labelCause},
            </if>
            <if test="appType != null and appType != '' and appType != 'String'">
                app_type = #{appType},
            </if>
        </trim>
        where cons_no = #{consNo}
    </update>


    <select id="selectAdd" resultType="java.lang.String">
        select elec_addr from superior_sensitivity where tg_name =#{dcounty}
    </select>

</mapper>

