<?xml version="1.0" encoding="UTF-8"?>
<!DOCTYPE mapper PUBLIC "-//mybatis.org//DTD Mapper 3.0//EN" "http://mybatis.org/dtd/mybatis-3-mapper.dtd">
<mapper namespace="org.dfzt.mapper.SuperiorFrequentoutagesMapper">

    <resultMap type="org.dfzt.entity.vo.SuperiorFrequentoutages" id="SuperiorFrequentoutagesMap">
        <result property="userId" column="user_id" jdbcType="VARCHAR"/>
        <result property="userName" column="user_name" jdbcType="VARCHAR"/>
        <result property="userPhone" column="user_phone" jdbcType="VARCHAR"/>
        <result property="userLocation" column="user_location" jdbcType="VARCHAR"/>
        <result property="platformId" column="platform_id" jdbcType="VARCHAR"/>
        <result property="platformName" column="platform_name" jdbcType="VARCHAR"/>
        <result property="powerUnit" column="power_unit" jdbcType="VARCHAR"/>
        <result property="powerCutTime" column="power_cut_time" jdbcType="TIMESTAMP"/>
        <result property="incomingTelegramTime" column="incoming_telegram_time" jdbcType="TIMESTAMP"/>
        <result property="appType" column="app_type" jdbcType="VARCHAR"/>
        <result property="description" column="description" jdbcType="VARCHAR"/>
    </resultMap>

    <!-- 批量插入 -->
    <insert id="insertBatch" keyProperty="userId" useGeneratedKeys="true">
        insert into dfzt_boot.superior_frequentoutages(user_name, user_phone, user_location, platform_id, platform_name,
        power_unit, power_cut_time, incoming_telegram_time, app_type, description)
        values
        <foreach collection="entities" item="entity" separator=",">
            (#{entity.userName}, #{entity.userPhone}, #{entity.userLocation}, #{entity.platformId},
            #{entity.platformName}, #{entity.powerUnit}, #{entity.powerCutTime}, #{entity.incomingTelegramTime},
            #{entity.appType}, #{entity.description})
        </foreach>
    </insert>
    <!-- 批量插入或按主键更新 -->
    <insert id="insertOrUpdateBatch" keyProperty="userId" useGeneratedKeys="true">
        insert into dfzt_boot.superior_frequentoutages(user_name, user_phone, user_location, platform_id, platform_name,
        power_unit, power_cut_time, incoming_telegram_time, app_type, description)
        values
        <foreach collection="entities" item="entity" separator=",">
            (#{entity.userName}, #{entity.userPhone}, #{entity.userLocation}, #{entity.platformId},
            #{entity.platformName}, #{entity.powerUnit}, #{entity.powerCutTime}, #{entity.incomingTelegramTime},
            #{entity.appType}, #{entity.description})
        </foreach>
        on duplicate key update
        user_name = values(user_name) , user_phone = values(user_phone) , user_location = values(user_location) ,
        platform_id = values(platform_id) , platform_name = values(platform_name) , power_unit = values(power_unit) ,
        power_cut_time = values(power_cut_time) , incoming_telegram_time = values(incoming_telegram_time) , app_type =
        values(app_type) , description = values(description)
    </insert>

    <update id="updateAll" parameterType="map">
        update superior_frequentoutages
        <trim prefix="set" suffixOverrides=",">
            <if test="describe != null and describe != '' and describe != 'String'">
                `describe` = #{describe},
            </if>
            <if test="appType != null and appType != '' and appType != 'String'">
                `app_type` = #{appType},
            </if>
        </trim>
        where user_id = #{userId}
    </update>
</mapper>

