<?xml version="1.0" encoding="UTF-8"?>
<!DOCTYPE mapper PUBLIC "-//mybatis.org//DTD Mapper 3.0//EN" "http://mybatis.org/dtd/mybatis-3-mapper.dtd">
<mapper namespace="org.dfzt.mapper.SuperiorWorkOrderMapper">

    <resultMap type="org.dfzt.entity.vo.SuperiorWorkOrder" id="SuperiorWorkOrderMap">
        <result property="workOrderNo" column="work_order_no" jdbcType="VARCHAR"/>
        <result property="workOrderSource" column="work_order_source" jdbcType="VARCHAR"/>
        <result property="appNo" column="app_no" jdbcType="VARCHAR"/>
        <result property="busiTypeCode" column="busi_type_code" jdbcType="VARCHAR"/>
        <result property="busiSubType" column="busi_sub_type" jdbcType="VARCHAR"/>
        <result property="contactName" column="contact_name" jdbcType="VARCHAR"/>
        <result property="addr" column="addr" jdbcType="VARCHAR"/>
        <result property="mobile" column="mobile" jdbcType="VARCHAR"/>
        <result property="dialingNumber" column="dialing_number" jdbcType="VARCHAR"/>
        <result property="handleTime" column="handle_time" jdbcType="TIMESTAMP"/>
        <result property="handleStatusCode" column="handle_status_code" jdbcType="VARCHAR"/>
        <result property="tgManager" column="tg_manager" jdbcType="VARCHAR"/>
        <result property="whetherOutage" column="whether_outage" jdbcType="VARCHAR"/>
        <result property="whetherSensitivity" column="whether_sensitivity" jdbcType="VARCHAR"/>
        <result property="acceptContent" column="accept_content" jdbcType="VARCHAR"/>
        <result property="workOrderResult" column="work_order_result" jdbcType="VARCHAR"/>
        <result property="workOrderStatus" column="work_order_status" jdbcType="VARCHAR"/>
        <result property="workOrderCycle" column="work_order_cycle" jdbcType="INTEGER"/>
        <result property="relationId" column="relation_id" jdbcType="INTEGER"/>
        <result property="examineStatus" column="examine_status" jdbcType="INTEGER"/>
        <result property="orgNo" column="org_no" jdbcType="INTEGER"/>



    </resultMap>
<!--    <resultMap type="org.dfzt.entity.po.SuperiorWorkOrder" id="SuperiorWorkOrderMap">
        <result property="workOrderNo" column="work_order_no" jdbcType="VARCHAR"/>
        <result property="workOrderSource" column="work_order_source" jdbcType="VARCHAR"/>
        <result property="appNo" column="app_no" jdbcType="VARCHAR"/>
        <result property="busiTypeCode" column="busi_type_code" jdbcType="VARCHAR"/>
        <result property="busiSubType" column="busi_sub_type" jdbcType="VARCHAR"/>
        <result property="contactName" column="contact_name" jdbcType="VARCHAR"/>
        <result property="addr" column="addr" jdbcType="VARCHAR"/>
        <result property="mobile" column="mobile" jdbcType="VARCHAR"/>
        <result property="dialingNumber" column="dialing_number" jdbcType="VARCHAR"/>
        <result property="handleTime" column="handle_time" jdbcType="TIMESTAMP"/>
        <result property="handleStatusCode" column="handle_status_code" jdbcType="VARCHAR"/>
        <result property="tgManager" column="tg_manager" jdbcType="VARCHAR"/>
        <result property="whetherOutage" column="whether_outage" jdbcType="VARCHAR"/>
        <result property="whetherSensitivity" column="whether_sensitivity" jdbcType="VARCHAR"/>
        <result property="acceptContent" column="accept_content" jdbcType="VARCHAR"/>
        <result property="workOrderStatus" column="work_order_status" jdbcType="VARCHAR"/>
        <result property="workOrderCreator" column="work_order_creator" jdbcType="VARCHAR"/>
        <result property="workOrderCtime" column="work_order_ctime" jdbcType="TIMESTAMP"/>
        <result property="workOrderStime" column="work_order_stime" jdbcType="TIMESTAMP"/>
        <result property="workOrderResult" column="work_order_result" jdbcType="VARCHAR"/>
        <result property="workOrderFtime" column="work_order_ftime" jdbcType="TIMESTAMP"/>
        <result property="handler" column="handler" jdbcType="VARCHAR"/>
        <result property="handlerRtime" column="handler_rtime" jdbcType="TIMESTAMP"/>
        <result property="workOrderCycle" column="work_order_cycle" jdbcType="INTEGER"/>
    </resultMap>-->

    <!-- 批量插入 -->
    <insert id="insertBatch" keyProperty="workOrderNo" useGeneratedKeys="true">
        insert into dfzt.superior_work_order(work_order_source, app_no, busi_type_code, busi_sub_type, contact_name,
        addr, mobile, dialing_number, handle_time, handle_status_code, tg_manager, whether_outage, whether_sensitivity,
        accept_content, work_order_status, work_order_creator, work_order_ctime, work_order_utime, work_order_stime,
        work_order_result, work_order_ftime, handler, handler_rtime, work_order_cycle,relation_id,examine_status,orgNo)
        values
        <foreach collection="entities" item="entity" separator=",">
            (#{entity.workOrderSource}, #{entity.appNo}, #{entity.busiTypeCode}, #{entity.busiSubType},
            #{entity.contactName}, #{entity.addr}, #{entity.mobile}, #{entity.dialingNumber}, #{entity.handleTime},
            #{entity.handleStatusCode}, #{entity.tgManager}, #{entity.whetherOutage}, #{entity.whetherSensitivity},
            #{entity.acceptContent}, #{entity.workOrderStatus}, #{entity.workOrderCreator}, #{entity.workorderCtime},
            #{entity.workOrderUtime}, #{entity.workOrderStime}, #{entity.workOrderResult}, #{entity.workOrderFtime},
            #{entity.handler}, #{entity.handlerRtime}, #{entity.workOrderCycle},#{entity.relationId},#{entity.examineStatus},#{orgNo})
        </foreach>
    </insert>
    <!-- 批量插入或按主键更新 -->
    <insert id="insertOrUpdateBatch" keyProperty="workOrderNo" useGeneratedKeys="true">
        insert into dfzt.superior_work_order(work_order_source, app_no, busi_type_code, busi_sub_type, contact_name,
        addr, mobile, dialing_number, handle_time, handle_status_code, tg_manager, whether_outage, whether_sensitivity,
        accept_content, work_order_status, work_order_creator, work_order_ctime, work_order_utime, work_order_stime,
        work_order_result, work_order_ftime, handler, handler_rtime, work_order_cycle,relation_id,examine_status,org_no)
        values
        <foreach collection="entities" item="entity" separator=",">
            (#{entity.workOrderSource}, #{entity.appNo}, #{entity.busiTypeCode}, #{entity.busiSubType},
            #{entity.contactName}, #{entity.addr}, #{entity.mobile}, #{entity.dialingNumber}, #{entity.handleTime},
            #{entity.handleStatusCode}, #{entity.tgManager}, #{entity.whetherOutage}, #{entity.whetherSensitivity},
            #{entity.acceptContent}, #{entity.workOrderStatus}, #{entity.workOrderCreator}, #{entity.workorderCtime},
            #{entity.workOrderUtime}, #{entity.workOrderStime}, #{entity.workOrderResult}, #{entity.workOrderFtime},
            #{entity.handler}, #{entity.handlerRtime}, #{entity.workOrderCycle},#{entity.relationId},#{entity.examineStatus},,#{orgNo})
        </foreach>
        on duplicate key update
        work_order_source = values(work_order_source) , app_no = values(app_no) , busi_type_code =
        values(busi_type_code) , busi_sub_type = values(busi_sub_type) , contact_name = values(contact_name) , addr =
        values(addr) , mobile = values(mobile) , dialing_number = values(dialing_number) , handle_time =
        values(handle_time) , handle_status_code = values(handle_status_code) , tg_manager = values(tg_manager) ,
        whether_outage = values(whether_outage) , whether_sensitivity = values(whether_sensitivity) , accept_content =
        values(accept_content) , work_order_status = values(work_order_status) , work_order_creator =
        values(work_order_creator) , work_order_ctime = values(work_order_ctime) , work_order_utime =
        values(work_order_utime) , work_order_stime = values(work_order_stime) , work_order_result =
        values(work_order_result) , work_order_ftime = values(work_order_ftime) , handler = values(handler) ,
        handler_rtime = values(handler_rtime) , work_order_cycle = values(work_order_cycle),relation_id =
        values(relation_id),examine_status = values(examine_status),power_supply_unit = values(orgNo)
    </insert>

    <!--状态扭转与频繁停电，敏感用户，工单处理结果-->
    <update id="updateSuperiorWordOrder" parameterType="map">
        update superior_work_order
        <trim prefix="set" suffixOverrides=",">
            <if test="workOrderStatus != null and workOrderStatus != ''">
                work_order_status = #{workOrderStatus},
            </if>
<!--            <if test="whetherOutage != null and whetherOutage != '' and whetherOutage != 'String'">-->
<!--                whether_outage = #{whetherOutage},-->
<!--            </if>-->
<!--            <if test="whetherSensitivity != null and whetherSensitivity != '' and whetherSensitivity != 'String'">-->
<!--                whether_sensitivity = #{whetherSensitivity},-->
<!--            </if>-->
<!--            <if test="workOrderResult != null and workOrderResult != '' and workOrderResult != 'String'">-->
<!--                work_order_result = #{workOrderResult},-->
<!--            </if>-->
        </trim>
        where work_order_no = #{workOrderNo}
    </update>

    <!--查询历史记录提交数据（工单编号查询）-->
    <select id="selectSuperiorWordOrderNo" parameterType="string" resultType="org.dfzt.entity.vo.SuperiorWorkOrder">
        select work_order_no, work_order_source, app_no, busi_type_code, busi_sub_type, contact_name,
               addr, mobile, dialing_number, handle_time, handle_status_code, tg_manager, whether_outage,
               whether_sensitivity, accept_content, work_order_result, work_order_status,  work_order_cycle,work_order_ctime
        from superior_work_order
        where work_order_no = #{workOrderNO}
    </select>

    <select id="selectSupewoExcel" parameterType="string" resultType="org.dfzt.entity.po.SuperiorWorkOrder">
        select id,work_order_no, work_order_source, app_no, busi_type_code, busi_sub_type, contact_name,
               addr, mobile, dialing_number, handle_time, handle_status_code, tg_manager, whether_outage,
               whether_sensitivity, accept_content, work_order_result, work_order_status,  work_order_cycle,work_order_ctime
        from superior_work_order
        where id in (${ids})
    </select>
<!---->
    <select id="selectCountAll" resultMap="SuperiorWorkOrderMap">
        select app_no,work_order_no,work_order_source,busi_type_code,busi_sub_type,handle_time,handle_status_code,work_order_status,
               tg_manager,dialing_number,mobile,work_order_ctime,addr,contact_name,accept_content,whether_outage,whether_sensitivity,
               work_order_cycle
        from superior_work_order
        where tg_manager = '刘月焱'
          and busi_type_code like concat('%','意见','%')
    </select>

    <update id="updateSen">
        update superior_work_order set whether_sensitivity =#{whetherSensitivity} where app_no = #{appNo}
    </update>

    <select id="selectSen" resultType="java.lang.String">
        select whether_sensitivity from superior_work_order where work_order_no = #{workOrderNo}
    </select>

    <update id="updateexamineStatus">
        update superior_work_order set examine_status =#{examineStatus} where app_no = #{appNo}
    </update>


    <select id="selectRole" resultType="java.lang.String">
        select user_role from sys_user where login_name=#{loginName}
    </select>


    <select id="selectByRid" resultType="org.dfzt.entity.vo.SuperiorSensitivity">
        select * from superior_sensitivity where cons_no=#{relationId}
    </select>

    <update id="updateLase">
        update superior_sensitivity set label_cause=#{labelCause} where cons_no=#{relationId}
    </update>

    <select id="selectByWorkO" resultType="org.dfzt.entity.vo.SuperiorWorkOrder">
        select * from superior_work_order where relation_id=#{relationId}
    </select>


    <insert id="insertSen" parameterType="org.dfzt.entity.vo.SuperiorSensitivity" >
        insert into superior_sensitivity
        <trim prefix="(" suffix=")" suffixOverrides="," >
            <if test="consNo != null" >
                cons_no,
            </if>
            <if test="consName != null" >
                cons_name,
            </if>
            <if test="mobile != null" >
                mobile,
            </if>
            <if test="elecAddr != null" >
                elec_addr,
            </if>
            <if test="tgId != null" >
                tg_id,
            </if>
            <if test="tgName != null" >
                tg_name,
            </if>
            <if test="orgNo != null" >
                org_no,
            </if>
            <if test="labelTime != null" >
                label_time,
            </if>
            <if test="labelCause != null" >
                label_cause,
            </if>
            <if test="labelName != null" >
                label_name,
            </if>
            <if test="appType != null" >
                app_type,
            </if>
        </trim>
        <trim prefix="values (" suffix=")" suffixOverrides="," >
            <if test="consNo != null" >
                #{consNo,jdbcType=VARCHAR},
            </if>
            <if test="consName != null" >
                #{consName,jdbcType=VARCHAR},
            </if>
            <if test="mobile != null" >
                #{mobile,jdbcType=VARCHAR},
            </if>
            <if test="elecAddr != null" >
                #{elecAddr,jdbcType=VARCHAR},
            </if>
            <if test="tgId != null" >
                #{tgId,jdbcType=VARCHAR},
            </if>
            <if test="tgName != null" >
                #{tgName,jdbcType=VARCHAR},
            </if>
            <if test="orgNo != null" >
                #{orgNo,jdbcType=VARCHAR},
            </if>
            <if test="labelTime != null" >
                #{labelTime,jdbcType=TIMESTAMP},
            </if>
            <if test="labelCause != null" >
                #{labelCause,jdbcType=VARCHAR},
            </if>
            <if test="labelName != null" >
                #{labelName,jdbcType=VARCHAR},
            </if>
            <if test="appType != null" >
                #{appType,jdbcType=VARCHAR},
            </if>
        </trim>
    </insert>


    <select id="selectLabelCause" resultType="java.lang.String">
        select label_cause from superior_sensitivity where cons_No=#{relationId}
    </select>

    <select id="selectSuperiorList" resultType="org.dfzt.entity.po.SuperiorWorkOrder">
        select * from superior_work_order where 1=1
        <if test="s.appNo != null" >
            and app_no like concat('%',#{s.appNo},'%')
        </if>
        <if test="s.tgId != null" >
            and tg_id like concat('%',#{s.tgId},'%')
        </if>
        <if test="s.workOrderCtime1 != null" >
            and work_order_ctime1 like concat('%',#{s.workOrderCtime1},'%')
        </if>
        <if test="orgName != null" >
            and org_name like concat('%',#{orgName},'%')
        </if>
        <if test="status != null">
            and work_order_status in (${status})
        </if>
        order by work_order_ctime desc
        limit #{pageNo},#{pageSize}
    </select>
</mapper>

