<?xml version="1.0" encoding="UTF-8" ?>
<!DOCTYPE mapper PUBLIC "-//mybatis.org//DTD Mapper 3.0//EN" "http://mybatis.org/dtd/mybatis-3-mapper.dtd" >
<mapper namespace="org.dfzt.mapper.SysUserMapper" >
  <resultMap id="BaseResultMap" type="org.dfzt.entity.vo.SysUser" >
    <id column="id" property="id" jdbcType="INTEGER" />
    <result column="login_name" property="loginName" jdbcType="VARCHAR" />
    <result column="pass_word" property="passWord" jdbcType="VARCHAR" />
    <result column="user_role" property="userRole" jdbcType="VARCHAR" />
    <result column="user_station" property="userStation" jdbcType="VARCHAR" />
    <result column="reserve_one" property="reserveOne" jdbcType="VARCHAR" />
    <result column="p_no" property="pNo" jdbcType="VARCHAR" />
    <result column="reserve_three" property="reserveThree" jdbcType="VARCHAR" />
  </resultMap>
  <sql id="Base_Column_List" >
    id, login_name, pass_word, user_role, user_station, reserve_one, p_no, reserve_three
  </sql>
  <select id="selectByKey" resultMap="BaseResultMap" parameterType="java.lang.Integer" >
    select 
    <include refid="Base_Column_List" />
    from sys_user
    where id = #{id,jdbcType=INTEGER}
  </select>
  <delete id="deleteByKey" parameterType="java.lang.Integer" >
    delete from sys_user
    where id = #{id,jdbcType=INTEGER}
  </delete>
  <insert id="insert" parameterType="org.dfzt.entity.po.SysUser" >
    insert into sys_user (id, login_name, pass_word, 
      user_role, user_station, reserve_one, 
      p_no, reserve_three)
    values (#{id,jdbcType=INTEGER}, #{loginName,jdbcType=VARCHAR}, #{passWord,jdbcType=VARCHAR}, 
      #{userRole,jdbcType=VARCHAR}, #{userStation,jdbcType=VARCHAR}, #{reserveOne,jdbcType=VARCHAR}, 
      #{pNo,jdbcType=VARCHAR}, #{reserveThree,jdbcType=VARCHAR})
  </insert>
  <insert id="insertSelective" parameterType="org.dfzt.entity.po.SysUser" >
    insert into sys_user
    <trim prefix="(" suffix=")" suffixOverrides="," >
      <if test="id != null" >
        id,
      </if>
      <if test="loginName != null" >
        login_name,
      </if>
      <if test="passWord != null" >
        pass_word,
      </if>
      <if test="userRole != null" >
        user_role,
      </if>
      <if test="userStation != null" >
        user_station,
      </if>
      <if test="reserveOne != null" >
        reserve_one,
      </if>
      <if test="pNo != null" >
        p_no,
      </if>
      <if test="reserveThree != null" >
        reserve_three,
      </if>
    </trim>
    <trim prefix="values (" suffix=")" suffixOverrides="," >
      <if test="id != null" >
        #{id,jdbcType=INTEGER},
      </if>
      <if test="loginName != null" >
        #{loginName,jdbcType=VARCHAR},
      </if>
      <if test="passWord != null" >
        #{passWord,jdbcType=VARCHAR},
      </if>
      <if test="userRole != null" >
        #{userRole,jdbcType=VARCHAR},
      </if>
      <if test="userStation != null" >
        #{userStation,jdbcType=VARCHAR},
      </if>
      <if test="reserveOne != null" >
        #{reserveOne,jdbcType=VARCHAR},
      </if>
      <if test="pNo != null" >
        #{pNo,jdbcType=VARCHAR},
      </if>
      <if test="reserveThree != null" >
        #{reserveThree,jdbcType=VARCHAR},
      </if>
    </trim>
  </insert>
  <update id="updateByKeySelective" parameterType="org.dfzt.entity.po.SysUser" >
    update sys_user
    <set >
      <if test="loginName != null" >
        login_name = #{loginName,jdbcType=VARCHAR},
      </if>
      <if test="passWord != null" >
        pass_word = #{passWord,jdbcType=VARCHAR},
      </if>
      <if test="userRole != null" >
        user_role = #{userRole,jdbcType=VARCHAR},
      </if>
      <if test="userStation != null" >
        user_station = #{userStation,jdbcType=VARCHAR},
      </if>
      <if test="reserveOne != null" >
        reserve_one = #{reserveOne,jdbcType=VARCHAR},
      </if>
      <if test="pNo != null" >
        p_no = #{pNo,jdbcType=VARCHAR},
      </if>
      <if test="reserveThree != null" >
        reserve_three = #{reserveThree,jdbcType=VARCHAR},
      </if>
    </set>
    where id = #{id,jdbcType=INTEGER}
  </update>
</mapper>