<?xml version="1.0" encoding="UTF-8"?>
<!DOCTYPE mapper PUBLIC "-//mybatis.org//DTD Mapper 3.0//EN" "http://mybatis.org/dtd/mybatis-3-mapper.dtd">
<mapper namespace="org.dfzt.mapper.ThDapiMapper">


    <select id="selectUpcoming1" resultType="java.lang.Integer">
        select sum(c) from(
            select count(id) as c from collect_work_order where work_order_status='1' and concat(`org_name`) like concat('%',#{orgName},'%')
            UNION ALL
            select count(id) as c from meter_work_order where work_order_status='1' and concat(`org_name`) like concat('%',#{orgName},'%')) AS cdata
    </select>


    <select id="selectUpWarning1" resultType="java.lang.Integer">
        select sum(c) from(
            select count(id) as c from collect_work_order where work_order_cycle !='1' and concat(`org_name`) like concat('%',#{orgName},'%')
            UNION ALL
            select count(id) as c from meter_work_order where work_order_cycle !='1' and concat(`org_name`) like concat('%',#{orgName},'%')) AS cdata
    </select>


    <select id="selectUpcoming2" resultType="java.lang.Integer">
        select count(id) from lineloss_work_order where 1=1
        <if test='workorderType !=null and "1" == workorderType'>
            and work_order_status='1'
        </if>
        <if test='workorderType !=null and "2" == workorderType'>
            and work_order_cycle !='1'
        </if>
        and org_name like concat('%',#{orgName},'%')
    </select>

    <select id="selectUpcoming3" resultType="java.lang.Integer">
        select count(work_order_no) from feecontrol_work_order where 1=1
        <if test='workorderType !=null and "1" == workorderType'>
            and work_order_status='1'
        </if>
        <if test='workorderType !=null and "2" == workorderType'>
            and work_order_cycle !='1'
        </if>
        and org_name like concat('%',#{orgName},'%')
    </select>

    <select id="selectUpcoming4" resultType="java.lang.Integer">
        select count(work_order_no) from recycle_work_order where 1=1
        <if test='workorderType !=null and "1" == workorderType'>
            and work_order_status='1'
        </if>
        <if test='workorderType !=null and "2" == workorderType'>
            and work_order_cycle !='1'
        </if>
        and org_name like concat('%',#{orgName},'%')
    </select>

    <select id="selectUpcoming5" resultType="java.lang.Integer">
        select count(work_order_no) from superior_work_order where 1=1
        <if test='workorderType !=null and "1" == workorderType'>
            and work_order_status='1'
        </if>
        <if test='workorderType !=null and "2" == workorderType'>
            and work_order_cycle !='1'
        </if>
        and org_name like concat('%',#{orgName},'%')
    </select>


    <select id="selectUpcoming6" resultType="java.lang.Integer">
        select sum(c) from(
            select count(id) as c from active_operation where work_order_status='1' and concat(`org_name`) like concat('%',#{orgName},'%')
            UNION ALL
            select count(id) as c from repairs_work_order where work_order_status='1' and concat(`org_name`) like concat('%',#{orgName},'%')) AS cdata
    </select>


    <select id="selectUpWarning6" resultType="java.lang.Integer">
        select sum(c) from(
            select count(id) as c from active_operation where concat(`org_name`) like concat('%',#{orgName},'%')
            UNION ALL
            select count(id) as c from repairs_work_order where concat(`org_name`) like concat('%',#{orgName},'%')) AS cdata
    </select>
</mapper>

