<?xml version="1.0" encoding="UTF-8"?>
<!DOCTYPE mapper PUBLIC "-//mybatis.org//DTD Mapper 3.0//EN" "http://mybatis.org/dtd/mybatis-3-mapper.dtd">
<mapper namespace="org.dfzt.mapper.UserBasInforMapper">

    <!-- 通用查询映射结果 -->
    <resultMap id="BaseResultMap" type="org.dfzt.entity.po.UserBasInfor">
        <id column="id" property="id" />
        <result column="cons_no" property="consNo" />
        <result column="cons_name" property="consName" />
        <result column="cons_addr" property="consAddr" />
        <result column="cons_sort_code" property="consSortCode" />
        <result column="trade_code" property="tradeCode" />
        <result column="volt_code" property="voltCode" />
        <result column="contract_cap" property="contractCap" />
        <result column="elec_code" property="elecCode" />
        <result column="org_name" property="orgName" />
        <result column="mr_sect_no" property="mrSectNo" />
        <result column="elec_type_code" property="elecTypeCode" />
        <result column="run_cap" property="runCap" />
        <result column="reader_name" property="readerName" />
        <result column="remind_name" property="remindName" />
        <result column="cons_no" property="consState" />
        <result column="asset_number" property="assetNumber" />
        <result column="app_type" property="appType" />
    </resultMap>
    

    <!-- 通用查询结果列 -->
    <sql id="Base_Column_List">
         id, cons_no, cons_name, cons_addr, cons_sort_code, trade_code, volt_code, contract_cap,
         elec_code, org_name, mr_sect_no, elec_type_code, run_cap, reader_name, remind_name,asset_number
         cons_no,app_type
    </sql>

    <select id="selectUserAll" resultType="org.dfzt.entity.po.UserBasInfor">
        select * from user_bas_infor where app_type='1' and concat(`cons_no`,`cons_name`,`cons_addr`,`asset_number`) like concat('%',#{one},'%')
    </select>

    <select id="selectCcon" resultType="org.dfzt.entity.po.CContact">
        select * from c_contact where cons_no=#{consNo}
    </select>

    <select id="selectElec" resultType="org.dfzt.entity.po.ElectricityPrice">
        select * from electricity_price where cons_no=#{consNo}
    </select>

    <select id="selectInfor" resultType="org.dfzt.entity.po.CInformation">
        select * from c_information where cons_no=#{consNo}
    </select>

    <select id="selectConsNo" resultType="java.lang.Integer">
        select count(*) from user_bas_infor where cons_no=#{consNo}
    </select>

    <insert id="insertUserBase" parameterType="org.dfzt.entity.po.UserBasInfor">
        insert into user_bas_infor
        <trim prefix="(" suffix=")" suffixOverrides=",">
            <if test="id != null"> id, </if>
            <if test="consNo != null"> cons_no, </if>
            <if test="consName != null"> cons_name, </if>
            <if test="consAddr != null"> cons_addr, </if>
            <if test="consState != null"> cons_state, </if>
            <if test="consSortCode != null"> cons_sort_code, </if>
            <if test="tradeCode != null"> trade_code, </if>
            <if test="voltCode != null"> volt_code, </if>
            <if test="contractCap != null"> contract_cap, </if>
            <if test="elecCode != null"> elec_code, </if>
            <if test="orgName != null"> org_name, </if>
            <if test="mrSectNo != null"> mr_sect_no, </if>
            <if test="elecTypeCode != null"> elec_type_code, </if>
            <if test="runCap != null"> run_cap, </if>
            <if test="readerName != null"> reader_name, </if>
            <if test="remindName != null"> remind_name, </if>
            <if test="assetNumber != null"> asset_number, </if>
            <if test="appType != null"> app_type, </if>
        </trim>
        <trim prefix="values (" suffix=")" suffixOverrides=",">
            <if test="id != null"> #{id,jdbcType=INTEGER}, </if>
            <if test="consNo != null"> #{consNo,jdbcType=VARCHAR}, </if>
            <if test="consName != null"> #{consName,jdbcType=VARCHAR}, </if>
            <if test="consAddr != null"> #{consAddr,jdbcType=VARCHAR}, </if>
            <if test="consState != null"> #{consState,jdbcType=VARCHAR}, </if>
            <if test="consSortCode != null"> #{consSortCode,jdbcType=VARCHAR}, </if>
            <if test="tradeCode != null"> #{tradeCode,jdbcType=VARCHAR}, </if>
            <if test="voltCode != null"> #{voltCode,jdbcType=VARCHAR}, </if>
            <if test="contractCap != null"> #{contractCap,jdbcType=DECIMAL}, </if>
            <if test="elecCode != null"> #{elecCode,jdbcType=VARCHAR}, </if>
            <if test="orgName != null"> #{orgName,jdbcType=VARCHAR}, </if>
            <if test="mrSectNo != null"> #{mrSectNo,jdbcType=VARCHAR}, </if>
            <if test="elecTypeCode != null"> #{elecTypeCode,jdbcType=VARCHAR}, </if>
            <if test="runCap != null"> #{runCap,jdbcType=DECIMAL}, </if>
            <if test="readerName != null"> #{readerName,jdbcType=VARCHAR}, </if>
            <if test="remindName != null"> #{remindName,jdbcType=VARCHAR}, </if>
            <if test="assetNumber != null"> #{assetNumber,jdbcType=VARCHAR}, </if>
            <if test="appType != null"> #{appType,jdbcType=VARCHAR}, </if>
        </trim>
    </insert>

</mapper>
