<?xml version="1.0" encoding="UTF-8" ?>
<!DOCTYPE mapper PUBLIC "-//mybatis.org//DTD Mapper 3.0//EN" "http://mybatis.org/dtd/mybatis-3-mapper.dtd" >
<mapper namespace="org.dfzt.mapper.WorkOrderSumMapper" >
  <resultMap id="BaseResultMap" type="org.dfzt.entity.po.WorkOrderSum" >
    <id column="id" property="id" jdbcType="VARCHAR" />
    <result column="data_month" property="dataMonth" jdbcType="VARCHAR" />
    <result column="tg_name" property="tgName" jdbcType="VARCHAR" />
    <result column="tg_no" property="tgNo" jdbcType="VARCHAR" />
    <result column="status_onenums" property="statusOnenums" jdbcType="INTEGER" />
    <result column="per_one" property="perOne" jdbcType="VARCHAR" />
    <result column="status_twonums" property="statusTwonums" jdbcType="INTEGER" />
    <result column="per_two" property="perTwo" jdbcType="VARCHAR" />
    <result column="status_thrnums" property="statusThrnums" jdbcType="INTEGER" />
    <result column="per_three" property="perThree" jdbcType="VARCHAR" />
    <result column="reserve" property="reserve" jdbcType="VARCHAR" />
  </resultMap>
  <sql id="Base_Column_List" >
    id, data_month, tg_name, tg_no, status_onenums, per_one, status_twonums, per_two, 
    status_thrnums, per_three, reserve
  </sql>
  <select id="selectByPrimaryKey" resultMap="BaseResultMap" parameterType="java.lang.String" >
    select 
    <include refid="Base_Column_List" />
    from work_order_sum
    where id = #{id,jdbcType=VARCHAR}
  </select>
  <delete id="deleteByPrimaryKey" parameterType="java.lang.String" >
    delete from work_order_sum
    where id = #{id,jdbcType=VARCHAR}
  </delete>

  <insert id="insertSelective" parameterType="org.dfzt.entity.po.WorkOrderSum" >
    insert into work_order_sum
    <trim prefix="(" suffix=")" suffixOverrides="," >
      <if test="id != null" >
        id,
      </if>
      <if test="dataMonth != null" >
        data_month,
      </if>
      <if test="tgName != null" >
        tg_name,
      </if>
      <if test="tgNo != null" >
        tg_no,
      </if>
      <if test="statusOnenums != null" >
        status_onenums,
      </if>
      <if test="perOne != null" >
        per_one,
      </if>
      <if test="statusTwonums != null" >
        status_twonums,
      </if>
      <if test="perTwo != null" >
        per_two,
      </if>
      <if test="statusThrnums != null" >
        status_thrnums,
      </if>
      <if test="perThree != null" >
        per_three,
      </if>
      <if test="reserve != null" >
        reserve,
      </if>
    </trim>
    <trim prefix="values (" suffix=")" suffixOverrides="," >
      <if test="id != null" >
        #{id,jdbcType=VARCHAR},
      </if>
      <if test="dataMonth != null" >
        #{dataMonth,jdbcType=VARCHAR},
      </if>
      <if test="tgName != null" >
        #{tgName,jdbcType=VARCHAR},
      </if>
      <if test="tgNo != null" >
        #{tgNo,jdbcType=VARCHAR},
      </if>
      <if test="statusOnenums != null" >
        #{statusOnenums,jdbcType=INTEGER},
      </if>
      <if test="perOne != null" >
        #{perOne,jdbcType=VARCHAR},
      </if>
      <if test="statusTwonums != null" >
        #{statusTwonums,jdbcType=INTEGER},
      </if>
      <if test="perTwo != null" >
        #{perTwo,jdbcType=VARCHAR},
      </if>
      <if test="statusThrnums != null" >
        #{statusThrnums,jdbcType=INTEGER},
      </if>
      <if test="perThree != null" >
        #{perThree,jdbcType=VARCHAR},
      </if>
      <if test="reserve != null" >
        #{reserve,jdbcType=VARCHAR},
      </if>
    </trim>
  </insert>
  <update id="updateByPrimaryKeySelective" parameterType="org.dfzt.entity.po.WorkOrderSum" >
    update work_order_sum
    <set >
      <if test="dataMonth != null" >
        data_month = #{dataMonth,jdbcType=VARCHAR},
      </if>
      <if test="tgName != null" >
        tg_name = #{tgName,jdbcType=VARCHAR},
      </if>
      <if test="tgNo != null" >
        tg_no = #{tgNo,jdbcType=VARCHAR},
      </if>
      <if test="statusOnenums != null" >
        status_onenums = #{statusOnenums,jdbcType=INTEGER},
      </if>
      <if test="perOne != null" >
        per_one = #{perOne,jdbcType=VARCHAR},
      </if>
      <if test="statusTwonums != null" >
        status_twonums = #{statusTwonums,jdbcType=INTEGER},
      </if>
      <if test="perTwo != null" >
        per_two = #{perTwo,jdbcType=VARCHAR},
      </if>
      <if test="statusThrnums != null" >
        status_thrnums = #{statusThrnums,jdbcType=INTEGER},
      </if>
      <if test="perThree != null" >
        per_three = #{perThree,jdbcType=VARCHAR},
      </if>
      <if test="reserve != null" >
        reserve = #{reserve,jdbcType=VARCHAR},
      </if>
    </set>
    where id = #{id,jdbcType=VARCHAR}
  </update>

  <select id="selectWorkSumBymon1" resultType="org.dfzt.entity.po.WorkOrderSum">
    select tg_name,status_onenums,per_one from work_order_sum where data_month=#{mon}
    order by per_one desc limit 5
  </select>
  <select id="selectWorkSumBymon2" resultType="org.dfzt.entity.po.WorkOrderSum">
    select tg_name,status_twonums,per_two from work_order_sum where data_month=#{mon}
    order by per_two desc limit 5
  </select>
  <select id="selectWorkSumBymon3" resultType="org.dfzt.entity.po.WorkOrderSum">
    select tg_name,status_thrnums,per_three from work_order_sum where data_month=#{mon}
    order by per_three desc limit 5
  </select>

  <select id="selectAllStatus1" resultType="org.dfzt.entity.dto.WorkOSumDto">
   select tg_name,work_order_ctime from collect_work_order
    union all select tg_name,work_order_ctime from lineloss_work_order
    union all select tg_name,work_order_ctime from meter_work_order
    union all select tg_name,work_order_time from recycle_work_order
    union all select tg_name,work_order_ctime from feecontrol_work_order
    union all select tg_name,meter_generation_time from run_work_order
    where work_order_status='1'
  </select>

  <select id="selectAllStatus2" resultType="org.dfzt.entity.dto.WorkOSumDto">
   select tg_name,work_order_ctime from collect_work_order
    union all select tg_name,work_order_ctime from lineloss_work_order
    union all select tg_name,work_order_ctime from meter_work_order
    union all select tg_name,work_order_time from recycle_work_order
    union all select tg_name,work_order_ctime from feecontrol_work_order
    union all select tg_name,meter_generation_time from run_work_order
    where work_order_status='1'
  </select>

  <select id="selectAllStatus3" resultType="org.dfzt.entity.dto.WorkOSumDto">
   select tg_name,work_order_ctime from collect_work_order
    union all select tg_name,work_order_ctime from lineloss_work_order
    union all select tg_name,work_order_ctime from meter_work_order
    union all select tg_name,work_order_time from recycle_work_order
    union all select tg_name,work_order_ctime from feecontrol_work_order
    union all select tg_name,meter_generation_time from run_work_order
    where work_order_status='1'
  </select>

  <select id="selectTgNameexist" resultType="org.dfzt.entity.po.WorkOrderSum">
    select * from work_order_sum where tg_name=#{tgName} and data_month=#{NowMonY}
  </select>

  <update id="updateStaonenum1">
    update work_order_sum set status_onenums=#{Staone} where tg_name=#{tgName}
  </update>
  <update id="updateStaonenum2">
    update work_order_sum set status_onenums=#{Staone} where tg_name=#{tgName}
  </update>
  <update id="updateStaonenum3">
    update work_order_sum set status_onenums=#{Staone} where tg_name=#{tgName}
  </update>

</mapper>